Order ID,Order Date,Customer ID,Product ID,Category,Sales,Quantity,Profit
CA-2016-152156,08-11-2016,CG-12520,FUR-BO-10001798,Furniture,261.96,2.00,41.91
CA-2016-152156,08-11-2016,CG-12520,FUR-CH-10000454,Furniture,731.94,3.00,219.58
CA-2016-138688,12-06-2016,DV-13045,OFF-LA-10000240,Office Supplies,14.62,2.00,6.87
US-2015-108966,11-10-2015,SO-20335,FUR-TA-10000577,Furniture,957.58,5.00,-383.03
US-2015-108966,11-10-2015,SO-20335,OFF-ST-10000760,Office Supplies,22.37,2.00,2.52
CA-2014-115812,09-06-2014,BH-11710,FUR-FU-10001487,Furniture,48.86,7.00,14.17
CA-2014-115812,09-06-2014,BH-11710,OFF-AR-10002833,Office Supplies,7.28,4.00,1.97
CA-2014-115812,09-06-2014,BH-11710,TEC-PH-10002275,Technology,907.15,6.00,90.72
CA-2014-115812,09-06-2014,BH-11710,OFF-BI-10003910,Office Supplies,18.50,3.00,5.78
CA-2014-115812,09-06-2014,BH-11710,OFF-AP-10002892,Office Supplies,114.90,5.00,34.47
CA-2014-115812,09-06-2014,BH-11710,FUR-TA-10001539,Furniture,1706.18,9.00,85.31
CA-2014-115812,09-06-2014,BH-11710,TEC-PH-10002033,Technology,911.42,4.00,68.36
CA-2017-114412,15-04-2017,AA-10480,OFF-PA-10002365,Office Supplies,15.55,3.00,5.44
CA-2016-161389,05-12-2016,IM-15070,OFF-BI-10003656,Office Supplies,407.98,3.00,132.59
US-2015-118983,22-11-2015,HP-14815,OFF-AP-10002311,Office Supplies,68.81,5.00,-123.86
US-2015-118983,22-11-2015,HP-14815,OFF-BI-10000756,Office Supplies,2.54,3.00,-3.82
CA-2014-105893,11-11-2014,PK-19075,OFF-ST-10004186,Office Supplies,665.88,6.00,13.32
CA-2014-167164,13-05-2014,AG-10270,OFF-ST-10000107,Office Supplies,55.50,2.00,9.99
CA-2014-143336,27-08-2014,ZD-21925,OFF-AR-10003056,Office Supplies,8.56,2.00,2.48
CA-2014-143336,27-08-2014,ZD-21925,TEC-PH-10001949,Technology,213.48,3.00,16.01
CA-2014-143336,27-08-2014,ZD-21925,OFF-BI-10002215,Office Supplies,22.72,4.00,7.38
CA-2016-137330,09-12-2016,KB-16585,OFF-AR-10000246,Office Supplies,19.46,7.00,5.06
CA-2016-137330,09-12-2016,KB-16585,OFF-AP-10001492,Office Supplies,60.34,7.00,15.69
US-2017-156909,16-07-2017,SF-20065,FUR-CH-10002774,Furniture,71.37,2.00,-1.02
CA-2015-106320,25-09-2015,EB-13870,FUR-TA-10000577,Furniture,1044.63,3.00,240.26
CA-2016-121755,16-01-2016,EH-13945,OFF-BI-10001634,Office Supplies,11.65,2.00,4.22
CA-2016-121755,16-01-2016,EH-13945,TEC-AC-10003027,Technology,90.57,3.00,11.77
US-2015-150630,17-09-2015,TB-21520,FUR-BO-10004834,Furniture,3083.43,7.00,-1665.05
US-2015-150630,17-09-2015,TB-21520,OFF-BI-10000474,Office Supplies,9.62,2.00,-7.05
US-2015-150630,17-09-2015,TB-21520,FUR-FU-10004848,Furniture,124.20,3.00,15.53
US-2015-150630,17-09-2015,TB-21520,OFF-EN-10001509,Office Supplies,3.26,2.00,1.10
US-2015-150630,17-09-2015,TB-21520,OFF-AR-10004042,Office Supplies,86.30,6.00,9.71
US-2015-150630,17-09-2015,TB-21520,OFF-BI-10001525,Office Supplies,6.86,6.00,-5.72
US-2015-150630,17-09-2015,TB-21520,OFF-AR-10001683,Office Supplies,15.76,2.00,3.55
CA-2017-107727,19-10-2017,MA-17560,OFF-PA-10000249,Office Supplies,29.47,3.00,9.95
CA-2016-117590,08-12-2016,GH-14485,TEC-PH-10004977,Technology,1097.54,7.00,123.47
CA-2016-117590,08-12-2016,GH-14485,FUR-FU-10003664,Furniture,190.92,5.00,-147.96
CA-2015-117415,27-12-2015,SN-20710,OFF-EN-10002986,Office Supplies,113.33,9.00,35.42
CA-2015-117415,27-12-2015,SN-20710,FUR-BO-10002545,Furniture,532.40,3.00,-46.98
CA-2015-117415,27-12-2015,SN-20710,FUR-CH-10004218,Furniture,212.06,3.00,-15.15
CA-2015-117415,27-12-2015,SN-20710,TEC-PH-10000486,Technology,371.17,4.00,41.76
CA-2017-120999,10-09-2017,LC-16930,TEC-PH-10004093,Technology,147.17,4.00,16.56
CA-2016-101343,17-07-2016,RA-19885,OFF-ST-10003479,Office Supplies,77.88,2.00,3.89
CA-2017-139619,19-09-2017,ES-14080,OFF-ST-10003282,Office Supplies,95.62,2.00,9.56
CA-2016-118255,11-03-2016,ON-18715,TEC-AC-10000171,Technology,45.98,2.00,19.77
CA-2016-118255,11-03-2016,ON-18715,OFF-BI-10003291,Office Supplies,17.46,2.00,8.21
CA-2014-146703,20-10-2014,PO-18865,OFF-ST-10001713,Office Supplies,211.96,4.00,8.48
CA-2016-169194,20-06-2016,LH-16900,TEC-AC-10002167,Technology,45.00,3.00,4.95
CA-2016-169194,20-06-2016,LH-16900,TEC-PH-10003988,Technology,21.80,2.00,6.10
CA-2015-115742,18-04-2015,DP-13000,OFF-BI-10004410,Office Supplies,38.22,6.00,17.96
CA-2015-115742,18-04-2015,DP-13000,OFF-LA-10002762,Office Supplies,75.18,6.00,35.33
CA-2015-115742,18-04-2015,DP-13000,FUR-FU-10001706,Furniture,6.16,2.00,2.96
CA-2015-115742,18-04-2015,DP-13000,FUR-CH-10003061,Furniture,89.99,1.00,17.10
CA-2016-105816,11-12-2016,JM-15265,OFF-FA-10000304,Office Supplies,15.26,7.00,6.26
CA-2016-105816,11-12-2016,JM-15265,TEC-PH-10002447,Technology,1029.95,5.00,298.69
CA-2016-111682,17-06-2016,TB-21055,OFF-ST-10000604,Office Supplies,208.56,6.00,52.14
CA-2016-111682,17-06-2016,TB-21055,OFF-PA-10001569,Office Supplies,32.40,5.00,15.55
CA-2016-111682,17-06-2016,TB-21055,FUR-CH-10003968,Furniture,319.41,5.00,7.10
CA-2016-111682,17-06-2016,TB-21055,OFF-PA-10000587,Office Supplies,14.56,2.00,6.99
CA-2016-111682,17-06-2016,TB-21055,TEC-AC-10002167,Technology,30.00,2.00,3.30
CA-2016-111682,17-06-2016,TB-21055,OFF-BI-10001460,Office Supplies,48.48,4.00,16.36
CA-2016-111682,17-06-2016,TB-21055,OFF-AR-10001868,Office Supplies,1.68,1.00,0.84
CA-2015-135545,24-11-2015,KM-16720,TEC-AC-10004633,Technology,13.98,2.00,6.15
CA-2015-135545,24-11-2015,KM-16720,OFF-BI-10001078,Office Supplies,25.82,6.00,9.36
CA-2015-135545,24-11-2015,KM-16720,OFF-PA-10003892,Office Supplies,146.73,3.00,68.96
CA-2015-135545,24-11-2015,KM-16720,FUR-FU-10000397,Furniture,79.76,4.00,22.33
US-2015-164175,30-04-2015,PS-18970,FUR-CH-10001146,Furniture,213.12,5.00,-15.22
CA-2014-106376,05-12-2014,BS-11590,OFF-AR-10002671,Office Supplies,1113.02,8.00,111.30
CA-2014-106376,05-12-2014,BS-11590,TEC-PH-10002726,Technology,167.97,4.00,62.99
CA-2016-119823,04-06-2016,KD-16270,OFF-PA-10000482,Office Supplies,75.88,2.00,35.66
CA-2016-106075,18-09-2016,HM-14980,OFF-BI-10004654,Office Supplies,4.62,1.00,1.73
CA-2017-114440,14-09-2017,TB-21520,OFF-PA-10004675,Office Supplies,19.05,3.00,8.76
US-2015-134026,26-04-2015,JE-15745,FUR-CH-10000513,Furniture,831.94,8.00,-114.39
US-2015-134026,26-04-2015,JE-15745,FUR-FU-10003708,Furniture,97.04,2.00,1.21
US-2015-134026,26-04-2015,JE-15745,OFF-ST-10004123,Office Supplies,72.78,1.00,-18.20
US-2017-118038,09-12-2017,KB-16600,OFF-BI-10004182,Office Supplies,1.25,3.00,-1.93
US-2017-118038,09-12-2017,KB-16600,FUR-FU-10000260,Furniture,9.71,3.00,-5.82
US-2017-118038,09-12-2017,KB-16600,OFF-ST-10000615,Office Supplies,27.24,3.00,2.72
US-2014-147606,26-11-2014,JE-15745,FUR-FU-10003194,Furniture,19.30,5.00,-14.48
CA-2016-127208,12-06-2016,SC-20770,OFF-AP-10002118,Office Supplies,208.16,1.00,56.20
CA-2016-127208,12-06-2016,SC-20770,OFF-BI-10002309,Office Supplies,16.74,3.00,8.04
CA-2014-139451,12-10-2014,DN-13690,OFF-AR-10002053,Office Supplies,14.90,5.00,4.17
CA-2014-139451,12-10-2014,DN-13690,OFF-ST-10002370,Office Supplies,21.39,1.00,6.20
CA-2015-149734,03-09-2015,JC-16105,OFF-EN-10000927,Office Supplies,200.98,7.00,62.81
US-2017-119662,13-11-2017,CS-12400,OFF-ST-10003656,Office Supplies,230.38,3.00,-48.95
CA-2017-140088,28-05-2017,PO-18865,FUR-CH-10000863,Furniture,301.96,2.00,33.22
CA-2017-155558,26-10-2017,PG-18895,TEC-AC-10001998,Technology,19.99,1.00,6.80
CA-2017-155558,26-10-2017,PG-18895,OFF-LA-10000134,Office Supplies,6.16,2.00,2.96
CA-2016-159695,05-04-2016,GM-14455,OFF-ST-10003442,Office Supplies,158.37,7.00,13.86
CA-2016-109806,17-09-2016,JS-15685,OFF-AR-10004930,Office Supplies,20.10,3.00,6.63
CA-2016-109806,17-09-2016,JS-15685,TEC-PH-10004093,Technology,73.58,2.00,8.28
CA-2016-109806,17-09-2016,JS-15685,OFF-PA-10000304,Office Supplies,6.48,1.00,3.11
CA-2015-149587,31-01-2015,KB-16315,OFF-PA-10003177,Office Supplies,12.96,2.00,6.22
CA-2015-149587,31-01-2015,KB-16315,FUR-FU-10003799,Furniture,53.34,3.00,16.54
CA-2015-149587,31-01-2015,KB-16315,OFF-BI-10002852,Office Supplies,32.96,2.00,16.15
US-2017-109484,06-11-2017,RB-19705,OFF-BI-10004738,Office Supplies,5.68,1.00,-3.79
CA-2017-161018,09-11-2017,PN-18775,FUR-FU-10000629,Furniture,96.53,7.00,40.54
CA-2017-157833,17-06-2017,KD-16345,OFF-BI-10001721,Office Supplies,51.31,3.00,17.96
CA-2016-149223,06-09-2016,ER-13855,OFF-AP-10000358,Office Supplies,77.88,6.00,22.59
CA-2016-158568,29-08-2016,RB-19465,OFF-PA-10003256,Office Supplies,64.62,7.00,22.62
CA-2016-158568,29-08-2016,RB-19465,TEC-AC-10001767,Technology,95.98,3.00,-10.80
CA-2016-158568,29-08-2016,RB-19465,OFF-BI-10002609,Office Supplies,1.79,3.00,-3.04
CA-2016-129903,01-12-2016,GZ-14470,OFF-PA-10004040,Office Supplies,23.92,4.00,11.72
US-2015-156867,13-11-2015,LC-16870,TEC-AC-10001552,Technology,238.90,6.00,-26.88
US-2015-156867,13-11-2015,LC-16870,FUR-FU-10004006,Furniture,102.36,3.00,-3.84
US-2015-156867,13-11-2015,LC-16870,OFF-BI-10002794,Office Supplies,36.88,3.00,-25.82
CA-2017-119004,23-11-2017,JM-15250,TEC-AC-10003499,Technology,74.11,8.00,17.60
CA-2017-119004,23-11-2017,JM-15250,TEC-PH-10002844,Technology,27.99,1.00,2.10
CA-2017-119004,23-11-2017,JM-15250,OFF-AR-10000390,Office Supplies,3.30,1.00,1.07
CA-2015-129476,15-10-2015,PA-19060,TEC-AC-10000844,Technology,339.96,5.00,67.99
CA-2017-146780,25-12-2017,CV-12805,FUR-FU-10001934,Furniture,41.96,2.00,10.91
CA-2016-128867,03-11-2016,CL-12565,OFF-AR-10000380,Office Supplies,75.96,2.00,22.79
CA-2016-128867,03-11-2016,CL-12565,OFF-BI-10003981,Office Supplies,27.24,6.00,13.35
CA-2014-115259,25-08-2014,RC-19960,OFF-FA-10000621,Office Supplies,40.10,14.00,14.53
CA-2014-115259,25-08-2014,RC-19960,OFF-EN-10002600,Office Supplies,4.72,2.00,1.65
CA-2014-115259,25-08-2014,RC-19960,OFF-PA-10004965,Office Supplies,23.98,3.00,7.49
CA-2014-115259,25-08-2014,RC-19960,OFF-EN-10002504,Office Supplies,130.46,6.00,44.03
CA-2015-110457,02-03-2015,DK-13090,FUR-TA-10001768,Furniture,787.53,3.00,165.38
US-2015-136476,05-04-2015,GG-14650,OFF-BI-10003650,Office Supplies,157.79,1.00,-115.72
CA-2016-103730,12-06-2016,SC-20725,FUR-FU-10002157,Furniture,47.04,3.00,18.35
CA-2016-103730,12-06-2016,SC-20725,OFF-BI-10003910,Office Supplies,30.84,4.00,13.88
CA-2016-103730,12-06-2016,SC-20725,OFF-ST-10000777,Office Supplies,226.56,6.00,63.44
CA-2016-103730,12-06-2016,SC-20725,OFF-EN-10002500,Office Supplies,115.02,9.00,51.76
CA-2016-103730,12-06-2016,SC-20725,TEC-PH-10003875,Technology,68.04,7.00,19.73
US-2014-152030,26-12-2014,AD-10180,FUR-CH-10004063,Furniture,600.56,3.00,-8.58
US-2014-134614,20-09-2014,PF-19165,FUR-TA-10004534,Furniture,617.70,6.00,-407.68
US-2017-107272,05-11-2017,TS-21610,OFF-BI-10003274,Office Supplies,2.39,2.00,-1.83
US-2017-107272,05-11-2017,TS-21610,OFF-ST-10002974,Office Supplies,243.99,7.00,30.50
US-2016-125969,06-11-2016,LS-16975,FUR-CH-10001146,Furniture,81.42,2.00,-9.16
US-2016-125969,06-11-2016,LS-16975,FUR-FU-10003773,Furniture,238.56,3.00,26.24
US-2017-164147,02-02-2017,DW-13585,TEC-PH-10002293,Technology,59.97,5.00,-11.99
US-2017-164147,02-02-2017,DW-13585,OFF-PA-10002377,Office Supplies,78.30,2.00,29.36
US-2017-164147,02-02-2017,DW-13585,OFF-FA-10002780,Office Supplies,21.46,9.00,6.97
CA-2016-145583,13-10-2016,LC-16885,OFF-PA-10001804,Office Supplies,20.04,3.00,9.62
CA-2016-145583,13-10-2016,LC-16885,OFF-PA-10001736,Office Supplies,35.44,1.00,16.66
CA-2016-145583,13-10-2016,LC-16885,OFF-AR-10001149,Office Supplies,11.52,4.00,3.46
CA-2016-145583,13-10-2016,LC-16885,OFF-FA-10002988,Office Supplies,4.02,2.00,1.97
CA-2016-145583,13-10-2016,LC-16885,OFF-BI-10004781,Office Supplies,76.18,3.00,26.66
CA-2016-145583,13-10-2016,LC-16885,OFF-SU-10001218,Office Supplies,65.88,6.00,18.45
CA-2016-145583,13-10-2016,LC-16885,FUR-FU-10001706,Furniture,43.12,14.00,20.70
CA-2016-110366,05-09-2016,JD-15895,FUR-FU-10004848,Furniture,82.80,2.00,10.35
CA-2017-106180,18-09-2017,SH-19975,OFF-AR-10000940,Office Supplies,8.82,3.00,2.38
CA-2017-106180,18-09-2017,SH-19975,OFF-EN-10004030,Office Supplies,10.86,3.00,5.10
CA-2017-106180,18-09-2017,SH-19975,OFF-PA-10004327,Office Supplies,143.70,3.00,68.98
CA-2017-155376,22-12-2017,SG-20080,OFF-AP-10001058,Office Supplies,839.43,3.00,218.25
CA-2015-110744,07-09-2015,HA-14920,OFF-ST-10003656,Office Supplies,671.93,7.00,20.16
CA-2014-110072,22-10-2014,MG-17680,FUR-FU-10000521,Furniture,93.89,4.00,12.91
CA-2016-114489,05-12-2016,JE-16165,TEC-PH-10000215,Technology,384.45,11.00,103.80
CA-2016-114489,05-12-2016,JE-16165,TEC-PH-10001448,Technology,149.97,3.00,6.00
CA-2016-114489,05-12-2016,JE-16165,FUR-CH-10000454,Furniture,1951.84,8.00,585.55
CA-2016-114489,05-12-2016,JE-16165,OFF-BI-10002735,Office Supplies,171.55,5.00,80.63
CA-2016-158834,13-03-2016,TW-21025,OFF-AP-10000326,Office Supplies,157.92,5.00,17.77
CA-2016-158834,13-03-2016,TW-21025,TEC-PH-10001254,Technology,203.18,2.00,15.24
CA-2015-124919,31-05-2015,SP-20650,OFF-PA-10001950,Office Supplies,58.38,7.00,26.27
CA-2015-124919,31-05-2015,SP-20650,OFF-PA-10002254,Office Supplies,105.52,4.00,48.54
CA-2015-124919,31-05-2015,SP-20650,OFF-ST-10001590,Office Supplies,80.88,6.00,21.03
CA-2015-118948,28-05-2015,NK-18490,OFF-AR-10001547,Office Supplies,6.63,3.00,1.79
CA-2014-104269,01-03-2014,DB-13060,FUR-CH-10004063,Furniture,457.57,2.00,51.48
CA-2016-114104,20-11-2016,NP-18670,OFF-LA-10002475,Office Supplies,14.62,2.00,6.87
CA-2016-114104,20-11-2016,NP-18670,TEC-PH-10004536,Technology,944.93,7.00,236.23
CA-2016-162733,11-05-2016,TT-21070,OFF-PA-10002751,Office Supplies,5.98,1.00,2.69
CA-2015-119697,28-12-2015,EM-13960,TEC-AC-10003657,Technology,54.38,2.00,1.36
CA-2016-154508,16-11-2016,RD-19900,OFF-EN-10001990,Office Supplies,28.40,5.00,13.35
CA-2016-113817,07-11-2016,MJ-17740,OFF-BI-10004002,Office Supplies,27.68,2.00,9.69
CA-2014-139892,08-09-2014,BM-11140,OFF-AR-10004441,Office Supplies,9.94,3.00,2.73
CA-2014-139892,08-09-2014,BM-11140,TEC-MA-10000822,Technology,8159.95,8.00,-1359.99
CA-2014-139892,08-09-2014,BM-11140,OFF-ST-10000991,Office Supplies,275.93,3.00,-58.63
CA-2014-139892,08-09-2014,BM-11140,FUR-CH-10004287,Furniture,1740.06,9.00,-24.86
CA-2014-139892,08-09-2014,BM-11140,OFF-AR-10002656,Office Supplies,32.06,6.00,6.81
CA-2014-139892,08-09-2014,BM-11140,OFF-AP-10002518,Office Supplies,177.98,5.00,-453.85
CA-2014-139892,08-09-2014,BM-11140,TEC-PH-10003931,Technology,143.98,3.00,9.00
CA-2014-118962,05-08-2014,CS-12130,OFF-PA-10000659,Office Supplies,20.94,3.00,9.84
CA-2014-118962,05-08-2014,CS-12130,OFF-PA-10001144,Office Supplies,110.96,2.00,53.26
CA-2014-118962,05-08-2014,CS-12130,FUR-CH-10003817,Furniture,340.14,7.00,21.26
US-2014-100853,14-09-2014,JB-15400,OFF-AP-10000891,Office Supplies,52.45,2.00,-131.12
US-2014-100853,14-09-2014,JB-15400,OFF-LA-10003148,Office Supplies,20.16,4.00,6.55
US-2017-152366,21-04-2017,SJ-20500,OFF-AP-10002684,Office Supplies,97.26,4.00,-243.16
US-2015-101511,21-11-2015,JE-15745,FUR-CH-10004698,Furniture,396.80,7.00,-11.34
US-2015-101511,21-11-2015,JE-15745,OFF-SU-10002189,Office Supplies,15.88,5.00,-3.77
CA-2015-137225,15-12-2015,JK-15640,OFF-AR-10001940,Office Supplies,3.28,1.00,1.41
CA-2014-166191,05-12-2014,DK-13150,OFF-ST-10003455,Office Supplies,24.82,2.00,1.86
CA-2014-166191,05-12-2014,DK-13150,TEC-AC-10004659,Technology,408.74,7.00,76.64
CA-2014-158274,19-11-2014,RM-19675,TEC-PH-10003273,Technology,503.96,4.00,131.03
CA-2014-158274,19-11-2014,RM-19675,TEC-PH-10004896,Technology,149.95,5.00,41.99
CA-2014-158274,19-11-2014,RM-19675,TEC-AC-10002345,Technology,29.00,2.00,7.25
CA-2016-105018,28-11-2016,SK-19990,OFF-BI-10001890,Office Supplies,7.16,2.00,3.44
CA-2014-123260,26-08-2014,FM-14290,TEC-AC-10002323,Technology,176.80,8.00,22.98
CA-2016-157000,16-07-2016,AM-10360,OFF-ST-10001328,Office Supplies,37.22,3.00,3.72
CA-2016-157000,16-07-2016,AM-10360,OFF-PA-10001950,Office Supplies,20.02,3.00,6.26
CA-2015-102281,12-10-2015,MP-17470,FUR-BO-10002613,Furniture,899.14,4.00,112.39
CA-2015-102281,12-10-2015,MP-17470,TEC-PH-10001552,Technology,71.76,6.00,20.09
CA-2015-102281,12-10-2015,MP-17470,OFF-PA-10000061,Office Supplies,51.84,8.00,24.88
CA-2015-102281,12-10-2015,MP-17470,FUR-BO-10002545,Furniture,626.35,3.00,46.98
CA-2015-102281,12-10-2015,MP-17470,OFF-AR-10003514,Office Supplies,19.90,5.00,6.57
CA-2015-131457,31-10-2015,MZ-17515,OFF-EN-10001509,Office Supplies,14.28,7.00,6.71
CA-2014-140004,21-03-2014,CB-12025,OFF-AR-10004685,Office Supplies,7.41,2.00,1.20
CA-2014-140004,21-03-2014,CB-12025,OFF-AR-10004027,Office Supplies,6.05,3.00,1.59
CA-2017-107720,06-11-2017,VM-21685,OFF-ST-10001414,Office Supplies,46.26,3.00,12.03
US-2017-124303,06-07-2017,FH-14365,OFF-BI-10000343,Office Supplies,2.95,2.00,-2.26
US-2017-124303,06-07-2017,FH-14365,OFF-PA-10002749,Office Supplies,16.06,3.00,5.82
CA-2017-105074,24-06-2017,MB-17305,OFF-PA-10002666,Office Supplies,21.74,3.00,6.80
CA-2014-133690,03-08-2014,BS-11755,FUR-TA-10004289,Furniture,218.75,2.00,-161.88
CA-2014-133690,03-08-2014,BS-11755,OFF-AP-10003622,Office Supplies,2.60,1.00,0.29
US-2017-116701,17-12-2017,LC-17140,OFF-AP-10003217,Office Supplies,66.28,2.00,-178.97
CA-2017-126382,03-06-2017,HK-14890,FUR-FU-10002960,Furniture,35.17,7.00,9.67
CA-2017-108329,09-12-2017,LE-16810,TEC-PH-10001918,Technology,444.77,4.00,44.48
CA-2017-135860,01-12-2017,JH-15985,OFF-ST-10000642,Office Supplies,83.92,4.00,5.87
CA-2017-135860,01-12-2017,JH-15985,TEC-PH-10001700,Technology,131.98,2.00,35.63
CA-2017-135860,01-12-2017,JH-15985,OFF-BI-10003274,Office Supplies,15.92,4.00,7.48
CA-2017-135860,01-12-2017,JH-15985,OFF-FA-10000134,Office Supplies,52.29,9.00,16.21
CA-2017-135860,01-12-2017,JH-15985,OFF-ST-10001522,Office Supplies,91.99,1.00,3.68
CA-2015-101007,09-02-2015,MS-17980,TEC-AC-10001266,Technology,20.80,2.00,6.50
CA-2015-146262,02-01-2015,VW-21775,OFF-LA-10004544,Office Supplies,23.68,2.00,8.88
CA-2015-146262,02-01-2015,VW-21775,FUR-BO-10004695,Furniture,452.45,5.00,-244.32
CA-2015-146262,02-01-2015,VW-21775,TEC-PH-10002844,Technology,62.98,3.00,-14.70
CA-2015-146262,02-01-2015,VW-21775,TEC-MA-10000864,Technology,1188.00,9.00,-950.40
CA-2015-146262,02-01-2015,VW-21775,TEC-AC-10000109,Technology,89.58,2.00,4.48
CA-2016-130162,28-10-2016,JH-15910,OFF-ST-10001328,Office Supplies,93.06,6.00,26.06
CA-2016-130162,28-10-2016,JH-15910,TEC-PH-10002563,Technology,302.38,3.00,22.68
CA-2015-169397,24-12-2015,JB-15925,OFF-FA-10000585,Office Supplies,5.58,2.00,1.81
CA-2015-169397,24-12-2015,JB-15925,OFF-PA-10004000,Office Supplies,22.70,6.00,8.23
CA-2015-169397,24-12-2015,JB-15925,OFF-BI-10002852,Office Supplies,19.78,4.00,-13.84
CA-2015-169397,24-12-2015,JB-15925,FUR-FU-10000087,Furniture,72.70,4.00,19.08
CA-2015-169397,24-12-2015,JB-15925,TEC-MA-10001148,Technology,479.99,4.00,-383.99
CA-2015-169397,24-12-2015,JB-15925,OFF-AR-10001958,Office Supplies,27.17,2.00,2.72
CA-2015-163055,09-08-2015,DS-13180,OFF-AR-10001026,Office Supplies,2.20,1.00,0.97
CA-2015-163055,09-08-2015,DS-13180,FUR-TA-10003748,Furniture,622.45,5.00,136.94
CA-2015-163055,09-08-2015,DS-13180,OFF-ST-10002485,Office Supplies,21.98,1.00,0.22
US-2015-145436,28-02-2015,VD-21670,FUR-CH-10004860,Furniture,161.57,2.00,-28.27
US-2015-145436,28-02-2015,VD-21670,FUR-CH-10004477,Furniture,389.70,8.00,43.84
US-2014-156216,13-09-2014,EA-14035,OFF-BI-10001679,Office Supplies,18.65,7.00,-12.43
US-2017-100930,07-04-2017,CS-12400,FUR-TA-10001705,Furniture,233.86,2.00,-102.05
US-2017-100930,07-04-2017,CS-12400,FUR-TA-10003473,Furniture,620.61,3.00,-248.25
US-2017-100930,07-04-2017,CS-12400,OFF-BI-10001679,Office Supplies,5.33,2.00,-3.55
US-2017-100930,07-04-2017,CS-12400,FUR-FU-10004017,Furniture,258.07,3.00,0.00
US-2017-100930,07-04-2017,CS-12400,TEC-AC-10003832,Technology,617.98,3.00,-7.72
CA-2017-160514,12-11-2017,DB-13120,OFF-PA-10002479,Office Supplies,10.56,2.00,4.75
CA-2016-157749,04-06-2016,KL-16645,OFF-PA-10003349,Office Supplies,25.92,5.00,9.40
CA-2016-157749,04-06-2016,KL-16645,FUR-FU-10000576,Furniture,419.68,5.00,-356.73
CA-2016-157749,04-06-2016,KL-16645,FUR-FU-10004351,Furniture,11.69,3.00,-4.68
CA-2016-157749,04-06-2016,KL-16645,TEC-PH-10000011,Technology,31.98,2.00,11.19
CA-2016-157749,04-06-2016,KL-16645,FUR-TA-10002607,Furniture,177.23,5.00,-120.51
CA-2016-157749,04-06-2016,KL-16645,FUR-FU-10002505,Furniture,4.04,3.00,-2.83
CA-2016-157749,04-06-2016,KL-16645,OFF-AR-10004685,Office Supplies,7.41,2.00,1.20
CA-2014-131926,01-06-2014,DW-13480,FUR-CH-10004063,Furniture,2001.86,7.00,580.54
CA-2014-131926,01-06-2014,DW-13480,OFF-ST-10002276,Office Supplies,166.72,2.00,41.68
CA-2014-131926,01-06-2014,DW-13480,OFF-PA-10004082,Office Supplies,47.88,6.00,23.94
CA-2014-131926,01-06-2014,DW-13480,OFF-AP-10002945,Office Supplies,1503.25,5.00,496.07
CA-2014-131926,01-06-2014,DW-13480,OFF-PA-10000061,Office Supplies,25.92,4.00,12.44
CA-2016-154739,10-12-2016,LH-17155,FUR-CH-10002965,Furniture,321.57,2.00,28.14
CA-2016-145625,11-09-2016,KC-16540,OFF-PA-10004569,Office Supplies,7.61,1.00,3.58
CA-2016-145625,11-09-2016,KC-16540,TEC-AC-10003832,Technology,3347.37,13.00,636.00
CA-2016-146941,10-12-2016,DL-13315,OFF-ST-10001228,Office Supplies,80.58,6.00,22.56
CA-2016-146941,10-12-2016,DL-13315,OFF-EN-10003296,Office Supplies,361.92,4.00,162.86
US-2015-159982,28-11-2015,DR-12880,FUR-FU-10002505,Furniture,12.13,9.00,-8.49
US-2015-159982,28-11-2015,DR-12880,OFF-ST-10004804,Office Supplies,82.37,2.00,-19.56
US-2015-159982,28-11-2015,DR-12880,OFF-ST-10001590,Office Supplies,53.92,5.00,4.04
US-2015-159982,28-11-2015,DR-12880,TEC-PH-10001580,Technology,647.90,6.00,56.69
CA-2017-163139,01-12-2017,CC-12670,TEC-AC-10000290,Technology,20.37,3.00,6.93
CA-2017-163139,01-12-2017,CC-12670,OFF-ST-10002790,Office Supplies,221.55,3.00,6.65
CA-2017-163139,01-12-2017,CC-12670,OFF-BI-10003460,Office Supplies,17.52,5.00,6.13
US-2017-155299,08-06-2017,Dl-13600,OFF-AP-10002203,Office Supplies,1.62,2.00,-4.47
US-2014-106992,19-09-2014,SB-20290,TEC-MA-10000822,Technology,3059.98,3.00,-510.00
US-2014-106992,19-09-2014,SB-20290,TEC-MA-10003353,Technology,2519.96,7.00,-252.00
CA-2016-125318,06-06-2016,RC-19825,TEC-PH-10001433,Technology,328.22,4.00,28.72
CA-2015-155040,10-11-2015,AH-10210,TEC-AC-10004469,Technology,79.90,2.00,35.16
CA-2017-136826,16-06-2017,CB-12535,OFF-AR-10003602,Office Supplies,14.02,3.00,4.73
CA-2016-111010,22-01-2016,PG-18895,OFF-FA-10003472,Office Supplies,7.56,6.00,0.30
US-2017-145366,09-12-2017,CA-12310,OFF-ST-10004180,Office Supplies,37.21,1.00,-7.44
US-2017-145366,09-12-2017,CA-12310,OFF-EN-10004386,Office Supplies,57.58,3.00,21.59
CA-2017-163979,28-12-2017,KH-16690,OFF-ST-10003208,Office Supplies,725.84,4.00,210.49
CA-2015-155334,30-07-2015,HA-14920,TEC-AC-10003628,Technology,209.93,7.00,92.37
CA-2015-155334,30-07-2015,HA-14920,FUR-FU-10003274,Furniture,5.28,3.00,2.32
CA-2015-155334,30-07-2015,HA-14920,OFF-BI-10002557,Office Supplies,10.92,3.00,4.10
CA-2017-118136,16-09-2017,BB-10990,OFF-PA-10002615,Office Supplies,8.82,2.00,4.06
CA-2017-118136,16-09-2017,BB-10990,OFF-AR-10001427,Office Supplies,5.98,1.00,1.55
CA-2017-132976,13-10-2017,AG-10495,OFF-PA-10000673,Office Supplies,11.65,2.00,4.08
CA-2017-132976,13-10-2017,AG-10495,OFF-PA-10004470,Office Supplies,18.18,4.00,5.91
CA-2017-132976,13-10-2017,AG-10495,OFF-ST-10000876,Office Supplies,59.71,6.00,5.97
CA-2017-132976,13-10-2017,AG-10495,OFF-LA-10002043,Office Supplies,24.84,3.00,8.69
US-2015-161991,26-09-2015,SC-20725,OFF-BI-10004967,Office Supplies,2.08,5.00,-3.43
US-2015-161991,26-09-2015,SC-20725,TEC-PH-10001760,Technology,1114.40,7.00,376.11
CA-2015-130890,02-11-2015,JO-15280,FUR-TA-10002903,Furniture,1038.84,5.00,51.94
CA-2015-130883,26-09-2015,TB-21520,OFF-PA-10000474,Office Supplies,141.76,5.00,47.84
CA-2015-130883,26-09-2015,TB-21520,TEC-AC-10001956,Technology,239.80,5.00,47.96
CA-2015-130883,26-09-2015,TB-21520,OFF-PA-10004100,Office Supplies,31.10,6.00,10.89
CA-2016-112697,18-12-2016,AH-10195,OFF-BI-10000778,Office Supplies,254.06,7.00,-169.37
CA-2016-112697,18-12-2016,AH-10195,OFF-AP-10002684,Office Supplies,194.53,2.00,24.32
CA-2016-112697,18-12-2016,AH-10195,OFF-SU-10000646,Office Supplies,961.48,5.00,-204.31
CA-2016-110772,20-11-2016,NZ-18565,OFF-FA-10002983,Office Supplies,19.10,7.00,6.68
CA-2016-110772,20-11-2016,NZ-18565,OFF-LA-10004689,Office Supplies,18.50,8.00,6.24
CA-2016-110772,20-11-2016,NZ-18565,TEC-AC-10002001,Technology,255.98,2.00,54.40
CA-2016-110772,20-11-2016,NZ-18565,FUR-BO-10004709,Furniture,86.97,3.00,-48.70
CA-2014-111451,26-12-2014,KL-16555,FUR-FU-10004091,Furniture,300.42,8.00,78.86
CA-2014-111451,26-12-2014,KL-16555,FUR-CH-10001891,Furniture,230.35,3.00,20.16
CA-2014-111451,26-12-2014,KL-16555,FUR-FU-10002918,Furniture,218.35,3.00,-24.56
CA-2014-111451,26-12-2014,KL-16555,OFF-BI-10004593,Office Supplies,78.60,5.00,-62.88
CA-2014-111451,26-12-2014,KL-16555,OFF-FA-10004854,Office Supplies,27.55,3.00,9.30
CA-2016-142545,28-10-2016,JD-15895,OFF-PA-10002105,Office Supplies,32.40,5.00,15.55
CA-2016-142545,28-10-2016,JD-15895,OFF-ST-10002756,Office Supplies,1082.48,8.00,10.82
CA-2016-142545,28-10-2016,JD-15895,OFF-PA-10004243,Office Supplies,56.91,3.00,27.32
CA-2016-142545,28-10-2016,JD-15895,FUR-FU-10001861,Furniture,77.60,4.00,38.02
CA-2016-142545,28-10-2016,JD-15895,OFF-BI-10002706,Office Supplies,14.28,1.00,6.57
US-2017-152380,19-11-2017,JH-15910,FUR-TA-10002533,Furniture,219.08,3.00,-131.45
CA-2015-144253,04-05-2015,AS-10225,FUR-FU-10002671,Furniture,26.80,2.00,12.86
CA-2014-130960,30-12-2014,KB-16600,OFF-AR-10003651,Office Supplies,9.84,3.00,2.85
CA-2014-111003,01-06-2014,CR-12625,OFF-BI-10001072,Office Supplies,45.48,3.00,20.92
CA-2014-111003,01-06-2014,CR-12625,OFF-AR-10002135,Office Supplies,289.20,6.00,83.87
CA-2017-126774,15-04-2017,SH-20395,OFF-AR-10002804,Office Supplies,4.89,1.00,2.00
CA-2016-142902,12-09-2016,BP-11185,FUR-FU-10001918,Furniture,15.14,4.00,3.59
CA-2016-142902,12-09-2016,BP-11185,FUR-CH-10004086,Furniture,466.77,2.00,52.51
CA-2016-142902,12-09-2016,BP-11185,FUR-FU-10001756,Furniture,15.23,1.00,1.71
CA-2016-142902,12-09-2016,BP-11185,OFF-LA-10000634,Office Supplies,6.26,3.00,2.04
CA-2014-120887,27-09-2014,TS-21205,FUR-FU-10001588,Furniture,87.54,3.00,37.64
CA-2014-167850,09-08-2014,AG-10525,TEC-PH-10002398,Technology,178.38,2.00,22.30
CA-2014-167850,09-08-2014,AG-10525,OFF-PA-10001937,Office Supplies,15.55,3.00,5.44
CA-2014-164259,28-12-2014,SP-20860,OFF-AR-10003373,Office Supplies,99.14,4.00,8.67
CA-2014-164973,04-11-2014,NM-18445,FUR-CH-10002602,Furniture,135.88,1.00,24.16
CA-2014-164973,04-11-2014,NM-18445,TEC-MA-10002927,Technology,3991.98,2.00,1995.99
CA-2014-164973,04-11-2014,NM-18445,TEC-PH-10004093,Technology,275.94,6.00,80.02
CA-2014-164973,04-11-2014,NM-18445,TEC-AC-10000892,Technology,360.00,4.00,129.60
CA-2014-164973,04-11-2014,NM-18445,OFF-ST-10002974,Office Supplies,43.57,1.00,13.07
CA-2014-156601,19-09-2014,FA-14230,OFF-FA-10000624,Office Supplies,7.16,2.00,3.58
CA-2016-162138,23-04-2016,GK-14620,OFF-BI-10004593,Office Supplies,251.52,6.00,81.74
CA-2016-162138,23-04-2016,GK-14620,TEC-AC-10001908,Technology,99.99,1.00,35.00
CA-2017-153339,03-11-2017,DJ-13510,FUR-FU-10001967,Furniture,15.99,1.00,1.00
US-2016-141544,30-08-2016,PO-18850,TEC-PH-10003645,Technology,290.90,3.00,-67.88
US-2016-141544,30-08-2016,PO-18850,OFF-ST-10000675,Office Supplies,54.22,2.00,3.39
US-2016-141544,30-08-2016,PO-18850,FUR-CH-10003312,Furniture,786.74,4.00,-258.50
US-2016-141544,30-08-2016,PO-18850,OFF-LA-10001074,Office Supplies,100.24,10.00,33.83
US-2016-141544,30-08-2016,PO-18850,OFF-BI-10001524,Office Supplies,37.76,6.00,-27.69
US-2016-150147,25-04-2016,JL-15850,TEC-PH-10004614,Technology,82.80,2.00,-20.70
US-2016-150147,25-04-2016,JL-15850,OFF-BI-10001153,Office Supplies,20.72,2.00,-13.82
US-2016-150147,25-04-2016,JL-15850,OFF-BI-10001982,Office Supplies,4.90,3.00,-3.43
CA-2015-137946,01-09-2015,DB-13615,OFF-BI-10001922,Office Supplies,4.75,1.00,1.60
CA-2015-137946,01-09-2015,DB-13615,TEC-CO-10001449,Technology,959.98,2.00,335.99
CA-2015-137946,01-09-2015,DB-13615,OFF-BI-10004140,Office Supplies,14.37,4.00,4.49
CA-2014-129924,12-07-2014,AC-10420,OFF-BI-10003314,Office Supplies,7.71,2.00,2.80
CA-2014-129924,12-07-2014,AC-10420,FUR-TA-10004575,Furniture,698.35,3.00,-17.46
CA-2015-128167,22-06-2015,KL-16645,OFF-FA-10000490,Office Supplies,4.96,4.00,2.33
CA-2014-122336,13-04-2014,JD-15895,OFF-AR-10000122,Office Supplies,17.86,4.00,1.12
CA-2014-122336,13-04-2014,JD-15895,OFF-BI-10003656,Office Supplies,509.97,10.00,-407.98
CA-2014-122336,13-04-2014,JD-15895,OFF-FA-10002780,Office Supplies,30.99,13.00,10.07
CA-2014-122336,13-04-2014,JD-15895,TEC-PH-10000702,Technology,71.93,12.00,8.39
US-2015-120712,20-12-2015,CS-12130,OFF-ST-10000107,Office Supplies,88.80,4.00,-2.22
CA-2017-169901,15-06-2017,CC-12550,TEC-PH-10002293,Technology,47.98,3.00,4.80
CA-2017-134306,08-07-2017,TD-20995,OFF-AR-10004027,Office Supplies,7.56,3.00,3.10
CA-2017-134306,08-07-2017,TD-20995,OFF-PA-10000249,Office Supplies,24.56,2.00,11.54
CA-2017-134306,08-07-2017,TD-20995,OFF-AR-10001374,Office Supplies,12.96,2.00,4.15
CA-2016-129714,01-09-2016,AB-10060,TEC-AC-10000290,Technology,6.79,1.00,2.31
CA-2016-129714,01-09-2016,AB-10060,OFF-PA-10001970,Office Supplies,24.56,2.00,11.54
CA-2016-129714,01-09-2016,AB-10060,OFF-BI-10002160,Office Supplies,3.05,1.00,1.07
CA-2016-129714,01-09-2016,AB-10060,OFF-PA-10001970,Office Supplies,49.12,4.00,23.09
CA-2016-129714,01-09-2016,AB-10060,OFF-BI-10004995,Office Supplies,4355.17,4.00,1415.43
CA-2016-138520,08-04-2016,JL-15505,FUR-BO-10002268,Furniture,388.70,6.00,-4.86
CA-2016-138520,08-04-2016,JL-15505,OFF-EN-10001137,Office Supplies,8.26,2.00,3.80
CA-2016-138520,08-04-2016,JL-15505,OFF-AR-10002399,Office Supplies,17.04,4.00,6.99
CA-2016-138520,08-04-2016,JL-15505,OFF-PA-10002713,Office Supplies,34.40,5.00,15.82
CA-2016-130001,23-04-2016,HK-14890,OFF-PA-10002666,Office Supplies,36.24,5.00,11.33
CA-2017-155698,08-03-2017,VB-21745,OFF-AP-10001124,Office Supplies,647.84,8.00,168.44
CA-2017-155698,08-03-2017,VB-21745,OFF-LA-10001158,Office Supplies,20.70,2.00,9.94
CA-2017-144904,25-09-2017,KW-16435,OFF-LA-10001158,Office Supplies,20.70,2.00,9.94
CA-2017-144904,25-09-2017,KW-16435,FUR-CH-10000785,Furniture,488.65,3.00,86.87
CA-2017-144904,25-09-2017,KW-16435,OFF-AR-10003732,Office Supplies,5.56,2.00,1.45
CA-2017-144904,25-09-2017,KW-16435,FUR-FU-10000023,Furniture,47.12,8.00,20.73
CA-2014-123344,24-09-2014,JD-16060,OFF-ST-10001713,Office Supplies,211.96,4.00,8.48
CA-2016-155516,21-10-2016,MK-17905,OFF-BI-10002412,Office Supplies,23.20,4.00,10.44
CA-2016-155516,21-10-2016,MK-17905,OFF-SU-10001225,Office Supplies,7.36,2.00,0.15
CA-2016-155516,21-10-2016,MK-17905,OFF-ST-10002406,Office Supplies,104.79,7.00,29.34
CA-2016-155516,21-10-2016,MK-17905,FUR-BO-10002545,Furniture,1043.92,4.00,271.42
CA-2017-104745,29-05-2017,GT-14755,OFF-PA-10002036,Office Supplies,25.92,5.00,9.40
CA-2017-104745,29-05-2017,GT-14755,OFF-ST-10002205,Office Supplies,53.42,3.00,4.67
US-2014-119137,23-07-2014,AG-10900,OFF-BI-10001982,Office Supplies,8.16,5.00,-5.71
US-2014-119137,23-07-2014,AG-10900,TEC-AC-10003911,Technology,1023.94,8.00,179.19
US-2014-119137,23-07-2014,AG-10900,OFF-AR-10000658,Office Supplies,9.24,1.00,0.92
US-2014-119137,23-07-2014,AG-10900,TEC-AC-10002076,Technology,479.04,10.00,-29.94
US-2016-134656,28-09-2016,MM-18280,OFF-PA-10003039,Office Supplies,99.14,4.00,30.98
US-2017-134481,27-08-2017,AR-10405,FUR-TA-10004915,Furniture,1488.42,7.00,-297.68
CA-2015-130792,28-04-2015,RA-19915,OFF-AP-10000696,Office Supplies,8.65,3.00,-20.33
CA-2015-130792,28-04-2015,RA-19915,OFF-ST-10003327,Office Supplies,23.83,3.00,2.68
CA-2015-130792,28-04-2015,RA-19915,OFF-BI-10000309,Office Supplies,12.18,4.00,-18.87
CA-2016-134775,28-10-2016,AS-10285,OFF-PA-10004734,Office Supplies,50.96,7.00,25.48
CA-2016-134775,28-10-2016,AS-10285,OFF-BI-10002225,Office Supplies,49.54,3.00,17.34
CA-2015-125395,26-06-2015,LA-16780,TEC-AC-10004708,Technology,41.90,2.00,8.80
US-2015-168935,27-11-2015,DO-13435,FUR-TA-10000617,Furniture,375.46,3.00,-157.01
US-2015-168935,27-11-2015,DO-13435,TEC-AC-10002335,Technology,83.98,3.00,-1.05
CA-2015-122756,03-12-2015,DK-13225,TEC-MA-10001681,Technology,482.34,4.00,-337.64
CA-2015-122756,03-12-2015,DK-13225,FUR-FU-10001935,Furniture,2.96,1.00,0.78
CA-2014-115973,24-11-2014,NG-18430,OFF-AR-10004757,Office Supplies,2.62,1.00,0.43
CA-2017-101798,11-12-2017,MV-18190,OFF-BI-10000050,Office Supplies,23.36,4.00,7.88
CA-2017-101798,11-12-2017,MV-18190,TEC-AC-10001998,Technology,39.98,2.00,13.59
US-2014-135972,21-09-2014,JG-15115,TEC-PH-10003012,Technology,246.38,2.00,27.72
US-2014-135972,21-09-2014,JG-15115,TEC-CO-10002313,Technology,1799.97,3.00,701.99
US-2014-134971,07-06-2014,BP-11095,OFF-BI-10003982,Office Supplies,12.46,3.00,-20.56
CA-2017-102946,30-06-2017,VP-21730,OFF-BI-10004492,Office Supplies,75.79,3.00,25.58
CA-2017-165603,17-10-2017,SS-20140,OFF-ST-10000798,Office Supplies,49.96,2.00,9.49
CA-2017-165603,17-10-2017,SS-20140,OFF-PA-10002552,Office Supplies,12.96,2.00,6.22
CA-2015-122259,31-10-2015,HP-14815,OFF-SU-10002573,Office Supplies,70.12,4.00,21.04
CA-2016-108987,08-09-2016,AG-10675,OFF-ST-10001580,Office Supplies,35.95,3.00,3.60
CA-2016-108987,08-09-2016,AG-10675,FUR-BO-10004834,Furniture,2396.27,4.00,-317.15
CA-2016-108987,08-09-2016,AG-10675,OFF-ST-10000934,Office Supplies,131.14,4.00,-32.78
CA-2016-108987,08-09-2016,AG-10675,TEC-AC-10000158,Technology,57.58,2.00,0.72
CA-2014-113166,24-12-2014,LF-17185,OFF-PA-10001947,Office Supplies,9.57,2.00,3.47
CA-2014-155208,16-04-2014,SP-20650,OFF-AR-10003478,Office Supplies,39.07,6.00,9.77
CA-2017-117933,24-12-2017,RF-19840,OFF-AP-10004249,Office Supplies,35.91,3.00,9.70
CA-2017-117457,08-12-2017,KH-16510,TEC-AC-10000158,Technology,179.95,5.00,37.79
CA-2017-117457,08-12-2017,KH-16510,TEC-CO-10004115,Technology,1199.98,3.00,434.99
CA-2017-117457,08-12-2017,KH-16510,OFF-PA-10003724,Office Supplies,27.15,5.00,13.30
CA-2017-117457,08-12-2017,KH-16510,FUR-TA-10002041,Furniture,1004.02,7.00,-112.95
CA-2017-117457,08-12-2017,KH-16510,OFF-PA-10002893,Office Supplies,9.68,1.00,4.65
CA-2017-117457,08-12-2017,KH-16510,OFF-LA-10003766,Office Supplies,28.35,9.00,13.61
CA-2017-117457,08-12-2017,KH-16510,OFF-PA-10001970,Office Supplies,55.98,1.00,27.43
CA-2017-117457,08-12-2017,KH-16510,FUR-BO-10001972,Furniture,1336.83,13.00,31.45
CA-2017-117457,08-12-2017,KH-16510,FUR-CH-10003956,Furniture,113.57,2.00,-18.45
CA-2017-142636,03-11-2017,KC-16675,OFF-PA-10000157,Office Supplies,139.86,7.00,65.73
CA-2017-142636,03-11-2017,KC-16675,FUR-CH-10001891,Furniture,307.14,4.00,26.87
CA-2017-122105,24-06-2017,CJ-12010,OFF-AR-10004344,Office Supplies,95.92,8.00,25.90
CA-2016-148796,14-04-2016,PB-19150,FUR-CH-10004886,Furniture,383.80,5.00,38.38
CA-2017-154816,06-11-2017,VB-21745,OFF-PA-10003845,Office Supplies,5.78,1.00,2.83
CA-2017-110478,04-03-2017,SP-20860,OFF-AR-10001573,Office Supplies,9.32,4.00,2.70
CA-2017-110478,04-03-2017,SP-20860,OFF-EN-10000483,Office Supplies,15.25,1.00,7.02
CA-2014-142048,22-06-2014,JE-15745,TEC-AC-10004114,Technology,196.75,6.00,56.57
CA-2017-125388,19-10-2017,MP-17965,FUR-FU-10004712,Furniture,56.56,4.00,14.71
CA-2017-125388,19-10-2017,MP-17965,OFF-ST-10000918,Office Supplies,32.70,3.00,8.50
CA-2017-155705,21-08-2017,NF-18385,FUR-CH-10000015,Furniture,866.40,4.00,225.26
CA-2017-149160,23-11-2017,JM-15265,FUR-FU-10003347,Furniture,28.40,2.00,11.08
CA-2017-149160,23-11-2017,JM-15265,OFF-BI-10001543,Office Supplies,287.92,8.00,138.20
CA-2014-101476,12-09-2014,SD-20485,TEC-MA-10000029,Technology,69.99,1.00,30.10
CA-2017-152275,01-10-2017,KH-16630,OFF-AR-10000369,Office Supplies,6.67,6.00,0.50
US-2016-123750,15-04-2016,RB-19795,OFF-BI-10004584,Office Supplies,189.59,2.00,-145.35
US-2016-123750,15-04-2016,RB-19795,TEC-AC-10004659,Technology,408.74,7.00,76.64
US-2016-123750,15-04-2016,RB-19795,TEC-AC-10004659,Technology,291.96,5.00,54.74
US-2016-123750,15-04-2016,RB-19795,OFF-ST-10000617,Office Supplies,4.77,2.00,-0.77
CA-2016-127369,06-06-2016,DB-13060,OFF-ST-10003306,Office Supplies,714.30,5.00,207.15
US-2014-150574,19-12-2014,MK-18160,OFF-BI-10000773,Office Supplies,4.81,2.00,-3.69
US-2014-150574,19-12-2014,MK-18160,TEC-AC-10002600,Technology,247.80,5.00,-18.59
CA-2016-147375,12-06-2016,PO-19180,TEC-MA-10002937,Technology,1007.98,3.00,43.20
CA-2016-147375,12-06-2016,PO-19180,OFF-PA-10001970,Office Supplies,313.49,7.00,113.64
CA-2017-130043,15-09-2017,BB-11545,OFF-PA-10002230,Office Supplies,31.87,8.00,11.55
CA-2017-157252,20-01-2017,CV-12805,FUR-CH-10003396,Furniture,207.85,3.00,2.31
CA-2016-115756,05-09-2016,PK-19075,FUR-FU-10000246,Furniture,12.22,1.00,3.67
CA-2016-115756,05-09-2016,PK-19075,OFF-ST-10000060,Office Supplies,194.94,3.00,23.39
CA-2016-115756,05-09-2016,PK-19075,OFF-ST-10003058,Office Supplies,70.95,3.00,20.58
CA-2016-115756,05-09-2016,PK-19075,OFF-PA-10002222,Office Supplies,91.36,4.00,42.03
CA-2016-115756,05-09-2016,PK-19075,FUR-CH-10002372,Furniture,242.94,3.00,29.15
CA-2016-115756,05-09-2016,PK-19075,OFF-LA-10001317,Office Supplies,22.05,7.00,10.58
CA-2017-154214,20-03-2017,TB-21595,FUR-FU-10000206,Furniture,2.91,1.00,1.37
CA-2016-166674,01-04-2016,RB-19360,OFF-AR-10000588,Office Supplies,59.52,3.00,15.48
CA-2016-166674,01-04-2016,RB-19360,OFF-ST-10001469,Office Supplies,161.94,3.00,9.72
CA-2016-166674,01-04-2016,RB-19360,OFF-AR-10001953,Office Supplies,263.88,6.00,71.25
CA-2016-166674,01-04-2016,RB-19360,OFF-AR-10003156,Office Supplies,30.48,3.00,7.92
CA-2016-166674,01-04-2016,RB-19360,OFF-AR-10004974,Office Supplies,9.84,3.00,2.85
CA-2016-166674,01-04-2016,RB-19360,TEC-PH-10002365,Technology,35.12,4.00,9.13
CA-2017-147277,20-10-2017,EB-13705,FUR-TA-10001539,Furniture,284.36,2.00,-75.83
CA-2017-147277,20-10-2017,EB-13705,OFF-ST-10000142,Office Supplies,665.41,2.00,66.54
CA-2016-100153,13-12-2016,KH-16630,TEC-AC-10001772,Technology,63.88,4.00,24.91
US-2014-110674,12-02-2014,SC-20095,FUR-CH-10000225,Furniture,129.57,2.00,-24.29
US-2016-157945,26-09-2016,NF-18385,FUR-CH-10002331,Furniture,747.56,3.00,-96.11
US-2016-157945,26-09-2016,NF-18385,OFF-EN-10001415,Office Supplies,8.93,2.00,3.35
CA-2015-109638,15-12-2015,JH-15985,OFF-AP-10002472,Office Supplies,103.92,4.00,36.37
CA-2015-109638,15-12-2015,JH-15985,TEC-AC-10004571,Technology,899.91,9.00,377.96
CA-2015-109638,15-12-2015,JH-15985,OFF-BI-10001098,Office Supplies,51.31,3.00,18.60
CA-2016-109869,22-04-2016,TN-21040,FUR-FU-10000023,Furniture,23.56,5.00,7.07
CA-2016-109869,22-04-2016,TN-21040,FUR-TA-10001889,Furniture,1272.63,6.00,-814.48
CA-2016-109869,22-04-2016,TN-21040,OFF-BI-10000315,Office Supplies,28.49,5.00,-20.89
CA-2016-109869,22-04-2016,TN-21040,OFF-SU-10003505,Office Supplies,185.38,2.00,-34.76
CA-2016-109869,22-04-2016,TN-21040,OFF-AP-10002578,Office Supplies,78.27,2.00,5.87
US-2015-101399,17-01-2015,JS-15940,FUR-FU-10002918,Furniture,254.74,7.00,-312.06
CA-2017-154907,31-03-2017,DS-13180,FUR-BO-10002824,Furniture,205.33,2.00,-36.24
US-2016-100419,16-12-2016,CC-12670,OFF-BI-10002194,Office Supplies,4.79,3.00,-7.90
CA-2015-154144,20-12-2015,MH-17785,OFF-PA-10004071,Office Supplies,55.48,1.00,26.63
CA-2014-144666,09-11-2014,JP-15520,OFF-ST-10002743,Office Supplies,340.92,3.00,3.41
CA-2014-144666,09-11-2014,JP-15520,FUR-BO-10001601,Furniture,222.67,2.00,10.48
CA-2014-144666,09-11-2014,JP-15520,TEC-PH-10002680,Technology,703.97,4.00,88.00
CA-2014-144666,09-11-2014,JP-15520,OFF-ST-10001321,Office Supplies,92.52,6.00,24.98
CA-2014-144666,09-11-2014,JP-15520,OFF-PA-10001509,Office Supplies,62.65,7.00,28.82
CA-2014-144666,09-11-2014,JP-15520,OFF-PA-10003465,Office Supplies,94.85,5.00,45.53
CA-2016-103891,12-07-2016,KH-16690,TEC-PH-10000149,Technology,95.76,6.00,7.18
CA-2016-152632,27-10-2016,JE-15475,FUR-FU-10002671,Furniture,40.20,3.00,19.30
CA-2016-100790,26-06-2016,JG-15805,OFF-AR-10003045,Office Supplies,14.70,5.00,6.62
CA-2016-100790,26-06-2016,JG-15805,OFF-ST-10000689,Office Supplies,704.25,5.00,84.51
CA-2014-134677,06-10-2014,XP-21865,TEC-AC-10001445,Technology,9.09,3.00,1.91
CA-2014-127691,22-07-2014,EM-14065,OFF-AR-10002053,Office Supplies,5.96,2.00,1.67
CA-2014-127691,22-07-2014,EM-14065,TEC-AC-10002567,Technology,159.98,2.00,57.59
CA-2017-140963,10-06-2017,MT-18070,OFF-LA-10003923,Office Supplies,29.60,2.00,14.80
CA-2017-140963,10-06-2017,MT-18070,FUR-BO-10001337,Furniture,514.17,5.00,-30.25
CA-2017-140963,10-06-2017,MT-18070,TEC-PH-10001924,Technology,279.96,5.00,17.50
CA-2014-154627,29-10-2014,SA-20830,TEC-PH-10001363,Technology,2735.95,6.00,341.99
CA-2014-133753,09-06-2014,CW-11905,TEC-PH-10000376,Technology,7.99,1.00,0.60
CA-2014-133753,09-06-2014,CW-11905,TEC-AC-10000303,Technology,63.98,2.00,10.40
CA-2014-133753,09-06-2014,CW-11905,OFF-AR-10001953,Office Supplies,70.37,2.00,6.16
CA-2014-113362,14-09-2014,AJ-10960,OFF-ST-10001809,Office Supplies,449.15,5.00,8.98
CA-2014-113362,14-09-2014,AJ-10960,OFF-EN-10003845,Office Supplies,11.07,3.00,5.09
CA-2016-169166,09-05-2016,SS-20590,TEC-AC-10000991,Technology,93.98,2.00,13.16
US-2016-120929,18-03-2016,RO-19780,FUR-TA-10001857,Furniture,189.88,3.00,-94.94
CA-2015-134782,27-12-2015,MD-17350,OFF-EN-10001434,Office Supplies,105.42,2.00,51.66
CA-2016-126158,25-07-2016,SC-20095,OFF-BI-10002498,Office Supplies,119.62,8.00,40.37
CA-2016-126158,25-07-2016,SC-20095,FUR-FU-10004864,Furniture,255.76,4.00,81.84
CA-2016-126158,25-07-2016,SC-20095,FUR-CH-10002602,Furniture,241.57,2.00,18.12
CA-2016-126158,25-07-2016,SC-20095,FUR-FU-10000073,Furniture,69.30,9.00,22.87
US-2016-105578,30-05-2016,MY-17380,OFF-BI-10001670,Office Supplies,22.62,2.00,-15.08
US-2016-105578,30-05-2016,MY-17380,OFF-BI-10001658,Office Supplies,14.95,2.00,-11.96
US-2016-105578,30-05-2016,MY-17380,FUR-CH-10001215,Furniture,801.57,2.00,50.10
US-2016-105578,30-05-2016,MY-17380,OFF-BI-10000831,Office Supplies,2.38,3.00,-1.90
US-2016-105578,30-05-2016,MY-17380,OFF-PA-10000357,Office Supplies,32.79,1.00,11.89
CA-2017-134978,12-11-2017,EB-13705,OFF-BI-10003274,Office Supplies,15.92,5.00,5.37
CA-2015-145352,16-03-2015,CM-12385,OFF-AR-10001662,Office Supplies,2.74,1.00,0.74
CA-2015-145352,16-03-2015,CM-12385,OFF-AR-10003856,Office Supplies,8.34,3.00,2.17
CA-2015-145352,16-03-2015,CM-12385,OFF-ST-10001228,Office Supplies,46.74,3.00,11.69
CA-2015-145352,16-03-2015,CM-12385,OFF-BI-10003527,Office Supplies,6354.95,5.00,3177.48
CA-2017-135307,26-11-2017,LS-17245,FUR-FU-10001290,Furniture,126.30,3.00,40.42
CA-2017-135307,26-11-2017,LS-17245,TEC-AC-10002399,Technology,38.04,2.00,12.17
CA-2016-106341,20-10-2016,LF-17185,OFF-AR-10002053,Office Supplies,7.15,3.00,0.72
CA-2017-163405,21-12-2017,BN-11515,OFF-AR-10003811,Office Supplies,6.63,3.00,1.79
CA-2017-163405,21-12-2017,BN-11515,OFF-AR-10001246,Office Supplies,5.88,2.00,1.71
CA-2017-127432,22-01-2017,AD-10180,TEC-CO-10003236,Technology,2999.95,5.00,1379.98
CA-2017-127432,22-01-2017,AD-10180,OFF-ST-10004507,Office Supplies,51.45,3.00,13.89
CA-2017-127432,22-01-2017,AD-10180,OFF-PA-10001667,Office Supplies,11.96,2.00,5.38
CA-2017-127432,22-01-2017,AD-10180,OFF-ST-10004459,Office Supplies,1126.02,3.00,56.30
CA-2015-157812,22-03-2015,DB-13210,TEC-AC-10000171,Technology,18.39,1.00,5.29
CA-2015-157812,22-03-2015,DB-13210,OFF-ST-10000736,Office Supplies,129.57,2.00,-25.91
CA-2015-157812,22-03-2015,DB-13210,OFF-BI-10000285,Office Supplies,14.11,9.00,-21.17
CA-2017-145142,23-01-2017,MC-17605,FUR-TA-10001857,Furniture,210.98,2.00,21.10
US-2016-139486,21-05-2016,LH-17155,TEC-PH-10003555,Technology,55.18,3.00,-12.41
US-2016-139486,21-05-2016,LH-17155,TEC-AC-10003832,Technology,66.26,2.00,27.17
CA-2015-158792,26-12-2015,BD-11605,OFF-FA-10002815,Office Supplies,22.20,5.00,10.43
CA-2017-113558,21-10-2017,PH-18790,FUR-CH-10003379,Furniture,683.95,3.00,42.75
CA-2017-113558,21-10-2017,PH-18790,FUR-FU-10001756,Furniture,45.70,3.00,5.14
US-2015-138303,03-09-2015,MG-18145,OFF-ST-10004963,Office Supplies,36.34,3.00,-7.27
US-2015-138303,03-09-2015,MG-18145,OFF-SU-10002881,Office Supplies,666.25,1.00,-149.91
US-2015-138303,03-09-2015,MG-18145,OFF-EN-10001335,Office Supplies,52.51,6.00,19.69
CA-2015-102848,07-11-2015,KB-16240,FUR-CH-10000595,Furniture,190.72,1.00,11.92
US-2017-129441,07-09-2017,JC-15340,FUR-FU-10000448,Furniture,47.94,3.00,2.40
CA-2016-168753,29-05-2016,RL-19615,TEC-PH-10000984,Technology,979.95,5.00,274.39
CA-2016-168753,29-05-2016,RL-19615,OFF-BI-10002557,Office Supplies,22.75,5.00,11.38
CA-2016-126613,10-07-2016,AA-10375,OFF-ST-10001325,Office Supplies,16.77,2.00,1.47
US-2017-122637,03-09-2017,EP-13915,OFF-BI-10002429,Office Supplies,42.62,7.00,-68.19
CA-2015-147851,03-12-2015,MP-17470,OFF-BI-10004528,Office Supplies,10.75,4.00,3.36
CA-2015-134894,07-12-2015,DK-12985,OFF-AP-10001271,Office Supplies,152.94,3.00,41.29
CA-2015-134894,07-12-2015,DK-12985,FUR-CH-10002647,Furniture,283.92,4.00,70.98
CA-2014-140795,01-02-2014,BD-11500,TEC-AC-10001432,Technology,468.90,6.00,206.32
CA-2016-136924,14-07-2016,ES-14080,TEC-PH-10002262,Technology,380.86,8.00,38.09
US-2015-120161,18-12-2015,LM-17065,OFF-ST-10001809,Office Supplies,646.78,9.00,-145.52
CA-2014-103849,11-05-2014,PG-18895,TEC-AC-10001465,Technology,58.11,2.00,7.26
CA-2014-103849,11-05-2014,PG-18895,TEC-PH-10002597,Technology,100.79,1.00,6.30
CA-2014-103849,11-05-2014,PG-18895,FUR-FU-10000723,Furniture,66.11,4.00,-84.29
CA-2017-162929,19-11-2017,AS-10135,OFF-BI-10000404,Office Supplies,41.28,6.00,13.93
CA-2017-162929,19-11-2017,AS-10135,OFF-PA-10002986,Office Supplies,13.36,2.00,6.41
CA-2015-113173,15-11-2015,DK-13225,OFF-ST-10000604,Office Supplies,250.27,9.00,15.64
CA-2015-113173,15-11-2015,DK-13225,OFF-BI-10004738,Office Supplies,11.36,3.00,-17.05
CA-2015-113173,15-11-2015,DK-13225,OFF-SU-10001935,Office Supplies,8.72,5.00,-1.74
CA-2016-136406,15-04-2016,BD-11320,FUR-CH-10002024,Furniture,1121.57,2.00,0.00
CA-2017-112774,11-09-2017,RC-19960,FUR-FU-10003039,Furniture,34.50,1.00,6.04
CA-2017-101945,24-11-2017,GT-14710,OFF-FA-10004248,Office Supplies,10.82,3.00,2.57
CA-2017-100650,29-06-2017,DK-13225,OFF-ST-10001780,Office Supplies,1295.78,2.00,310.99
CA-2014-155852,03-03-2014,AJ-10945,OFF-AR-10003560,Office Supplies,19.46,4.00,3.40
CA-2016-113243,10-06-2016,OT-18730,OFF-LA-10001297,Office Supplies,20.70,2.00,9.94
CA-2016-113243,10-06-2016,OT-18730,FUR-TA-10004256,Furniture,1335.68,4.00,-217.05
CA-2016-113243,10-06-2016,OT-18730,OFF-PA-10003441,Office Supplies,32.40,5.00,15.55
CA-2017-118731,20-11-2017,LP-17080,FUR-FU-10003347,Furniture,42.60,3.00,16.61
CA-2017-118731,20-11-2017,LP-17080,OFF-BI-10000069,Office Supplies,84.06,7.00,27.32
CA-2014-145576,14-09-2014,CA-12775,OFF-AP-10003914,Office Supplies,13.00,5.00,1.30
CA-2014-145576,14-09-2014,CA-12775,FUR-FU-10004020,Furniture,13.13,3.00,3.77
CA-2015-130736,07-12-2015,JF-15490,OFF-FA-10003467,Office Supplies,3.96,2.00,0.00
CA-2015-130736,07-12-2015,JF-15490,OFF-LA-10000634,Office Supplies,2.61,1.00,1.20
CA-2017-137099,07-12-2017,FP-14320,TEC-PH-10002496,Technology,374.38,3.00,46.80
CA-2017-156951,01-10-2017,EB-13840,OFF-PA-10004530,Office Supplies,91.84,8.00,45.00
CA-2017-156951,01-10-2017,EB-13840,OFF-BI-10001107,Office Supplies,81.09,7.00,27.37
CA-2017-156951,01-10-2017,EB-13840,OFF-PA-10004451,Office Supplies,19.44,3.00,9.33
CA-2017-156951,01-10-2017,EB-13840,FUR-CH-10004997,Furniture,451.15,3.00,0.00
CA-2017-164826,28-12-2017,JF-15415,OFF-LA-10001297,Office Supplies,72.45,7.00,34.78
CA-2017-164826,28-12-2017,JF-15415,OFF-FA-10000585,Office Supplies,13.96,4.00,6.42
CA-2017-164826,28-12-2017,JF-15415,OFF-BI-10001922,Office Supplies,33.26,7.00,11.23
CA-2017-164826,28-12-2017,JF-15415,TEC-PH-10000347,Technology,14.85,3.00,4.01
CA-2016-127250,03-11-2016,SF-20200,OFF-AR-10003394,Office Supplies,8.82,3.00,2.38
CA-2015-149713,18-09-2015,TG-21640,OFF-PA-10004530,Office Supplies,160.72,14.00,78.75
CA-2015-149713,18-09-2015,TG-21640,OFF-PA-10001450,Office Supplies,19.92,4.00,9.76
CA-2015-149713,18-09-2015,TG-21640,OFF-SU-10001574,Office Supplies,7.30,2.00,2.19
CA-2017-118640,20-07-2017,CS-11950,OFF-ST-10002974,Office Supplies,69.71,2.00,8.71
CA-2017-118640,20-07-2017,CS-11950,FUR-FU-10001475,Furniture,8.79,1.00,-5.71
CA-2015-132906,10-09-2015,CC-12145,OFF-SU-10004498,Office Supplies,51.52,4.00,1.55
CA-2017-145233,01-12-2017,DV-13465,TEC-PH-10004977,Technology,470.38,3.00,52.92
CA-2017-145233,01-12-2017,DV-13465,TEC-PH-10000586,Technology,105.58,2.00,9.24
CA-2017-145233,01-12-2017,DV-13465,OFF-AP-10000358,Office Supplies,31.15,3.00,3.50
CA-2017-145233,01-12-2017,DV-13465,OFF-BI-10002764,Office Supplies,6.78,7.00,-4.75
CA-2017-145233,01-12-2017,DV-13465,TEC-PH-10001254,Technology,406.37,4.00,30.48
CA-2015-128139,03-07-2015,BD-11725,FUR-CH-10003956,Furniture,70.98,1.00,4.97
CA-2015-128139,03-07-2015,BD-11725,OFF-LA-10003930,Office Supplies,294.93,3.00,144.52
US-2016-156986,20-03-2016,ZC-21910,TEC-PH-10003800,Technology,84.78,2.00,-20.14
US-2016-156986,20-03-2016,ZC-21910,OFF-PA-10002005,Office Supplies,20.74,4.00,7.26
US-2016-156986,20-03-2016,ZC-21910,OFF-BI-10002498,Office Supplies,16.82,3.00,-12.90
US-2016-156986,20-03-2016,ZC-21910,OFF-PA-10004101,Office Supplies,10.37,2.00,3.63
CA-2014-135405,09-01-2014,MS-17830,OFF-AR-10004078,Office Supplies,9.34,2.00,1.17
CA-2014-135405,09-01-2014,MS-17830,TEC-AC-10001266,Technology,31.20,3.00,9.75
CA-2014-131450,08-08-2014,LR-16915,OFF-AP-10004708,Office Supplies,76.12,2.00,22.07
CA-2014-131450,08-08-2014,LR-16915,TEC-CO-10004115,Technology,1199.98,3.00,434.99
CA-2014-131450,08-08-2014,LR-16915,TEC-PH-10002398,Technology,445.96,5.00,55.75
CA-2014-131450,08-08-2014,LR-16915,FUR-FU-10001979,Furniture,327.76,8.00,91.77
CA-2016-120180,14-07-2016,TP-21130,OFF-SU-10004115,Office Supplies,11.63,2.00,1.02
US-2016-100720,16-07-2016,CK-12205,TEC-PH-10001425,Technology,143.98,3.00,-28.80
US-2016-100720,16-07-2016,CK-12205,TEC-PH-10003963,Technology,494.38,4.00,-115.35
US-2016-100720,16-07-2016,CK-12205,OFF-SU-10001574,Office Supplies,5.84,2.00,0.73
CA-2014-149958,15-03-2014,AS-10240,OFF-ST-10001490,Office Supplies,142.78,1.00,17.85
CA-2014-149958,15-03-2014,AS-10240,FUR-FU-10001756,Furniture,45.70,3.00,5.14
CA-2014-149958,15-03-2014,AS-10240,OFF-BI-10000773,Office Supplies,7.22,3.00,-5.53
CA-2014-149958,15-03-2014,AS-10240,OFF-BI-10001543,Office Supplies,43.19,4.00,-31.67
CA-2014-149958,15-03-2014,AS-10240,OFF-PA-10002120,Office Supplies,131.90,3.00,47.82
US-2014-105767,23-05-2014,AR-10510,OFF-BI-10000848,Office Supplies,3.28,2.00,-2.63
US-2014-105767,23-05-2014,AR-10510,OFF-AR-10001246,Office Supplies,21.17,9.00,2.38
US-2014-105767,23-05-2014,AR-10510,TEC-PH-10003092,Technology,55.19,2.00,-10.12
CA-2016-161816,28-04-2016,NB-18655,TEC-PH-10003012,Technology,369.58,3.00,41.58
CA-2016-161816,28-04-2016,NB-18655,OFF-LA-10004345,Office Supplies,15.71,4.00,5.70
CA-2016-121223,11-09-2016,GD-14590,OFF-PA-10001204,Office Supplies,8.45,2.00,2.64
CA-2016-121223,11-09-2016,GD-14590,TEC-PH-10004667,Technology,728.95,9.00,-157.94
CA-2017-138611,14-11-2017,CK-12595,TEC-PH-10000011,Technology,119.94,10.00,15.99
CA-2017-138611,14-11-2017,CK-12595,OFF-BI-10002949,Office Supplies,3.65,2.00,-2.80
CA-2017-117947,18-08-2017,NG-18355,FUR-FU-10003849,Furniture,40.48,2.00,15.79
CA-2017-117947,18-08-2017,NG-18355,FUR-FU-10000010,Furniture,9.94,2.00,3.08
CA-2017-117947,18-08-2017,NG-18355,OFF-BI-10002824,Office Supplies,107.42,9.00,33.57
CA-2017-117947,18-08-2017,NG-18355,TEC-PH-10002538,Technology,37.91,1.00,10.99
CA-2017-117947,18-08-2017,NG-18355,FUR-FU-10000521,Furniture,88.02,3.00,27.29
US-2014-111171,26-12-2014,CA-12265,OFF-BI-10002103,Office Supplies,8.69,5.00,-14.77
CA-2015-138009,29-11-2015,SF-20965,FUR-CH-10004853,Furniture,301.96,2.00,87.57
CA-2015-138009,29-11-2015,SF-20965,OFF-AP-10000179,Office Supplies,555.21,5.00,178.90
CA-2015-138009,29-11-2015,SF-20965,OFF-ST-10001272,Office Supplies,523.48,4.00,130.87
CA-2015-138009,29-11-2015,SF-20965,OFF-AR-10004042,Office Supplies,161.82,9.00,46.93
CA-2017-163020,15-09-2017,MO-17800,FUR-FU-10000221,Furniture,35.56,7.00,12.09
CA-2017-153787,19-05-2017,AT-10735,OFF-AP-10001563,Office Supplies,97.16,2.00,28.18
CA-2017-133431,17-12-2017,LC-17140,OFF-BI-10000605,Office Supplies,15.24,5.00,5.14
CA-2017-133431,17-12-2017,LC-17140,OFF-PA-10002615,Office Supplies,13.23,3.00,6.09
US-2016-135720,11-12-2016,FM-14380,OFF-ST-10001963,Office Supplies,243.38,3.00,-51.72
US-2016-135720,11-12-2016,FM-14380,TEC-AC-10001267,Technology,119.80,5.00,29.95
US-2016-135720,11-12-2016,FM-14380,TEC-PH-10002103,Technology,300.77,4.00,30.08
CA-2017-144694,24-09-2017,BD-11605,TEC-AC-10002857,Technology,17.88,3.00,2.46
CA-2017-144694,24-09-2017,BD-11605,OFF-LA-10003930,Office Supplies,235.94,3.00,85.53
CA-2015-168004,04-10-2015,DJ-13420,FUR-CH-10001482,Furniture,392.94,3.00,43.22
US-2016-123470,15-08-2016,ME-17725,OFF-BI-10001989,Office Supplies,18.88,3.00,-13.85
US-2016-123470,15-08-2016,ME-17725,OFF-AP-10003287,Office Supplies,122.33,3.00,12.23
CA-2016-115917,20-05-2016,RB-19465,FUR-FU-10000576,Furniture,1049.20,5.00,272.79
CA-2016-115917,20-05-2016,RB-19465,OFF-BI-10004728,Office Supplies,15.42,4.00,5.01
CA-2016-147067,18-12-2016,JD-16150,FUR-FU-10000732,Furniture,18.84,3.00,6.03
CA-2017-167913,30-07-2017,JL-15835,OFF-ST-10000585,Office Supplies,330.40,2.00,85.90
CA-2017-167913,30-07-2017,JL-15835,OFF-LA-10002787,Office Supplies,26.25,7.00,12.60
CA-2017-106103,10-06-2017,SC-20305,TEC-AC-10003832,Technology,132.52,4.00,54.33
US-2017-127719,21-07-2017,TW-21025,OFF-PA-10001934,Office Supplies,6.48,1.00,3.18
CA-2017-126221,30-12-2017,CC-12430,OFF-AP-10002457,Office Supplies,209.30,2.00,56.51
CA-2016-103947,01-04-2016,BB-10990,OFF-FA-10003112,Office Supplies,31.56,5.00,9.86
CA-2016-103947,01-04-2016,BB-10990,OFF-AP-10002350,Office Supplies,30.14,2.00,3.01
CA-2016-160745,11-12-2016,AR-10825,FUR-FU-10001935,Furniture,14.80,4.00,6.07
CA-2016-160745,11-12-2016,AR-10825,TEC-PH-10003273,Technology,302.38,3.00,22.68
CA-2016-160745,11-12-2016,AR-10825,TEC-AC-10001142,Technology,316.00,4.00,31.60
CA-2016-132661,23-10-2016,SR-20740,OFF-PA-10000482,Office Supplies,379.40,10.00,178.32
CA-2017-140844,19-06-2017,AR-10405,OFF-PA-10003892,Office Supplies,97.82,2.00,45.98
CA-2017-140844,19-06-2017,AR-10405,TEC-AC-10001101,Technology,103.12,8.00,10.31
CA-2016-137239,22-08-2016,CR-12730,OFF-AP-10002439,Office Supplies,113.55,2.00,8.52
CA-2016-137239,22-08-2016,CR-12730,OFF-BI-10002827,Office Supplies,3.32,2.00,-2.65
CA-2016-137239,22-08-2016,CR-12730,OFF-EN-10002230,Office Supplies,134.29,2.00,45.32
US-2016-156097,19-09-2016,EH-14125,FUR-CH-10001215,Furniture,701.37,2.00,-50.10
US-2016-156097,19-09-2016,EH-14125,OFF-BI-10004654,Office Supplies,2.31,2.00,-3.46
CA-2015-146563,24-08-2015,CB-12025,OFF-ST-10001490,Office Supplies,999.43,7.00,124.93
CA-2015-146563,24-08-2015,CB-12025,OFF-ST-10001511,Office Supplies,724.08,14.00,-135.77
CA-2015-146563,24-08-2015,CB-12025,FUR-TA-10001768,Furniture,918.79,5.00,-118.13
CA-2015-146563,24-08-2015,CB-12025,OFF-BI-10003981,Office Supplies,2.72,3.00,-4.22
CA-2016-123666,26-03-2016,SP-20545,OFF-ST-10001522,Office Supplies,459.95,5.00,18.40
CA-2016-143308,04-11-2016,RC-19825,OFF-FA-10000621,Office Supplies,10.74,3.00,5.26
CA-2017-132682,08-06-2017,TH-21235,OFF-SU-10004231,Office Supplies,23.76,3.00,2.08
CA-2017-132682,08-06-2017,TH-21235,OFF-PA-10000474,Office Supplies,85.06,3.00,28.71
CA-2017-132682,08-06-2017,TH-21235,TEC-PH-10004042,Technology,381.58,3.00,28.62
CA-2014-156314,24-12-2014,RP-19390,FUR-FU-10003096,Furniture,30.36,5.00,8.73
US-2017-106663,09-06-2017,MO-17800,FUR-FU-10002759,Furniture,23.98,3.00,-14.39
US-2017-106663,09-06-2017,MO-17800,FUR-TA-10000688,Furniture,108.93,1.00,-71.89
US-2017-106663,09-06-2017,MO-17800,OFF-PA-10002377,Office Supplies,36.35,8.00,11.36
CA-2017-111178,15-06-2017,TD-20995,OFF-AR-10001954,Office Supplies,19.56,5.00,1.71
CA-2017-130351,05-12-2017,RB-19570,OFF-AP-10004532,Office Supplies,61.44,3.00,16.59
CA-2017-130351,05-12-2017,RB-19570,OFF-PA-10002137,Office Supplies,38.90,5.00,17.51
CA-2017-130351,05-12-2017,RB-19570,TEC-AC-10003832,Technology,99.39,3.00,40.75
US-2017-119438,18-03-2017,CD-11980,OFF-AP-10000804,Office Supplies,2.69,3.00,-7.39
US-2017-119438,18-03-2017,CD-11980,TEC-AC-10003614,Technology,27.82,3.00,4.52
US-2017-119438,18-03-2017,CD-11980,FUR-FU-10003553,Furniture,82.52,3.00,-41.26
US-2017-119438,18-03-2017,CD-11980,OFF-BI-10004632,Office Supplies,182.99,3.00,-320.24
CA-2016-164511,19-11-2016,DJ-13630,OFF-BI-10003305,Office Supplies,14.35,3.00,4.66
CA-2016-164511,19-11-2016,DJ-13630,OFF-ST-10002583,Office Supplies,64.96,2.00,2.60
CA-2016-164511,19-11-2016,DJ-13630,OFF-ST-10004507,Office Supplies,68.60,4.00,18.52
US-2017-168116,04-11-2017,GT-14635,TEC-MA-10004125,Technology,7999.98,4.00,-3839.99
US-2017-168116,04-11-2017,GT-14635,OFF-AP-10002457,Office Supplies,167.44,2.00,14.65
CA-2014-157784,05-07-2014,MC-17845,TEC-AC-10003911,Technology,479.97,3.00,163.19
CA-2014-157784,05-07-2014,MC-17845,OFF-LA-10001934,Office Supplies,14.62,2.00,6.87
CA-2014-157784,05-07-2014,MC-17845,OFF-PA-10000304,Office Supplies,19.44,3.00,9.33
CA-2017-161480,25-12-2017,RA-19285,FUR-BO-10004015,Furniture,191.98,2.00,4.80
US-2014-117135,21-06-2014,NP-18325,FUR-FU-10004071,Furniture,104.01,1.00,14.56
US-2014-117135,21-06-2014,NP-18325,TEC-PH-10002033,Technology,284.82,1.00,74.05
US-2014-117135,21-06-2014,NP-18325,OFF-ST-10002444,Office Supplies,36.84,3.00,10.32
CA-2015-131534,28-03-2015,AB-10165,TEC-AC-10002253,Technology,166.24,1.00,24.94
CA-2015-131534,28-03-2015,AB-10165,OFF-PA-10000743,Office Supplies,33.40,5.00,16.03
CA-2015-119291,14-05-2015,JO-15550,OFF-AR-10003373,Office Supplies,198.27,8.00,17.35
CA-2015-119291,14-05-2015,JO-15550,OFF-LA-10002312,Office Supplies,47.36,4.00,17.76
CA-2015-119291,14-05-2015,JO-15550,OFF-EN-10000927,Office Supplies,200.98,7.00,62.81
CA-2015-119291,14-05-2015,JO-15550,OFF-LA-10003510,Office Supplies,97.70,4.00,31.75
CA-2015-119291,14-05-2015,JO-15550,OFF-AR-10001118,Office Supplies,2.70,1.00,0.81
CA-2015-119291,14-05-2015,JO-15550,OFF-BI-10001575,Office Supplies,18.59,2.00,-13.63
CA-2015-119291,14-05-2015,JO-15550,OFF-BI-10001982,Office Supplies,4.90,3.00,-3.43
CA-2017-114552,02-09-2017,Dl-13600,FUR-FU-10002960,Furniture,15.07,3.00,4.14
CA-2016-163755,04-11-2016,AS-10285,FUR-FU-10003394,Furniture,209.88,3.00,35.68
CA-2015-142027,09-04-2015,JK-15370,FUR-TA-10002774,Furniture,369.91,3.00,-13.87
CA-2014-138527,12-09-2014,BN-11470,OFF-PA-10001800,Office Supplies,10.37,2.00,3.63
CA-2014-138527,12-09-2014,BN-11470,OFF-AP-10001469,Office Supplies,166.84,5.00,18.77
CA-2014-138527,12-09-2014,BN-11470,TEC-AC-10002399,Technology,15.22,1.00,2.28
CA-2014-112158,02-12-2014,DP-13165,TEC-AC-10003628,Technology,119.96,4.00,52.78
CA-2014-112158,02-12-2014,DP-13165,FUR-BO-10003272,Furniture,883.92,5.00,-110.49
CA-2014-112158,02-12-2014,DP-13165,OFF-BI-10000050,Office Supplies,46.72,8.00,15.77
CA-2014-113887,05-04-2014,TH-21550,OFF-PA-10004071,Office Supplies,55.48,1.00,26.63
CA-2017-146136,03-09-2017,AP-10915,OFF-EN-10001219,Office Supplies,24.45,4.00,8.86
US-2017-100048,19-05-2017,RS-19765,OFF-AP-10001154,Office Supplies,281.34,6.00,109.72
US-2017-100048,19-05-2017,RS-19765,TEC-PH-10003012,Technology,307.98,2.00,89.31
US-2017-100048,19-05-2017,RS-19765,TEC-AC-10001606,Technology,299.97,3.00,113.99
CA-2014-153150,01-07-2014,Dl-13600,OFF-BI-10003355,Office Supplies,19.92,5.00,6.97
CA-2014-130092,11-01-2014,SV-20365,FUR-FU-10000010,Furniture,9.94,2.00,3.08
CA-2017-108910,24-09-2017,KC-16540,FUR-FU-10002253,Furniture,103.06,3.00,24.48
CA-2014-104472,02-06-2014,CK-12325,OFF-BI-10001658,Office Supplies,59.81,3.00,19.44
CA-2014-104472,02-06-2014,CK-12325,FUR-FU-10000246,Furniture,73.32,6.00,22.00
CA-2016-112942,13-02-2016,RD-19810,OFF-PA-10004092,Office Supplies,146.82,3.00,73.41
CA-2016-142335,15-12-2016,MP-17965,FUR-TA-10000198,Furniture,1652.94,3.00,231.41
CA-2016-142335,15-12-2016,MP-17965,OFF-ST-10000036,Office Supplies,296.37,3.00,80.02
CA-2014-117429,07-10-2014,MR-17545,FUR-FU-10000222,Furniture,129.92,5.00,21.11
CA-2016-114713,07-07-2016,SC-20695,OFF-SU-10004664,Office Supplies,45.58,7.00,5.13
CA-2017-144113,16-09-2017,JF-15355,OFF-EN-10001141,Office Supplies,17.57,2.00,6.37
CA-2017-144113,16-09-2017,JF-15355,TEC-PH-10002170,Technology,55.99,1.00,5.60
US-2016-150861,03-12-2016,EG-13900,OFF-PA-10001954,Office Supplies,182.72,8.00,84.05
US-2016-150861,03-12-2016,EG-13900,FUR-TA-10002228,Furniture,400.03,2.00,-153.35
US-2016-150861,03-12-2016,EG-13900,OFF-ST-10004634,Office Supplies,33.63,3.00,10.09
US-2016-150861,03-12-2016,EG-13900,FUR-CH-10002965,Furniture,542.65,3.00,102.50
US-2016-150861,03-12-2016,EG-13900,OFF-LA-10001317,Office Supplies,6.30,2.00,3.02
CA-2017-131954,21-01-2017,DS-13030,OFF-ST-10000736,Office Supplies,242.94,3.00,9.72
CA-2017-131954,21-01-2017,DS-13030,TEC-AC-10003610,Technology,179.97,3.00,86.39
CA-2017-131954,21-01-2017,DS-13030,OFF-BI-10003982,Office Supplies,99.70,6.00,33.65
CA-2017-131954,21-01-2017,DS-13030,OFF-BI-10003291,Office Supplies,27.94,4.00,9.43
CA-2017-131954,21-01-2017,DS-13030,FUR-BO-10001619,Furniture,84.98,1.00,18.70
CA-2017-131954,21-01-2017,DS-13030,OFF-BI-10000138,Office Supplies,18.72,5.00,6.55
CA-2014-132500,08-09-2014,GZ-14470,TEC-AC-10001383,Technology,49.98,2.00,8.50
CA-2014-112326,04-01-2014,PO-19195,OFF-LA-10003223,Office Supplies,11.78,3.00,4.27
CA-2014-112326,04-01-2014,PO-19195,OFF-ST-10002743,Office Supplies,272.74,3.00,-64.77
CA-2014-112326,04-01-2014,PO-19195,OFF-BI-10004094,Office Supplies,3.54,2.00,-5.49
US-2016-146710,27-08-2016,SS-20875,OFF-SU-10004498,Office Supplies,51.52,5.00,-10.95
US-2016-146710,27-08-2016,SS-20875,OFF-PA-10002615,Office Supplies,3.53,1.00,1.15
US-2016-146710,27-08-2016,SS-20875,OFF-PA-10004971,Office Supplies,4.62,1.00,1.68
US-2016-146710,27-08-2016,SS-20875,OFF-SU-10004261,Office Supplies,55.17,4.00,6.21
CA-2014-124429,27-05-2014,MH-17785,FUR-TA-10002607,Furniture,567.12,10.00,-28.36
CA-2014-124429,27-05-2014,MH-17785,OFF-ST-10001809,Office Supplies,359.32,4.00,7.19
CA-2016-150889,20-03-2016,PB-19105,TEC-PH-10000004,Technology,11.99,1.00,0.90
CA-2017-126074,02-10-2017,RF-19735,OFF-BI-10003638,Office Supplies,58.05,3.00,26.70
CA-2017-126074,02-10-2017,RF-19735,FUR-FU-10003577,Furniture,157.74,11.00,56.79
CA-2017-126074,02-10-2017,RF-19735,OFF-AR-10003478,Office Supplies,56.98,7.00,22.79
CA-2017-126074,02-10-2017,RF-19735,OFF-BI-10000546,Office Supplies,2.88,1.00,1.41
CA-2016-110499,07-04-2016,YC-21895,TEC-CO-10002095,Technology,1199.98,3.00,374.99
CA-2015-135272,07-12-2015,MS-17830,FUR-FU-10002759,Furniture,79.92,4.00,28.77
CA-2016-140928,18-09-2016,NB-18655,FUR-TA-10001095,Furniture,383.44,4.00,-167.32
CA-2014-106803,29-12-2014,DC-13285,OFF-ST-10002444,Office Supplies,24.56,2.00,6.88
CA-2014-106803,29-12-2014,DC-13285,TEC-AC-10001267,Technology,119.80,4.00,47.92
CA-2017-117240,23-07-2017,CP-12340,OFF-BI-10000848,Office Supplies,13.13,3.00,4.27
CA-2017-133333,18-09-2017,BF-11020,OFF-PA-10002377,Office Supplies,22.72,4.00,10.22
CA-2015-112319,31-08-2015,AR-10510,OFF-PA-10003441,Office Supplies,58.32,9.00,27.99
CA-2017-126046,03-11-2017,JC-16105,OFF-LA-10004484,Office Supplies,12.39,3.00,5.70
CA-2015-114923,08-02-2015,LH-17020,TEC-PH-10003931,Technology,107.98,3.00,-27.00
CA-2014-162775,13-01-2014,CS-12250,OFF-EN-10001990,Office Supplies,11.36,2.00,5.34
CA-2014-162775,13-01-2014,CS-12250,OFF-EN-10001532,Office Supplies,50.94,3.00,25.47
CA-2014-162775,13-01-2014,CS-12250,TEC-AC-10003174,Technology,646.74,6.00,258.70
CA-2014-162775,13-01-2014,CS-12250,OFF-BI-10004187,Office Supplies,5.64,3.00,2.71
CA-2014-162775,13-01-2014,CS-12250,OFF-ST-10000025,Office Supplies,572.58,6.00,34.35
CA-2014-106810,14-05-2014,AJ-10795,FUR-FU-10004306,Furniture,310.88,2.00,23.32
CA-2016-157245,19-05-2016,LE-16810,FUR-CH-10003746,Furniture,641.96,2.00,179.75
CA-2017-104220,30-01-2017,BV-11245,OFF-BI-10001036,Office Supplies,18.28,2.00,9.14
CA-2017-104220,30-01-2017,BV-11245,TEC-PH-10004614,Technology,207.00,3.00,51.75
CA-2017-104220,30-01-2017,BV-11245,OFF-BI-10000301,Office Supplies,32.35,5.00,16.18
CA-2017-104220,30-01-2017,BV-11245,OFF-BI-10003910,Office Supplies,7.71,1.00,3.47
CA-2017-104220,30-01-2017,BV-11245,OFF-AR-10004648,Office Supplies,40.30,2.00,10.88
CA-2017-104220,30-01-2017,BV-11245,FUR-FU-10002597,Furniture,34.58,7.00,14.52
CA-2014-165974,29-06-2014,DL-12865,OFF-AR-10003405,Office Supplies,32.76,7.00,3.69
CA-2015-144267,21-08-2015,NZ-18565,FUR-CH-10002335,Furniture,544.01,3.00,40.80
CA-2015-144267,21-08-2015,NZ-18565,OFF-PA-10000157,Office Supplies,59.94,3.00,28.17
CA-2015-144267,21-08-2015,NZ-18565,OFF-PA-10001947,Office Supplies,23.92,4.00,11.72
CA-2015-144267,21-08-2015,NZ-18565,OFF-PA-10003657,Office Supplies,4.28,1.00,1.93
US-2015-157014,03-10-2015,BM-11785,OFF-BI-10001098,Office Supplies,32.07,5.00,-22.45
US-2015-157014,03-10-2015,BM-11785,TEC-AC-10002167,Technology,24.00,2.00,-2.70
US-2015-157014,03-10-2015,BM-11785,FUR-BO-10004409,Furniture,35.49,1.00,-15.62
US-2015-157014,03-10-2015,BM-11785,TEC-AC-10000057,Technology,47.98,2.00,0.60
CA-2015-154921,23-05-2015,EA-14035,OFF-EN-10000056,Office Supplies,186.69,3.00,87.74
CA-2017-129567,17-03-2017,CL-12565,OFF-BI-10000014,Office Supplies,17.46,2.00,5.89
CA-2015-154620,12-12-2015,LT-17110,FUR-CH-10004675,Furniture,348.93,2.00,34.89
CA-2015-115938,26-06-2015,SA-20830,OFF-BI-10001543,Office Supplies,143.96,4.00,69.10
CA-2015-115938,26-06-2015,SA-20830,OFF-ST-10001321,Office Supplies,15.42,1.00,4.16
CA-2015-115938,26-06-2015,SA-20830,OFF-BI-10001132,Office Supplies,43.04,8.00,21.09
CA-2015-115938,26-06-2015,SA-20830,FUR-CH-10003199,Furniture,332.94,3.00,79.91
CA-2016-105256,20-05-2016,JK-15730,TEC-PH-10001530,Technology,1363.96,5.00,85.25
CA-2014-156433,20-09-2014,ES-14020,OFF-LA-10001569,Office Supplies,9.96,2.00,4.58
CA-2014-156433,20-09-2014,ES-14020,OFF-PA-10003724,Office Supplies,21.72,4.00,10.64
CA-2017-151428,21-09-2017,RH-19495,OFF-BI-10000546,Office Supplies,20.16,7.00,9.88
CA-2015-124653,24-12-2015,DB-13120,OFF-PA-10000176,Office Supplies,132.79,7.00,63.74
CA-2015-124653,24-12-2015,DB-13120,OFF-PA-10002365,Office Supplies,12.96,2.00,6.22
CA-2015-124653,24-12-2015,DB-13120,OFF-LA-10002271,Office Supplies,21.56,7.00,10.35
CA-2015-101910,27-11-2015,CD-11920,FUR-CH-10002647,Furniture,283.92,5.00,17.75
CA-2017-105809,20-02-2017,HW-14935,FUR-FU-10004090,Furniture,22.23,1.00,7.34
CA-2017-105809,20-02-2017,HW-14935,TEC-PH-10001580,Technology,215.97,2.00,18.90
CA-2016-136133,18-08-2016,HW-14935,OFF-AP-10000576,Office Supplies,355.32,9.00,99.49
CA-2016-115504,12-03-2016,MC-18130,OFF-PA-10003953,Office Supplies,12.96,2.00,6.22
CA-2017-135783,22-04-2017,GM-14440,FUR-FU-10000794,Furniture,18.28,2.00,6.22
CA-2014-134313,01-11-2014,RA-19915,OFF-AR-10001897,Office Supplies,43.18,3.00,4.32
CA-2014-134313,01-11-2014,RA-19915,TEC-PH-10001795,Technology,1983.97,4.00,248.00
CA-2015-140921,03-02-2015,AA-10375,FUR-FU-10003347,Furniture,28.40,2.00,11.08
CA-2015-140921,03-02-2015,AA-10375,TEC-AC-10004901,Technology,149.97,3.00,50.99
CA-2014-151995,13-10-2014,ZC-21910,OFF-AR-10003190,Office Supplies,11.52,4.00,3.23
CA-2014-151995,13-10-2014,ZC-21910,FUR-TA-10002903,Furniture,1298.55,5.00,311.65
CA-2014-151995,13-10-2014,ZC-21910,OFF-AP-10000240,Office Supplies,213.92,4.00,62.04
CA-2014-151995,13-10-2014,ZC-21910,TEC-AC-10001101,Technology,25.78,2.00,2.58
CA-2017-143686,14-05-2017,PJ-19015,FUR-FU-10000794,Furniture,18.28,2.00,6.22
CA-2017-143686,14-05-2017,PJ-19015,TEC-AC-10001838,Technology,1399.93,7.00,601.97
CA-2015-106565,20-03-2015,BW-11110,OFF-PA-10000061,Office Supplies,51.84,8.00,24.88
CA-2016-149370,15-09-2016,DB-13210,OFF-PA-10003651,Office Supplies,5.34,1.00,1.87
CA-2014-140858,28-06-2014,CA-12775,OFF-PA-10000304,Office Supplies,41.47,8.00,14.52
CA-2014-140858,28-06-2014,CA-12775,OFF-BI-10003094,Office Supplies,3.17,3.00,-2.43
CA-2014-140858,28-06-2014,CA-12775,FUR-CH-10001394,Furniture,1228.47,5.00,0.00
CA-2014-140858,28-06-2014,CA-12775,OFF-BI-10004230,Office Supplies,31.09,3.00,-22.80
CA-2014-140858,28-06-2014,CA-12775,OFF-PA-10003395,Office Supplies,335.52,4.00,117.43
CA-2017-101434,20-06-2017,TR-21325,TEC-AC-10002402,Technology,239.97,3.00,71.99
CA-2017-101434,20-06-2017,TR-21325,OFF-LA-10003223,Office Supplies,9.82,2.00,4.81
US-2014-102071,09-05-2014,PG-18820,TEC-AC-10003441,Technology,67.80,4.00,4.07
US-2014-102071,09-05-2014,PG-18820,TEC-AC-10000109,Technology,167.97,3.00,40.31
CA-2017-126956,21-08-2017,GT-14710,OFF-FA-10002280,Office Supplies,35.00,7.00,16.80
CA-2017-126956,21-08-2017,GT-14710,OFF-SU-10000381,Office Supplies,37.24,4.00,10.80
CA-2017-126956,21-08-2017,GT-14710,OFF-EN-10004459,Office Supplies,15.28,2.00,7.49
CA-2017-129462,16-06-2017,JE-15745,FUR-CH-10000665,Furniture,301.96,2.00,90.59
CA-2017-129462,16-06-2017,JE-15745,OFF-AP-10003884,Office Supplies,180.66,3.00,50.58
CA-2017-129462,16-06-2017,JE-15745,TEC-PH-10001557,Technology,191.98,2.00,51.83
CA-2017-129462,16-06-2017,JE-15745,TEC-PH-10002085,Technology,65.99,1.00,17.16
CA-2016-165316,23-07-2016,JB-15400,OFF-AR-10002956,Office Supplies,35.22,2.00,2.64
CA-2016-165316,23-07-2016,JB-15400,OFF-AP-10003266,Office Supplies,23.70,2.00,6.52
CA-2016-165316,23-07-2016,JB-15400,TEC-MA-10004002,Technology,265.48,1.00,-111.50
US-2014-115987,08-09-2014,LH-17020,OFF-BI-10001071,Office Supplies,51.18,4.00,-79.34
US-2017-156083,04-11-2017,JL-15175,OFF-PA-10001560,Office Supplies,9.66,2.00,3.26
US-2016-137547,07-03-2016,EB-13705,TEC-PH-10002365,Technology,21.07,3.00,1.58
CA-2015-100454,20-11-2015,BM-11650,OFF-AR-10004648,Office Supplies,60.45,3.00,16.32
CA-2015-100454,20-11-2015,BM-11650,OFF-AR-10002578,Office Supplies,11.52,4.00,3.34
CA-2015-100454,20-11-2015,BM-11650,FUR-BO-10001519,Furniture,186.05,4.00,9.30
CA-2016-161669,07-11-2016,EM-14095,OFF-BI-10001294,Office Supplies,37.44,4.00,11.70
CA-2016-161669,07-11-2016,EM-14095,OFF-BI-10001636,Office Supplies,26.98,4.00,8.77
CA-2016-161669,07-11-2016,EM-14095,OFF-SU-10002503,Office Supplies,11.36,2.00,3.29
CA-2016-161669,07-11-2016,EM-14095,OFF-LA-10004093,Office Supplies,14.62,2.00,6.87
CA-2015-114300,13-10-2015,AF-10885,TEC-PH-10001552,Technology,83.72,7.00,23.44
CA-2015-114300,13-10-2015,AF-10885,FUR-CH-10001891,Furniture,287.94,3.00,77.74
CA-2017-107503,01-01-2017,GA-14725,FUR-FU-10003878,Furniture,48.90,4.00,8.56
CA-2014-107755,07-02-2014,CK-12760,TEC-AC-10000710,Technology,115.36,7.00,49.60
CA-2016-152534,20-06-2016,DP-13105,OFF-AR-10002335,Office Supplies,5.16,2.00,1.34
CA-2016-152534,20-06-2016,DP-13105,OFF-PA-10001870,Office Supplies,38.88,6.00,18.66
CA-2016-113747,28-05-2016,VD-21670,OFF-AR-10003373,Office Supplies,185.88,6.00,50.19
CA-2016-123274,19-02-2016,GT-14710,FUR-FU-10004090,Furniture,44.46,2.00,14.67
CA-2016-123274,19-02-2016,GT-14710,OFF-ST-10000736,Office Supplies,242.94,3.00,9.72
CA-2014-125612,03-08-2014,BK-11260,OFF-PA-10001019,Office Supplies,39.96,2.00,18.78
CA-2014-125612,03-08-2014,BK-11260,OFF-SU-10002537,Office Supplies,102.30,10.00,26.60
CA-2014-125612,03-08-2014,BK-11260,OFF-ST-10003221,Office Supplies,21.36,2.00,5.77
CA-2017-161984,10-04-2017,SJ-20125,OFF-PA-10004569,Office Supplies,7.61,1.00,3.58
CA-2017-161984,10-04-2017,SJ-20125,OFF-FA-10000624,Office Supplies,7.16,2.00,3.58
CA-2014-133851,09-06-2014,CM-12445,OFF-SU-10001225,Office Supplies,7.36,2.00,0.15
CA-2014-133851,09-06-2014,CM-12445,OFF-AR-10003752,Office Supplies,23.10,2.00,10.63
CA-2016-134474,05-01-2016,AJ-10795,TEC-AC-10001714,Technology,191.47,6.00,40.69
CA-2016-134474,05-01-2016,AJ-10795,OFF-AR-10003958,Office Supplies,5.25,2.00,0.59
CA-2016-134474,05-01-2016,AJ-10795,TEC-PH-10002923,Technology,59.18,2.00,5.18
CA-2014-149020,10-01-2014,AJ-10780,OFF-LA-10004272,Office Supplies,2.89,1.00,1.36
CA-2014-149020,10-01-2014,AJ-10780,FUR-FU-10000965,Furniture,51.94,1.00,21.30
CA-2016-134362,29-09-2016,LS-16945,OFF-LA-10004853,Office Supplies,15.94,4.00,5.18
CA-2014-136742,06-04-2014,GP-14740,OFF-BI-10003719,Office Supplies,44.91,6.00,-35.93
CA-2016-158099,03-09-2016,PK-18910,OFF-BI-10000545,Office Supplies,1141.47,5.00,-760.98
CA-2016-158099,03-09-2016,PK-18910,TEC-PH-10002496,Technology,280.78,3.00,-46.80
CA-2015-131128,19-10-2015,TB-21520,OFF-PA-10003591,Office Supplies,34.44,3.00,17.22
CA-2014-148488,10-12-2014,SM-20005,OFF-PA-10004470,Office Supplies,11.36,2.00,5.23
CA-2014-148488,10-12-2014,SM-20005,OFF-BI-10000315,Office Supplies,106.34,7.00,37.22
CA-2017-114636,25-08-2017,GA-14725,OFF-PA-10001790,Office Supplies,192.16,5.00,67.26
CA-2016-116736,17-01-2016,CC-12430,FUR-FU-10004017,Furniture,322.59,3.00,64.52
CA-2016-116736,17-01-2016,CC-12430,TEC-AC-10003628,Technology,29.99,1.00,13.20
CA-2016-116736,17-01-2016,CC-12430,TEC-AC-10002049,Technology,371.97,3.00,66.95
US-2014-158638,17-09-2014,AG-10765,OFF-BI-10003712,Office Supplies,5.89,4.00,-4.12
CA-2017-111689,30-11-2017,HP-14815,OFF-BI-10003984,Office Supplies,68.47,3.00,23.11
CA-2017-111689,30-11-2017,HP-14815,FUR-CH-10004287,Furniture,1242.90,5.00,262.39
CA-2015-129098,09-10-2015,DK-13090,OFF-ST-10001321,Office Supplies,30.84,2.00,8.33
US-2017-123463,23-12-2017,GZ-14470,OFF-AR-10001118,Office Supplies,13.48,4.00,5.93
CA-2016-165148,22-10-2016,PM-19135,FUR-FU-10000732,Furniture,31.40,5.00,10.05
CA-2014-134061,29-04-2014,LL-16840,FUR-FU-10001424,Furniture,17.46,2.00,5.94
CA-2015-143602,25-04-2015,JS-15595,OFF-BI-10002071,Office Supplies,13.94,3.00,4.53
CA-2017-115364,26-06-2017,OT-18730,OFF-ST-10002486,Office Supplies,83.76,12.00,1.68
CA-2017-150707,14-10-2017,EL-13735,OFF-BI-10001078,Office Supplies,37.66,7.00,18.45
CA-2014-104976,09-12-2014,CK-12760,OFF-PA-10003845,Office Supplies,34.68,6.00,16.99
CA-2017-132934,20-06-2017,JE-15475,TEC-AC-10000927,Technology,149.95,5.00,15.00
CA-2017-132934,20-06-2017,JE-15475,OFF-BI-10001098,Office Supplies,51.31,3.00,18.60
CA-2017-133256,26-06-2017,TH-21550,OFF-PA-10001622,Office Supplies,4.54,1.00,2.04
CA-2017-133256,26-06-2017,TH-21550,OFF-AR-10003158,Office Supplies,15.92,4.00,5.41
CA-2017-133256,26-06-2017,TH-21550,TEC-PH-10002660,Technology,543.92,8.00,135.98
CA-2016-105494,10-11-2016,PC-18745,OFF-ST-10002205,Office Supplies,155.82,7.00,42.07
CA-2016-105494,10-11-2016,PC-18745,OFF-BI-10003364,Office Supplies,70.01,3.00,24.50
CA-2016-140634,03-10-2016,HL-15040,OFF-EN-10001099,Office Supplies,15.65,2.00,5.09
CA-2014-144407,09-09-2014,MS-17365,OFF-LA-10003923,Office Supplies,103.60,7.00,51.80
CA-2017-160983,29-10-2017,GB-14530,OFF-PA-10002250,Office Supplies,46.96,8.00,22.54
US-2016-114622,10-04-2016,JR-16210,OFF-BI-10004716,Office Supplies,8.90,2.00,-6.53
CA-2017-150959,11-11-2017,TD-20995,OFF-LA-10001045,Office Supplies,10.44,5.00,3.39
CA-2017-150959,11-11-2017,TD-20995,OFF-BI-10001510,Office Supplies,18.34,4.00,-32.09
CA-2017-132353,15-09-2017,DB-13060,TEC-PH-10004536,Technology,323.98,3.00,20.25
CA-2016-130477,08-04-2016,LC-17140,OFF-PA-10002947,Office Supplies,20.04,3.00,9.62
CA-2016-130477,08-04-2016,LC-17140,OFF-ST-10002583,Office Supplies,64.96,2.00,2.60
CA-2016-130477,08-04-2016,LC-17140,OFF-PA-10000019,Office Supplies,12.96,2.00,6.22
CA-2017-143259,30-12-2017,PO-18865,FUR-BO-10003441,Furniture,323.14,4.00,12.12
CA-2017-143259,30-12-2017,PO-18865,TEC-PH-10004774,Technology,90.93,7.00,2.73
CA-2017-143259,30-12-2017,PO-18865,OFF-BI-10003684,Office Supplies,52.78,3.00,19.79
CA-2017-137596,02-09-2017,BE-11335,TEC-PH-10001494,Technology,1199.80,4.00,323.95
CA-2017-137596,02-09-2017,BE-11335,TEC-AC-10004666,Technology,1928.78,7.00,829.38
CA-2017-137596,02-09-2017,BE-11335,OFF-ST-10003816,Office Supplies,352.38,2.00,81.05
CA-2015-133627,31-05-2015,SC-20050,FUR-FU-10001935,Furniture,22.20,6.00,9.10
CA-2017-102519,27-11-2017,BM-11650,FUR-FU-10004091,Furniture,46.94,1.00,19.25
CA-2017-102519,27-11-2017,BM-11650,TEC-AC-10001772,Technology,143.73,9.00,56.05
US-2014-141215,15-06-2014,KL-16555,FUR-TA-10001520,Furniture,99.92,2.00,-18.56
US-2014-141215,15-06-2014,KL-16555,FUR-CH-10003379,Furniture,797.94,4.00,-57.00
US-2014-141215,15-06-2014,KL-16555,OFF-BI-10002706,Office Supplies,8.57,3.00,-14.57
CA-2016-165218,05-03-2016,RW-19630,OFF-EN-10000056,Office Supplies,149.35,3.00,50.41
CA-2016-165218,05-03-2016,RW-19630,OFF-ST-10001558,Office Supplies,12.99,1.00,-0.81
CA-2014-138296,05-12-2014,RC-19825,OFF-ST-10002444,Office Supplies,24.56,2.00,6.88
CA-2015-111164,11-04-2015,SE-20110,TEC-AC-10002473,Technology,85.14,3.00,34.91
CA-2015-111164,11-04-2015,SE-20110,TEC-PH-10004531,Technology,21.99,1.00,10.56
CA-2015-111164,11-04-2015,SE-20110,OFF-AP-10004487,Office Supplies,406.60,5.00,113.85
CA-2016-149797,15-09-2016,AH-10075,OFF-BI-10003650,Office Supplies,841.57,2.00,294.55
CA-2014-132962,13-09-2014,JM-15535,OFF-PA-10003543,Office Supplies,15.55,3.00,5.44
CA-2014-132962,13-09-2014,JM-15535,TEC-AC-10004353,Technology,252.00,5.00,53.55
CA-2015-115091,05-10-2015,JJ-15760,OFF-AR-10000658,Office Supplies,46.20,4.00,12.94
CA-2015-115091,05-10-2015,JJ-15760,OFF-AP-10000696,Office Supplies,28.84,2.00,9.52
CA-2017-144932,14-04-2017,AB-10165,OFF-AR-10003560,Office Supplies,14.59,3.00,2.55
CA-2017-144932,14-04-2017,AB-10165,OFF-AR-10001468,Office Supplies,89.86,3.00,21.34
CA-2017-144932,14-04-2017,AB-10165,OFF-PA-10004971,Office Supplies,13.87,3.00,5.03
CA-2017-114216,02-09-2017,RK-19300,OFF-PA-10002195,Office Supplies,12.19,3.00,4.11
CA-2016-140081,20-06-2016,CG-12040,OFF-PA-10001745,Office Supplies,45.06,8.00,15.21
CA-2016-140081,20-06-2016,CG-12040,OFF-BI-10004826,Office Supplies,29.72,6.00,-21.79
CA-2016-140081,20-06-2016,CG-12040,OFF-PA-10001870,Office Supplies,15.55,3.00,5.44
CA-2016-140081,20-06-2016,CG-12040,OFF-AP-10001058,Office Supplies,447.70,2.00,33.58
US-2017-111745,05-11-2017,RA-19885,TEC-AC-10003911,Technology,159.99,1.00,54.40
CA-2015-148250,13-12-2015,RP-19270,OFF-PA-10000289,Office Supplies,12.96,2.00,6.22
CA-2015-148250,13-12-2015,RP-19270,OFF-AP-10003040,Office Supplies,134.48,4.00,34.96
CA-2016-105760,19-06-2016,KC-16255,OFF-PA-10000350,Office Supplies,17.12,2.00,8.05
CA-2016-142958,13-12-2016,RW-19630,OFF-BI-10001759,Office Supplies,6.10,2.00,2.21
CA-2016-142958,13-12-2016,RW-19630,FUR-TA-10000577,Furniture,1114.27,4.00,41.79
CA-2015-120880,29-05-2015,JL-15850,OFF-PA-10004101,Office Supplies,32.40,5.00,15.55
CA-2015-120880,29-05-2015,JL-15850,OFF-ST-10001496,Office Supplies,540.57,3.00,140.55
CA-2015-120880,29-05-2015,JL-15850,OFF-BI-10002931,Office Supplies,167.76,5.00,62.91
US-2015-140200,26-07-2015,CA-12775,FUR-TA-10002356,Furniture,393.17,3.00,-204.45
US-2017-110576,28-11-2017,RB-19795,FUR-FU-10003601,Furniture,516.49,7.00,-12.91
US-2017-110576,28-11-2017,RB-19795,FUR-FU-10000576,Furniture,1007.23,6.00,75.54
US-2017-110576,28-11-2017,RB-19795,FUR-TA-10004154,Furniture,2065.32,12.00,-619.60
US-2017-110576,28-11-2017,RB-19795,OFF-PA-10000788,Office Supplies,15.55,3.00,5.44
US-2017-110576,28-11-2017,RB-19795,OFF-PA-10002479,Office Supplies,25.34,6.00,7.92
CA-2017-131156,03-04-2017,KH-16360,FUR-FU-10001940,Furniture,25.47,4.00,7.64
CA-2017-136539,28-12-2017,GH-14665,OFF-AR-10001958,Office Supplies,27.17,2.00,2.72
CA-2017-136539,28-12-2017,GH-14665,FUR-BO-10004709,Furniture,78.85,2.00,-11.60
CA-2017-119305,30-11-2017,SW-20275,OFF-ST-10000604,Office Supplies,173.80,5.00,43.45
CA-2017-102414,15-05-2017,JA-15970,TEC-PH-10002923,Technology,29.59,1.00,2.59
CA-2017-102414,15-05-2017,JA-15970,OFF-BI-10004465,Office Supplies,4.75,2.00,-3.17
CA-2017-102414,15-05-2017,JA-15970,OFF-PA-10002333,Office Supplies,15.55,3.00,5.64
CA-2015-112571,22-09-2015,DL-12925,FUR-FU-10004188,Furniture,204.60,2.00,53.20
CA-2017-152142,14-11-2017,LW-16990,FUR-CH-10002965,Furniture,321.57,2.00,28.14
CA-2015-160059,27-11-2015,TB-21190,OFF-BI-10000145,Office Supplies,6.24,2.00,3.06
CA-2016-120859,01-09-2016,CV-12805,OFF-EN-10001335,Office Supplies,21.88,2.00,10.94
CA-2014-127488,22-09-2014,MS-17365,OFF-LA-10001613,Office Supplies,4.61,2.00,1.67
CA-2017-135279,09-04-2017,BS-11800,OFF-LA-10004055,Office Supplies,9.82,2.00,4.81
CA-2017-135279,09-04-2017,BS-11800,OFF-AR-10004344,Office Supplies,35.97,3.00,9.71
CA-2017-135279,09-04-2017,BS-11800,OFF-PA-10004621,Office Supplies,12.96,2.00,6.22
CA-2017-135279,09-04-2017,BS-11800,OFF-PA-10001281,Office Supplies,191.60,4.00,91.97
CA-2017-135279,09-04-2017,BS-11800,OFF-LA-10001613,Office Supplies,8.64,3.00,4.23
CA-2017-135279,09-04-2017,BS-11800,OFF-ST-10001097,Office Supplies,501.81,3.00,0.00
CA-2014-115791,16-01-2014,DL-13315,FUR-FU-10001095,Furniture,127.10,6.00,28.60
CA-2014-115791,16-01-2014,DL-13315,TEC-PH-10004614,Technology,124.20,3.00,-31.05
CA-2014-115791,16-01-2014,DL-13315,OFF-BI-10001575,Office Supplies,18.59,2.00,-13.63
CA-2014-115791,16-01-2014,DL-13315,OFF-LA-10001074,Office Supplies,30.07,3.00,10.15
US-2017-103247,05-10-2017,PO-19195,TEC-PH-10003555,Technology,160.93,7.00,3.22
US-2017-103247,05-10-2017,PO-19195,OFF-BI-10004492,Office Supplies,75.79,3.00,25.58
US-2017-100209,09-07-2017,TD-20995,OFF-BI-10002012,Office Supplies,1.08,2.00,-0.79
CA-2017-159366,07-01-2017,BW-11110,TEC-MA-10000822,Technology,3059.98,2.00,680.00
CA-2016-145499,30-05-2016,RW-19690,OFF-BI-10000848,Office Supplies,3.28,2.00,-2.63
CA-2015-157035,09-12-2015,KB-16600,OFF-PA-10004156,Office Supplies,34.02,3.00,16.67
CA-2016-144939,03-10-2016,EB-13870,FUR-CH-10003199,Furniture,599.29,6.00,93.22
CA-2014-163419,11-11-2014,TZ-21580,OFF-AR-10000034,Office Supplies,3.39,1.00,0.81
CA-2014-163419,11-11-2014,TZ-21580,TEC-PH-10000560,Technology,559.98,2.00,56.00
CA-2014-163419,11-11-2014,TZ-21580,FUR-CH-10000665,Furniture,603.92,5.00,75.49
CA-2017-100314,29-09-2017,AS-10630,OFF-LA-10001569,Office Supplies,7.97,2.00,2.59
CA-2017-100314,29-09-2017,AS-10630,OFF-EN-10000461,Office Supplies,27.97,4.00,9.44
CA-2017-100314,29-09-2017,AS-10630,TEC-MA-10003066,Technology,336.51,3.00,44.87
CA-2015-146829,10-03-2015,TS-21340,OFF-BI-10004022,Office Supplies,1.11,2.00,-1.89
CA-2017-167899,21-05-2017,JG-15805,FUR-FU-10004071,Furniture,520.05,5.00,72.81
CA-2017-167899,21-05-2017,JG-15805,OFF-AR-10001988,Office Supplies,17.97,3.00,5.21
CA-2015-153549,29-03-2015,SL-20155,FUR-CH-10004086,Furniture,1166.92,5.00,131.28
CA-2016-110023,09-09-2016,TS-21610,OFF-BI-10001036,Office Supplies,14.62,2.00,5.48
CA-2016-105585,26-08-2016,RF-19735,OFF-FA-10002983,Office Supplies,10.23,3.00,4.91
CA-2016-105585,26-08-2016,RF-19735,OFF-PA-10003625,Office Supplies,154.90,5.00,69.71
CA-2014-117639,21-05-2014,MW-18235,OFF-BI-10003925,Office Supplies,2715.93,7.00,1276.49
CA-2014-117639,21-05-2014,MW-18235,TEC-PH-10001530,Technology,617.97,3.00,173.03
CA-2015-162537,28-10-2015,RD-19585,OFF-EN-10003862,Office Supplies,10.67,1.00,4.91
CA-2015-162537,28-10-2015,RD-19585,OFF-ST-10004258,Office Supplies,36.63,3.00,9.89
CA-2015-162537,28-10-2015,RD-19585,FUR-FU-10002885,Furniture,24.10,5.00,9.16
CA-2015-162537,28-10-2015,RD-19585,FUR-FU-10001918,Furniture,33.11,7.00,12.91
CA-2016-155488,13-11-2016,FM-14290,OFF-AR-10002956,Office Supplies,44.02,2.00,11.45
CA-2015-124891,31-07-2015,RH-19495,TEC-AC-10003033,Technology,2309.65,7.00,762.18
CA-2015-124891,31-07-2015,RH-19495,FUR-TA-10002903,Furniture,1090.78,7.00,-290.88
CA-2015-124891,31-07-2015,RH-19495,OFF-PA-10004621,Office Supplies,19.44,3.00,9.33
CA-2015-126445,27-08-2015,RA-19945,OFF-ST-10000046,Office Supplies,484.65,3.00,92.08
CA-2015-111199,13-11-2015,JK-15730,OFF-PA-10001790,Office Supplies,115.30,3.00,40.35
CA-2015-105312,06-11-2015,MT-17815,OFF-EN-10002600,Office Supplies,7.08,3.00,2.48
CA-2015-105312,06-11-2015,MT-17815,OFF-BI-10002049,Office Supplies,4.40,3.00,-3.52
US-2017-106705,26-12-2017,PO-18850,OFF-PA-10001509,Office Supplies,44.75,5.00,20.59
CA-2017-135034,01-08-2017,AT-10735,TEC-PH-10003931,Technology,95.98,2.00,6.00
CA-2014-158540,24-11-2014,VG-21790,FUR-FU-10001602,Furniture,151.72,4.00,27.31
CA-2017-118437,17-06-2017,PF-19165,FUR-FU-10004848,Furniture,155.25,3.00,46.58
CA-2017-118437,17-06-2017,PF-19165,OFF-ST-10003722,Office Supplies,14.03,1.00,4.07
US-2015-126214,21-12-2015,JS-15880,FUR-TA-10003748,Furniture,1618.37,13.00,356.04
US-2015-126214,21-12-2015,JS-15880,TEC-AC-10003198,Technology,99.60,1.00,36.85
CA-2015-133025,17-09-2015,MO-17800,OFF-PA-10004100,Office Supplies,32.40,5.00,15.55
CA-2015-108665,06-07-2015,KM-16225,FUR-FU-10002191,Furniture,13.96,2.00,6.70
CA-2015-108665,06-07-2015,KM-16225,FUR-FU-10000965,Furniture,155.82,3.00,63.89
CA-2015-108665,06-07-2015,KM-16225,TEC-PH-10004188,Technology,124.95,5.00,2.50
CA-2015-108665,06-07-2015,KM-16225,OFF-ST-10001526,Office Supplies,601.65,5.00,156.43
CA-2015-124450,27-04-2015,GT-14710,OFF-AR-10001166,Office Supplies,22.74,3.00,8.87
CA-2015-124450,27-04-2015,GT-14710,FUR-CH-10000309,Furniture,1267.53,3.00,316.88
CA-2015-124450,27-04-2015,GT-14710,TEC-MA-10004212,Technology,1379.92,8.00,648.56
CA-2015-167269,16-06-2015,PB-19150,OFF-EN-10003072,Office Supplies,6.21,2.00,2.17
CA-2017-106964,17-12-2017,HR-14770,OFF-BI-10000320,Office Supplies,11.81,2.00,4.28
CA-2016-126529,11-01-2016,DE-13255,OFF-PA-10001166,Office Supplies,15.55,3.00,5.44
CA-2016-126529,11-01-2016,DE-13255,OFF-PA-10003656,Office Supplies,63.31,3.00,20.58
CA-2016-126529,11-01-2016,DE-13255,TEC-PH-10000148,Technology,15.59,2.00,-9.87
CA-2014-163552,11-07-2014,LA-16780,OFF-PA-10000474,Office Supplies,177.20,5.00,83.28
CA-2014-163552,11-07-2014,LA-16780,TEC-PH-10003885,Technology,197.97,3.00,57.41
CA-2014-163552,11-07-2014,LA-16780,FUR-CH-10003379,Furniture,854.94,3.00,213.74
CA-2014-163552,11-07-2014,LA-16780,FUR-FU-10000629,Furniture,124.11,9.00,52.13
CA-2014-163552,11-07-2014,LA-16780,OFF-LA-10001175,Office Supplies,14.40,5.00,7.06
CA-2016-109820,20-11-2016,AG-10390,OFF-PA-10000955,Office Supplies,15.70,3.00,5.10
CA-2016-109820,20-11-2016,AG-10390,OFF-BI-10003460,Office Supplies,2.63,2.00,-1.93
CA-2016-109820,20-11-2016,AG-10390,OFF-BI-10000474,Office Supplies,14.43,3.00,-10.58
CA-2016-113061,22-04-2016,EL-13735,FUR-FU-10003975,Furniture,86.62,2.00,8.66
CA-2015-127418,13-06-2015,JJ-15445,OFF-BI-10003707,Office Supplies,36.62,3.00,13.73
CA-2017-121818,20-11-2017,JH-15430,OFF-AR-10000203,Office Supplies,23.97,7.00,2.70
CA-2017-121818,20-11-2017,JH-15430,OFF-AR-10004790,Office Supplies,28.73,3.00,1.80
CA-2016-127670,20-03-2016,RD-19660,FUR-TA-10001095,Furniture,697.16,4.00,146.40
CA-2016-102981,06-09-2016,MO-17500,TEC-AC-10004761,Technology,31.86,2.00,11.15
CA-2016-102981,06-09-2016,MO-17500,FUR-BO-10001811,Furniture,722.35,3.00,90.29
CA-2017-115651,09-07-2017,NS-18640,OFF-AR-10001130,Office Supplies,8.84,5.00,2.98
CA-2017-115651,09-07-2017,NS-18640,OFF-AP-10000055,Office Supplies,58.46,9.00,-146.16
CA-2017-152702,12-10-2017,SN-20710,FUR-CH-10002304,Furniture,254.60,14.00,-18.19
CA-2016-169103,08-03-2016,ZC-21910,TEC-PH-10001530,Technology,1363.96,5.00,85.25
CA-2016-169103,08-03-2016,ZC-21910,FUR-FU-10004006,Furniture,102.36,3.00,-3.84
CA-2014-139192,27-05-2014,LC-16885,TEC-PH-10000486,Technology,1113.50,12.00,125.27
CA-2014-139192,27-05-2014,LC-16885,TEC-AC-10001606,Technology,99.99,1.00,38.00
US-2015-153500,03-07-2015,DG-13300,FUR-FU-10000293,Furniture,168.46,2.00,-29.48
US-2015-153500,03-07-2015,DG-13300,OFF-PA-10001307,Office Supplies,6.72,2.00,2.44
US-2015-153500,03-07-2015,DG-13300,FUR-FU-10004460,Furniture,282.89,9.00,56.58
CA-2015-110667,04-04-2015,NF-18595,OFF-AR-10000716,Office Supplies,11.16,2.00,4.35
CA-2015-110667,04-04-2015,NF-18595,FUR-FU-10004622,Furniture,108.40,2.00,22.76
CA-2015-110667,04-04-2015,NF-18595,OFF-BI-10002735,Office Supplies,82.34,3.00,27.79
CA-2015-110667,04-04-2015,NF-18595,OFF-BI-10003529,Office Supplies,9.09,4.00,3.29
CA-2017-167150,10-12-2017,BP-11185,OFF-BI-10001097,Office Supplies,19.94,4.00,7.23
CA-2017-167150,10-12-2017,BP-11185,OFF-BI-10001597,Office Supplies,65.57,2.00,22.95
CA-2016-105284,24-11-2016,MG-17650,OFF-FA-10001754,Office Supplies,4.42,3.00,1.60
US-2015-125374,23-03-2015,JD-16060,FUR-CH-10003396,Furniture,107.77,2.00,-29.25
CA-2015-161263,16-04-2015,TS-21160,OFF-AP-10002350,Office Supplies,45.22,3.00,4.52
CA-2015-161263,16-04-2015,TS-21160,OFF-FA-10004838,Office Supplies,10.42,7.00,-2.21
CA-2015-161263,16-04-2015,TS-21160,OFF-AR-10004757,Office Supplies,7.87,3.00,1.28
CA-2015-161263,16-04-2015,TS-21160,TEC-PH-10002115,Technology,118.78,3.00,-27.72
CA-2015-161263,16-04-2015,TS-21160,OFF-FA-10003059,Office Supplies,1.45,1.00,0.24
CA-2015-161263,16-04-2015,TS-21160,OFF-BI-10004330,Office Supplies,55.47,5.00,-46.23
CA-2016-157686,01-10-2016,BD-11620,FUR-CH-10001146,Furniture,194.85,4.00,12.18
US-2017-139955,28-09-2017,CM-12160,OFF-SU-10001935,Office Supplies,1.74,1.00,-0.35
US-2015-150161,25-07-2015,RB-19795,OFF-BI-10001524,Office Supplies,25.18,4.00,-18.46
CA-2015-144652,20-11-2015,SN-20560,OFF-AR-10003732,Office Supplies,19.46,7.00,5.06
CA-2016-152814,28-04-2016,EH-14005,OFF-PA-10001970,Office Supplies,29.47,3.00,9.95
CA-2017-106943,14-11-2017,FO-14305,OFF-BI-10003669,Office Supplies,8.64,2.00,3.02
CA-2016-134348,12-11-2016,MS-17710,OFF-BI-10003727,Office Supplies,6.27,5.00,-4.60
CA-2016-134348,12-11-2016,MS-17710,OFF-BI-10004967,Office Supplies,4.37,7.00,-3.35
CA-2016-134348,12-11-2016,MS-17710,TEC-AC-10003447,Technology,31.98,2.00,2.00
CA-2016-161781,29-09-2016,CC-12100,OFF-AR-10000255,Office Supplies,40.88,7.00,10.63
CA-2017-132521,23-09-2017,DW-13540,OFF-AP-10002191,Office Supplies,119.96,2.00,33.59
CA-2017-132521,23-09-2017,DW-13540,OFF-ST-10001325,Office Supplies,31.44,3.00,8.49
CA-2017-132521,23-09-2017,DW-13540,OFF-BI-10000404,Office Supplies,6.88,1.00,2.32
CA-2015-110016,29-11-2015,BT-11395,OFF-PA-10000349,Office Supplies,19.92,4.00,9.36
CA-2015-110016,29-11-2015,BT-11395,FUR-CH-10002880,Furniture,1106.91,9.00,121.76
US-2016-143819,01-03-2016,KD-16270,FUR-TA-10001095,Furniture,836.59,8.00,-264.92
US-2016-143819,01-03-2016,KD-16270,OFF-PA-10003127,Office Supplies,26.38,1.00,12.13
US-2016-143819,01-03-2016,KD-16270,OFF-ST-10003208,Office Supplies,362.92,2.00,105.25
US-2016-143819,01-03-2016,KD-16270,TEC-MA-10003979,Technology,4899.93,7.00,2400.97
CA-2016-167584,12-08-2016,LC-16870,OFF-PA-10000029,Office Supplies,6.48,1.00,3.11
CA-2016-166163,15-08-2016,CY-12745,TEC-PH-10004896,Technology,71.98,3.00,7.20
CA-2016-166163,15-08-2016,CY-12745,OFF-LA-10000452,Office Supplies,3.15,1.00,1.51
CA-2017-158407,04-06-2017,LW-16990,FUR-FU-10001967,Furniture,31.98,2.00,2.00
CA-2017-158407,04-06-2017,LW-16990,TEC-PH-10001819,Technology,71.98,2.00,25.19
CA-2015-143490,06-12-2015,NP-18325,OFF-AR-10002952,Office Supplies,120.15,9.00,33.64
CA-2015-143490,06-12-2015,NP-18325,TEC-PH-10000576,Technology,219.18,2.00,19.18
CA-2015-165085,27-12-2015,BT-11485,OFF-PA-10000605,Office Supplies,28.90,5.00,14.16
CA-2015-165085,27-12-2015,BT-11485,OFF-AP-10002518,Office Supplies,355.96,2.00,103.23
CA-2017-160423,21-01-2017,PS-19045,OFF-ST-10004340,Office Supplies,348.21,7.00,30.47
CA-2017-160423,21-01-2017,PS-19045,OFF-BI-10004001,Office Supplies,35.78,7.00,-28.63
CA-2014-159338,25-06-2014,NS-18640,FUR-TA-10004147,Furniture,447.84,5.00,11.20
CA-2016-107216,14-06-2016,PV-18985,OFF-AR-10001545,Office Supplies,7.04,4.00,2.04
CA-2016-107216,14-06-2016,PV-18985,FUR-FU-10000206,Furniture,8.73,3.00,4.10
CA-2016-107216,14-06-2016,PV-18985,TEC-AC-10001013,Technology,29.29,1.00,9.67
CA-2016-107216,14-06-2016,PV-18985,OFF-AR-10002255,Office Supplies,8.64,3.00,2.51
US-2017-145863,21-04-2017,RP-19390,OFF-BI-10004140,Office Supplies,2.69,3.00,-4.71
US-2017-145863,21-04-2017,RP-19390,OFF-BI-10002049,Office Supplies,2.93,3.00,-4.99
CA-2016-112340,21-10-2016,NM-18520,OFF-PA-10001892,Office Supplies,22.92,3.00,11.23
US-2016-110156,19-11-2016,EH-13945,OFF-ST-10000642,Office Supplies,100.70,6.00,-16.36
US-2016-110156,19-11-2016,EH-13945,FUR-FU-10000206,Furniture,2.33,2.00,-0.76
US-2016-110156,19-11-2016,EH-13945,OFF-BI-10003676,Office Supplies,10.78,5.00,-17.25
US-2016-110156,19-11-2016,EH-13945,OFF-FA-10003495,Office Supplies,58.37,12.00,21.89
US-2016-110156,19-11-2016,EH-13945,OFF-EN-10003798,Office Supplies,40.97,3.00,13.83
US-2016-110156,19-11-2016,EH-13945,TEC-PH-10003589,Technology,71.96,5.00,25.19
US-2016-110156,19-11-2016,EH-13945,OFF-PA-10004735,Office Supplies,10.37,2.00,3.63
US-2016-110156,19-11-2016,EH-13945,OFF-BI-10002609,Office Supplies,1.19,2.00,-2.03
CA-2017-140585,18-12-2017,RA-19915,OFF-BI-10003364,Office Supplies,46.67,2.00,16.34
CA-2017-140585,18-12-2017,RA-19915,FUR-BO-10002206,Furniture,119.83,1.00,-12.69
CA-2017-140585,18-12-2017,RA-19915,TEC-AC-10003610,Technology,119.98,2.00,57.59
CA-2016-144855,22-07-2016,DL-13495,OFF-LA-10003766,Office Supplies,6.30,2.00,3.02
CA-2015-142755,04-09-2015,CS-12355,OFF-PA-10001970,Office Supplies,279.90,5.00,137.15
CA-2015-142755,04-09-2015,CS-12355,TEC-AC-10002049,Technology,619.95,5.00,111.59
CA-2015-142755,04-09-2015,CS-12355,OFF-PA-10000141,Office Supplies,4.36,2.00,2.05
CA-2015-142755,04-09-2015,CS-12355,OFF-EN-10004459,Office Supplies,15.28,2.00,7.49
US-2014-147627,20-01-2014,HL-15040,TEC-PH-10001061,Technology,699.93,7.00,181.98
US-2014-147627,20-01-2014,HL-15040,OFF-AR-10002375,Office Supplies,22.96,7.00,6.66
US-2014-147627,20-01-2014,HL-15040,FUR-FU-10003194,Furniture,38.60,4.00,11.58
US-2014-147627,20-01-2014,HL-15040,OFF-AR-10003811,Office Supplies,6.63,3.00,1.79
US-2014-147627,20-01-2014,HL-15040,OFF-EN-10001539,Office Supplies,23.34,3.00,10.97
US-2014-147627,20-01-2014,HL-15040,FUR-CH-10002331,Furniture,1067.94,3.00,224.27
CA-2015-105970,02-03-2015,PA-19060,OFF-AR-10003156,Office Supplies,10.16,1.00,2.64
CA-2015-105970,02-03-2015,PA-19060,OFF-EN-10001532,Office Supplies,101.88,6.00,50.94
CA-2016-112102,12-04-2016,BD-11605,FUR-TA-10004086,Furniture,343.92,4.00,75.66
CA-2016-112102,12-04-2016,BD-11605,OFF-PA-10000100,Office Supplies,40.99,1.00,20.09
CA-2016-112102,12-04-2016,BD-11605,OFF-EN-10002500,Office Supplies,63.90,5.00,28.76
US-2016-114776,06-12-2016,GG-14650,OFF-PA-10004100,Office Supplies,19.44,3.00,9.33
US-2016-134908,05-06-2016,JS-15940,OFF-ST-10003479,Office Supplies,124.61,4.00,-23.36
US-2016-134908,05-06-2016,JS-15940,OFF-LA-10000973,Office Supplies,7.56,3.00,2.65
US-2016-148803,11-12-2016,LR-16915,OFF-ST-10001476,Office Supplies,85.22,3.00,7.46
CA-2016-152170,12-11-2016,FH-14275,OFF-EN-10002831,Office Supplies,287.52,8.00,129.38
CA-2016-152170,12-11-2016,FH-14275,OFF-AP-10002350,Office Supplies,37.68,2.00,10.55
CA-2016-152170,12-11-2016,FH-14275,OFF-PA-10001763,Office Supplies,19.98,2.00,8.99
CA-2016-152170,12-11-2016,FH-14275,OFF-AR-10003394,Office Supplies,20.58,7.00,5.56
CA-2016-152170,12-11-2016,FH-14275,OFF-BI-10002072,Office Supplies,17.38,2.00,8.69
CA-2014-146969,29-09-2014,AP-10915,FUR-FU-10004188,Furniture,204.60,2.00,53.20
CA-2014-146969,29-09-2014,AP-10915,OFF-FA-10001561,Office Supplies,8.72,4.00,2.88
CA-2014-146969,29-09-2014,AP-10915,OFF-PA-10002105,Office Supplies,6.48,1.00,3.11
CA-2014-146969,29-09-2014,AP-10915,TEC-MA-10004241,Technology,686.32,2.00,223.05
CA-2014-146969,29-09-2014,AP-10915,OFF-ST-10004340,Office Supplies,62.18,1.00,16.79
CA-2015-112452,04-04-2015,NC-18340,OFF-AP-10003849,Office Supplies,644.08,2.00,107.35
CA-2015-112452,04-04-2015,NC-18340,OFF-FA-10000735,Office Supplies,5.84,2.00,2.63
CA-2015-112452,04-04-2015,NC-18340,OFF-BI-10003350,Office Supplies,12.76,2.00,5.87
CA-2015-112452,04-04-2015,NC-18340,TEC-PH-10000307,Technology,10.95,1.00,0.44
CA-2015-112452,04-04-2015,NC-18340,TEC-CO-10004202,Technology,599.98,2.00,209.99
CA-2015-113971,08-05-2015,CB-12535,FUR-FU-10001852,Furniture,8.35,6.00,1.25
CA-2017-160395,31-12-2016,KL-16555,OFF-AR-10003759,Office Supplies,3.64,2.00,1.64
CA-2017-160395,31-12-2016,KL-16555,OFF-BI-10003984,Office Supplies,159.77,7.00,53.92
CA-2014-136567,20-12-2014,PS-19045,OFF-ST-10004337,Office Supplies,122.48,2.00,0.00
CA-2014-136567,20-12-2014,PS-19045,FUR-TA-10001932,Furniture,2244.48,7.00,493.79
CA-2014-136567,20-12-2014,PS-19045,OFF-BI-10003982,Office Supplies,62.31,3.00,29.29
CA-2014-136567,20-12-2014,PS-19045,FUR-TA-10000617,Furniture,455.10,2.00,100.12
CA-2016-149314,02-07-2016,GB-14530,FUR-CH-10002126,Furniture,195.18,1.00,19.52
CA-2017-147039,29-06-2017,AA-10315,OFF-AP-10000576,Office Supplies,362.94,3.00,90.74
CA-2017-147039,29-06-2017,AA-10315,OFF-BI-10004654,Office Supplies,11.54,2.00,5.77
CA-2014-126522,01-09-2014,LT-16765,OFF-AR-10004042,Office Supplies,53.94,3.00,15.64
CA-2014-127964,03-03-2014,AP-10720,TEC-PH-10004700,Technology,9.99,1.00,4.60
CA-2014-127964,03-03-2014,AP-10720,OFF-BI-10004593,Office Supplies,125.76,3.00,40.87
CA-2014-127964,03-03-2014,AP-10720,OFF-BI-10003429,Office Supplies,25.32,5.00,9.18
CA-2014-117709,04-05-2014,PM-18940,OFF-BI-10001294,Office Supplies,46.80,4.00,21.06
CA-2015-125416,02-11-2015,KC-16540,TEC-AC-10001552,Technology,447.93,9.00,49.27
CA-2017-145226,08-12-2017,DL-13315,FUR-FU-10004952,Furniture,109.48,2.00,33.94
CA-2017-145226,08-12-2017,DL-13315,OFF-ST-10004123,Office Supplies,272.94,3.00,0.00
CA-2017-145226,08-12-2017,DL-13315,OFF-PA-10003172,Office Supplies,19.44,3.00,9.33
CA-2017-145226,08-12-2017,DL-13315,OFF-ST-10002352,Office Supplies,31.92,4.00,8.30
US-2014-100279,10-03-2014,SW-20275,OFF-PA-10002259,Office Supplies,22.38,2.00,10.74
CA-2014-158064,21-04-2014,AA-10375,OFF-BI-10002976,Office Supplies,16.52,5.00,5.58
US-2015-104430,22-10-2015,LT-17110,OFF-BI-10000301,Office Supplies,5.18,4.00,-7.76
CA-2015-132080,22-08-2015,DP-13105,OFF-BI-10003694,Office Supplies,50.11,6.00,16.29
CA-2016-161207,29-08-2016,AB-10060,OFF-SU-10000381,Office Supplies,27.93,3.00,8.10
CA-2014-120243,27-12-2014,AT-10435,OFF-LA-10004425,Office Supplies,11.56,4.00,5.43
CA-2016-113621,01-12-2016,JE-15745,FUR-CH-10001270,Furniture,172.50,2.00,51.75
CA-2016-113621,01-12-2016,JE-15745,TEC-PH-10003931,Technology,179.97,3.00,44.99
CA-2016-168081,24-04-2016,CA-12055,TEC-AC-10003174,Technology,258.70,3.00,64.67
CA-2014-128146,21-06-2014,DB-13060,TEC-PH-10004539,Technology,1322.93,7.00,357.19
CA-2014-128146,21-06-2014,DB-13060,OFF-AR-10001919,Office Supplies,3.76,2.00,1.09
CA-2017-138779,14-01-2017,RB-19570,OFF-EN-10002504,Office Supplies,21.74,1.00,7.34
CA-2017-138779,14-01-2017,RB-19570,TEC-PH-10003655,Technology,7.92,5.00,0.69
CA-2014-127131,24-11-2014,HR-14830,OFF-BI-10004656,Office Supplies,12.10,7.00,4.23
CA-2014-127131,24-11-2014,HR-14830,OFF-ST-10002344,Office Supplies,485.88,6.00,9.72
CA-2014-127131,24-11-2014,HR-14830,OFF-PA-10001800,Office Supplies,25.92,4.00,12.44
CA-2014-127131,24-11-2014,HR-14830,OFF-ST-10000036,Office Supplies,197.58,2.00,53.35
CA-2017-117212,26-02-2017,BT-11530,OFF-AP-10004532,Office Supplies,81.92,4.00,22.12
CA-2017-117212,26-02-2017,BT-11530,TEC-PH-10004447,Technology,889.54,8.00,66.72
CA-2017-117212,26-02-2017,BT-11530,FUR-CH-10003973,Furniture,892.22,3.00,89.22
CA-2017-117212,26-02-2017,BT-11530,OFF-PA-10001970,Office Supplies,223.92,4.00,109.72
CA-2017-117212,26-02-2017,BT-11530,OFF-PA-10000682,Office Supplies,23.12,4.00,11.33
US-2015-130519,15-09-2015,NG-18355,OFF-PA-10001937,Office Supplies,15.55,3.00,5.44
US-2015-130519,15-09-2015,NG-18355,FUR-FU-10002268,Furniture,15.71,4.00,2.55
US-2015-130519,15-09-2015,NG-18355,OFF-ST-10001321,Office Supplies,24.67,2.00,2.16
US-2015-130519,15-09-2015,NG-18355,FUR-FU-10003394,Furniture,55.97,1.00,-2.10
CA-2016-130946,08-04-2016,ZC-21910,TEC-AC-10001990,Technology,431.93,9.00,64.79
CA-2016-130946,08-04-2016,ZC-21910,FUR-CH-10004540,Furniture,95.98,4.00,-4.11
CA-2016-130946,08-04-2016,ZC-21910,OFF-BI-10004995,Office Supplies,1088.79,4.00,-1850.95
CA-2016-114727,18-07-2016,LS-16945,FUR-CH-10002335,Furniture,544.01,3.00,40.80
CA-2016-114727,18-07-2016,LS-16945,OFF-BI-10004967,Office Supplies,1.87,3.00,-1.44
CA-2016-114727,18-07-2016,LS-16945,FUR-CH-10002331,Furniture,854.35,3.00,10.68
CA-2016-114727,18-07-2016,LS-16945,OFF-ST-10002292,Office Supplies,593.57,2.00,0.00
CA-2016-114727,18-07-2016,LS-16945,OFF-ST-10000689,Office Supplies,338.04,3.00,-33.80
CA-2017-133235,01-08-2017,LH-16750,TEC-PH-10002660,Technology,271.96,5.00,17.00
CA-2016-137050,14-07-2016,SW-20755,OFF-ST-10004634,Office Supplies,11.21,1.00,3.36
CA-2016-137050,14-07-2016,SW-20755,OFF-BI-10002160,Office Supplies,9.14,3.00,3.20
CA-2016-137050,14-07-2016,SW-20755,OFF-FA-10002988,Office Supplies,14.07,7.00,6.89
CA-2016-137050,14-07-2016,SW-20755,OFF-AR-10004999,Office Supplies,41.86,7.00,10.47
CA-2016-137050,14-07-2016,SW-20755,OFF-BI-10001031,Office Supplies,8.54,2.00,2.88
CA-2016-137050,14-07-2016,SW-20755,FUR-BO-10004695,Furniture,579.14,4.00,21.72
US-2017-118087,09-09-2017,SP-20620,FUR-CH-10004860,Furniture,141.37,2.00,-48.47
US-2017-118087,09-09-2017,SP-20620,OFF-BI-10002432,Office Supplies,3.04,2.00,-2.33
US-2017-118087,09-09-2017,SP-20620,OFF-BI-10000069,Office Supplies,4.50,1.00,-3.60
US-2017-118087,09-09-2017,SP-20620,OFF-AR-10003602,Office Supplies,4.67,1.00,1.58
US-2017-118087,09-09-2017,SP-20620,TEC-AC-10004469,Technology,95.88,3.00,28.76
US-2017-118087,09-09-2017,SP-20620,FUR-FU-10001867,Furniture,17.02,2.00,1.70
US-2017-118087,09-09-2017,SP-20620,TEC-AC-10003174,Technology,258.70,3.00,64.67
US-2017-118087,09-09-2017,SP-20620,TEC-PH-10002200,Technology,1931.96,7.00,-386.39
CA-2014-110184,12-07-2014,BF-11170,OFF-ST-10000107,Office Supplies,249.75,9.00,44.96
CA-2014-110184,12-07-2014,BF-11170,TEC-PH-10000439,Technology,255.94,8.00,28.79
CA-2016-126004,04-12-2016,BM-11140,FUR-FU-10001602,Furniture,113.79,3.00,20.48
CA-2016-126004,04-12-2016,BM-11140,TEC-AC-10001432,Technology,78.15,1.00,34.39
CA-2016-126004,04-12-2016,BM-11140,OFF-BI-10004656,Office Supplies,1.73,1.00,0.60
CA-2016-126004,04-12-2016,BM-11140,OFF-PA-10001685,Office Supplies,40.56,4.00,19.87
CA-2016-126004,04-12-2016,BM-11140,OFF-ST-10001418,Office Supplies,182.94,3.00,3.66
CA-2016-126004,04-12-2016,BM-11140,OFF-ST-10000676,Office Supplies,193.86,2.00,11.63
CA-2017-100013,06-11-2017,ZC-21910,OFF-EN-10001219,Office Supplies,15.28,2.00,7.49
CA-2017-100013,06-11-2017,ZC-21910,FUR-FU-10001424,Furniture,8.73,1.00,2.97
CA-2017-100013,06-11-2017,ZC-21910,OFF-AR-10001022,Office Supplies,5.68,2.00,1.76
CA-2015-132570,31-10-2015,KT-16480,OFF-AR-10000369,Office Supplies,2.78,2.00,0.72
CA-2015-132570,31-10-2015,KT-16480,OFF-EN-10003055,Office Supplies,79.96,2.00,35.98
CA-2016-153682,30-05-2016,BG-11695,TEC-CO-10001046,Technology,839.99,2.00,70.00
CA-2016-144344,28-10-2016,PG-18820,FUR-FU-10000076,Furniture,47.95,3.00,13.79
CA-2016-144344,28-10-2016,PG-18820,OFF-BI-10003719,Office Supplies,37.43,5.00,-29.94
CA-2016-144344,28-10-2016,PG-18820,FUR-FU-10003268,Furniture,63.97,2.00,0.00
CA-2016-144344,28-10-2016,PG-18820,FUR-FU-10003553,Furniture,165.05,3.00,41.26
CA-2014-127012,11-08-2014,GM-14680,FUR-FU-10003691,Furniture,12.35,1.00,5.43
CA-2014-127012,11-08-2014,GM-14680,OFF-AR-10003903,Office Supplies,40.97,1.00,10.65
CA-2014-127012,11-08-2014,GM-14680,OFF-FA-10004854,Office Supplies,22.96,2.00,10.79
CA-2016-128727,29-08-2016,MO-17800,TEC-PH-10003442,Technology,22.00,4.00,5.50
US-2016-162859,15-02-2016,PG-18820,OFF-BI-10004519,Office Supplies,398.35,3.00,124.49
US-2016-162859,15-02-2016,PG-18820,OFF-FA-10000304,Office Supplies,8.72,4.00,3.58
CA-2017-133641,14-05-2017,EJ-14155,OFF-EN-10004955,Office Supplies,48.69,9.00,23.86
CA-2014-168494,12-12-2014,NP-18700,FUR-TA-10004619,Furniture,764.69,6.00,95.59
CA-2014-168494,12-12-2014,NP-18700,FUR-TA-10003473,Furniture,3610.85,12.00,135.41
CA-2014-168494,12-12-2014,NP-18700,FUR-BO-10004467,Furniture,254.97,3.00,12.00
CA-2017-115602,18-12-2017,DJ-13630,OFF-AR-10002280,Office Supplies,38.82,6.00,17.47
CA-2017-115602,18-12-2017,DJ-13630,FUR-CH-10001708,Furniture,1141.94,9.00,139.57
CA-2017-115602,18-12-2017,DJ-13630,OFF-AP-10000891,Office Supplies,1704.56,13.00,511.37
CA-2017-115602,18-12-2017,DJ-13630,OFF-AR-10000462,Office Supplies,3.20,2.00,1.38
CA-2015-154956,04-07-2015,IM-15070,TEC-PH-10004165,Technology,1099.96,4.00,285.99
CA-2017-144638,10-03-2017,MH-18115,OFF-AR-10003958,Office Supplies,5.25,2.00,0.59
CA-2017-144638,10-03-2017,MH-18115,TEC-PH-10000149,Technology,35.91,3.00,-8.38
CA-2017-144638,10-03-2017,MH-18115,FUR-FU-10003724,Furniture,6.70,1.00,0.50
CA-2017-144638,10-03-2017,MH-18115,FUR-FU-10003535,Furniture,43.87,2.00,11.52
US-2016-168620,24-12-2016,RB-19795,OFF-BI-10001575,Office Supplies,27.88,3.00,-20.45
US-2016-168620,24-12-2016,RB-19795,OFF-ST-10003716,Office Supplies,540.05,3.00,-47.25
US-2016-168620,24-12-2016,RB-19795,TEC-AC-10004469,Technology,255.68,8.00,76.70
CA-2017-117079,23-10-2017,JR-15700,TEC-PH-10004586,Technology,863.88,3.00,107.99
US-2016-144393,28-10-2016,SM-20950,OFF-BI-10004236,Office Supplies,17.62,4.00,-14.09
CA-2017-105053,07-07-2017,CS-12355,OFF-BI-10001634,Office Supplies,17.47,3.00,6.33
CA-2016-155992,01-10-2016,CC-12220,TEC-PH-10000215,Technology,69.90,2.00,18.87
CA-2016-155992,01-10-2016,CC-12220,FUR-FU-10003724,Furniture,41.85,5.00,10.88
CA-2017-110380,02-09-2017,PF-19225,OFF-AR-10000422,Office Supplies,6.57,3.00,1.77
US-2014-167738,24-12-2014,JC-16105,OFF-ST-10003306,Office Supplies,142.86,1.00,41.43
US-2014-167738,24-12-2014,JC-16105,FUR-CH-10001146,Furniture,292.27,6.00,18.27
CA-2017-121412,23-09-2017,BG-11695,FUR-FU-10000246,Furniture,29.33,3.00,3.67
CA-2017-100426,04-06-2017,DC-12850,OFF-PA-10002870,Office Supplies,12.48,2.00,5.62
US-2016-103646,21-04-2016,SP-20545,OFF-ST-10000563,Office Supplies,102.34,4.00,-12.79
US-2016-103646,21-04-2016,SP-20545,OFF-AP-10004487,Office Supplies,48.79,3.00,-126.86
US-2016-103646,21-04-2016,SP-20545,OFF-BI-10002854,Office Supplies,44.85,8.00,-67.27
CA-2016-119186,26-05-2016,MS-17710,OFF-PA-10004621,Office Supplies,10.37,2.00,3.63
CA-2016-119186,26-05-2016,MS-17710,FUR-CH-10001973,Furniture,388.43,5.00,-88.78
CA-2016-119186,26-05-2016,MS-17710,OFF-PA-10004040,Office Supplies,14.35,3.00,5.20
CA-2016-119186,26-05-2016,MS-17710,TEC-AC-10000580,Technology,63.99,1.00,-7.20
CA-2016-148698,02-05-2016,BD-11770,OFF-AR-10004022,Office Supplies,86.35,3.00,5.40
CA-2014-163293,08-09-2014,KC-16255,TEC-AC-10004209,Technology,32.97,3.00,12.86
CA-2014-163293,08-09-2014,KC-16255,TEC-AC-10000023,Technology,83.88,4.00,30.20
CA-2016-160815,05-09-2016,TR-21325,TEC-PH-10003505,Technology,278.40,3.00,80.74
CA-2017-122154,09-04-2017,SA-20830,OFF-LA-10000121,Office Supplies,15.12,3.00,4.91
CA-2017-122154,09-04-2017,SA-20830,OFF-BI-10002026,Office Supplies,17.43,1.00,-13.36
CA-2017-122154,09-04-2017,SA-20830,OFF-PA-10000994,Office Supplies,251.64,3.00,88.07
US-2015-149692,06-12-2015,KW-16435,OFF-BI-10002813,Office Supplies,2.77,7.00,-4.85
CA-2016-119445,26-06-2016,GM-14500,OFF-ST-10000617,Office Supplies,14.90,5.00,1.04
CA-2015-124268,04-07-2015,AD-10180,OFF-AR-10004817,Office Supplies,15.48,3.00,4.49
CA-2016-154711,22-11-2016,TB-21355,FUR-FU-10000397,Furniture,39.88,2.00,11.17
CA-2016-154711,22-11-2016,TB-21355,OFF-BI-10000605,Office Supplies,12.19,4.00,4.11
CA-2016-154711,22-11-2016,TB-21355,OFF-AR-10001860,Office Supplies,20.82,3.00,7.50
CA-2016-163384,10-11-2016,CC-12430,OFF-BI-10004970,Office Supplies,13.22,4.00,4.46
CA-2016-163384,10-11-2016,CC-12430,OFF-PA-10003172,Office Supplies,32.40,5.00,15.55
CA-2015-101707,27-08-2015,PF-19165,OFF-SU-10001218,Office Supplies,32.94,3.00,9.22
CA-2015-101707,27-08-2015,PF-19165,OFF-PA-10002968,Office Supplies,114.20,5.00,52.53
CA-2015-101707,27-08-2015,PF-19165,OFF-LA-10000134,Office Supplies,3.08,1.00,1.48
CA-2015-138898,25-05-2015,JH-16180,OFF-AP-10004487,Office Supplies,845.73,13.00,84.57
CA-2017-115427,30-12-2017,EB-13975,OFF-BI-10002103,Office Supplies,13.90,2.00,4.52
CA-2017-115427,30-12-2017,EB-13975,OFF-BI-10004632,Office Supplies,20.72,2.00,6.48
CA-2016-134425,08-12-2016,QJ-19255,TEC-PH-10003555,Technology,114.95,5.00,2.30
CA-2015-121391,04-10-2015,AA-10315,OFF-ST-10001590,Office Supplies,26.96,2.00,7.01
CA-2016-137043,23-12-2016,LC-17140,FUR-FU-10003664,Furniture,572.76,6.00,166.10
CA-2016-137043,23-12-2016,LC-17140,FUR-FU-10003664,Furniture,286.38,3.00,83.05
CA-2015-115847,19-09-2015,TC-21535,FUR-BO-10003433,Furniture,61.96,2.00,4.34
US-2017-126179,03-07-2017,CS-12460,FUR-FU-10002554,Furniture,23.99,1.00,5.52
US-2017-126179,03-07-2017,CS-12460,TEC-PH-10001557,Technology,287.97,3.00,77.75
CA-2016-101966,14-07-2016,BM-11785,TEC-PH-10003437,Technology,419.94,7.00,52.49
CA-2016-141397,20-06-2016,RC-19825,OFF-PA-10002986,Office Supplies,46.76,7.00,22.44
CA-2016-141397,20-06-2016,RC-19825,OFF-BI-10000320,Office Supplies,17.71,3.00,6.42
CA-2016-141397,20-06-2016,RC-19825,OFF-AP-10003971,Office Supplies,21.78,2.00,5.66
CA-2016-141397,20-06-2016,RC-19825,OFF-ST-10001469,Office Supplies,161.94,3.00,9.72
CA-2016-141397,20-06-2016,RC-19825,FUR-CH-10003846,Furniture,161.57,2.00,-8.08
CA-2016-141082,09-12-2016,FM-14380,OFF-LA-10001404,Office Supplies,3.69,1.00,1.73
CA-2016-141082,09-12-2016,FM-14380,OFF-LA-10001474,Office Supplies,122.12,4.00,56.18
US-2016-134488,24-09-2016,PK-19075,FUR-CH-10003199,Furniture,155.37,2.00,-13.32
CA-2016-145919,18-12-2016,HG-14965,OFF-PA-10003072,Office Supplies,38.88,6.00,18.66
CA-2016-145919,18-12-2016,HG-14965,FUR-FU-10004960,Furniture,183.84,8.00,62.51
CA-2016-145919,18-12-2016,HG-14965,OFF-SU-10003505,Office Supplies,579.30,5.00,28.97
CA-2017-157651,10-12-2017,HA-14920,TEC-AC-10003116,Technology,14.20,1.00,3.37
CA-2014-160773,01-07-2014,LW-16825,TEC-PH-10004586,Technology,575.92,2.00,71.99
CA-2014-160773,01-07-2014,LW-16825,OFF-BI-10000546,Office Supplies,5.18,6.00,-3.63
CA-2017-167703,03-02-2017,MC-17575,OFF-BI-10002071,Office Supplies,5.23,3.00,-4.18
CA-2017-167703,03-02-2017,MC-17575,OFF-ST-10001490,Office Supplies,285.55,2.00,35.69
CA-2017-121804,03-03-2017,LP-17095,OFF-AP-10004859,Office Supplies,72.80,5.00,19.66
CA-2017-162635,09-10-2017,EB-14170,OFF-PA-10002659,Office Supplies,10.82,4.00,3.52
CA-2014-107153,28-09-2014,GZ-14545,OFF-ST-10001321,Office Supplies,46.26,3.00,12.49
US-2014-117058,27-05-2014,LE-16810,OFF-BI-10004139,Office Supplies,17.46,6.00,-30.56
CA-2015-120439,14-06-2015,AD-10180,FUR-FU-10001867,Furniture,51.07,6.00,5.11
CA-2016-128258,30-03-2016,CP-12085,OFF-PA-10004156,Office Supplies,11.34,1.00,5.56
CA-2017-106033,15-10-2017,FG-14260,OFF-AR-10002818,Office Supplies,87.92,4.00,26.38
CA-2016-142762,23-05-2016,LD-17005,FUR-FU-10003691,Furniture,37.05,3.00,16.30
CA-2017-127705,02-06-2017,AB-10255,TEC-PH-10000347,Technology,2.97,1.00,-0.64
CA-2017-127705,02-06-2017,AB-10255,OFF-ST-10004507,Office Supplies,27.44,2.00,2.40
CA-2014-122567,16-02-2014,MN-17935,OFF-BI-10002012,Office Supplies,1.08,3.00,-1.73
CA-2014-122567,16-02-2014,MN-17935,OFF-AP-10001303,Office Supplies,7.96,2.00,-13.93
CA-2014-121664,06-05-2014,HP-14815,OFF-BI-10003684,Office Supplies,140.74,8.00,52.78
CA-2016-122133,16-05-2016,JR-15670,OFF-ST-10002574,Office Supplies,552.56,4.00,0.00
US-2017-123281,02-04-2017,JF-15190,FUR-FU-10003724,Furniture,25.11,3.00,6.53
CA-2017-100524,31-03-2017,CM-12115,FUR-FU-10004018,Furniture,29.78,2.00,8.04
CA-2017-100524,31-03-2017,CM-12115,TEC-PH-10002549,Technology,677.58,3.00,176.17
CA-2017-100524,31-03-2017,CM-12115,OFF-PA-10004911,Office Supplies,75.04,8.00,36.02
CA-2017-113481,02-01-2017,AS-10045,TEC-MA-10002178,Technology,695.70,2.00,-27.83
CA-2017-113481,02-01-2017,AS-10045,OFF-BI-10003694,Office Supplies,15.66,5.00,-12.53
CA-2017-113481,02-01-2017,AS-10045,OFF-BI-10000474,Office Supplies,28.85,6.00,-21.16
CA-2015-131758,28-05-2015,KB-16315,OFF-AR-10000411,Office Supplies,47.82,3.00,14.35
CA-2015-131758,28-05-2015,KB-16315,OFF-LA-10000262,Office Supplies,13.05,5.00,6.00
CA-2014-118339,17-03-2014,BN-11515,OFF-AP-10001154,Office Supplies,93.78,2.00,36.57
CA-2014-118339,17-03-2014,BN-11515,OFF-PA-10000466,Office Supplies,47.18,7.00,23.59
CA-2014-118339,17-03-2014,BN-11515,OFF-AR-10003829,Office Supplies,19.68,6.00,5.71
CA-2014-118339,17-03-2014,BN-11515,OFF-BI-10001758,Office Supplies,53.40,10.00,25.10
CA-2014-118339,17-03-2014,BN-11515,OFF-BI-10000136,Office Supplies,35.88,6.00,17.22
CA-2014-153976,03-10-2014,BP-11290,FUR-CH-10002880,Furniture,258.28,3.00,-70.10
CA-2016-162901,28-03-2016,AS-10045,OFF-ST-10000649,Office Supplies,31.40,2.00,7.85
CA-2017-162978,04-05-2017,LW-16990,TEC-PH-10003092,Technology,183.96,5.00,20.70
CA-2017-162978,04-05-2017,LW-16990,OFF-PA-10002250,Office Supplies,17.61,3.00,8.45
CA-2017-162978,04-05-2017,LW-16990,FUR-TA-10003473,Furniture,300.90,1.00,11.28
US-2014-160444,05-07-2014,DC-12850,OFF-ST-10001522,Office Supplies,220.78,3.00,-44.16
US-2014-160444,05-07-2014,DC-12850,OFF-ST-10000563,Office Supplies,281.42,11.00,-35.18
CA-2016-145247,05-05-2016,ND-18370,OFF-PA-10003641,Office Supplies,79.14,3.00,36.40
CA-2017-160045,26-04-2017,LB-16735,FUR-FU-10000010,Furniture,1.99,1.00,-1.44
US-2014-151925,26-09-2014,KT-16465,FUR-CH-10002961,Furniture,145.57,2.00,0.00
CA-2017-125199,19-10-2017,HM-14860,OFF-AR-10002956,Office Supplies,123.26,7.00,9.24
CA-2017-125199,19-10-2017,HM-14860,OFF-PA-10004041,Office Supplies,23.68,4.00,7.40
CA-2017-125199,19-10-2017,HM-14860,TEC-PH-10001336,Technology,309.58,4.00,-56.76
US-2017-155425,10-11-2017,AB-10600,OFF-BI-10001036,Office Supplies,38.39,14.00,-25.59
US-2017-155425,10-11-2017,AB-10600,TEC-MA-10003183,Technology,95.99,2.00,-64.00
US-2017-155425,10-11-2017,AB-10600,TEC-AC-10001314,Technology,239.95,6.00,-35.99
US-2017-155425,10-11-2017,AB-10600,TEC-PH-10002563,Technology,201.58,2.00,15.12
US-2017-155425,10-11-2017,AB-10600,FUR-CH-10003312,Furniture,899.14,4.00,-146.11
CA-2017-133249,08-07-2017,SZ-20035,FUR-FU-10001588,Furniture,145.90,5.00,62.74
US-2015-103471,24-12-2015,JR-15670,FUR-BO-10002613,Furniture,590.06,7.00,-786.74
US-2015-103471,24-12-2015,JR-15670,OFF-AR-10003405,Office Supplies,14.04,3.00,1.58
CA-2017-136672,07-03-2017,MG-17890,TEC-AC-10004510,Technology,49.08,3.00,4.91
US-2014-157021,01-04-2014,KM-16720,OFF-LA-10002312,Office Supplies,29.60,2.00,14.80
US-2014-157021,01-04-2014,KM-16720,OFF-BI-10000042,Office Supplies,17.09,4.00,5.55
CA-2015-120362,14-09-2015,CA-12265,FUR-TA-10003008,Furniture,912.75,5.00,118.66
CA-2014-126361,04-08-2014,VD-21670,OFF-AP-10003590,Office Supplies,1089.75,3.00,305.13
CA-2014-126361,04-08-2014,VD-21670,OFF-PA-10000806,Office Supplies,447.84,8.00,219.44
CA-2014-126361,04-08-2014,VD-21670,OFF-AR-10000896,Office Supplies,16.40,5.00,4.26
CA-2014-126361,04-08-2014,VD-21670,TEC-PH-10002310,Technology,399.96,5.00,35.00
CA-2014-126361,04-08-2014,VD-21670,OFF-ST-10002289,Office Supplies,158.90,5.00,7.95
CA-2014-126361,04-08-2014,VD-21670,OFF-BI-10002852,Office Supplies,13.18,1.00,4.78
US-2016-100566,03-09-2016,JK-16120,FUR-FU-10003394,Furniture,83.95,3.00,-90.25
US-2016-108504,05-02-2016,PP-18955,OFF-ST-10002344,Office Supplies,80.98,1.00,1.62
US-2016-108504,05-02-2016,PP-18955,OFF-PA-10001289,Office Supplies,348.84,9.00,170.93
US-2016-108504,05-02-2016,PP-18955,OFF-FA-10000053,Office Supplies,9.45,5.00,0.19
US-2016-108504,05-02-2016,PP-18955,FUR-FU-10004091,Furniture,18.84,3.00,7.16
US-2016-108504,05-02-2016,PP-18955,FUR-BO-10004015,Furniture,239.98,2.00,52.80
US-2016-108504,05-02-2016,PP-18955,OFF-EN-10003001,Office Supplies,167.96,2.00,78.94
US-2016-108504,05-02-2016,PP-18955,TEC-PH-10000215,Technology,104.85,3.00,28.31
US-2016-108504,05-02-2016,PP-18955,TEC-PH-10003645,Technology,484.83,3.00,126.06
US-2016-108504,05-02-2016,PP-18955,OFF-PA-10000357,Office Supplies,122.97,3.00,60.26
US-2016-108504,05-02-2016,PP-18955,OFF-ST-10004804,Office Supplies,154.44,3.00,1.54
US-2016-108504,05-02-2016,PP-18955,OFF-PA-10003892,Office Supplies,342.37,7.00,160.91
CA-2017-124828,03-07-2017,YS-21880,OFF-AR-10003514,Office Supplies,9.55,3.00,1.55
US-2017-117247,09-10-2017,CK-12760,FUR-TA-10002958,Furniture,652.45,5.00,-430.62
US-2017-117247,09-10-2017,CK-12760,FUR-TA-10001676,Furniture,66.65,3.00,-42.65
CA-2016-124485,24-11-2016,NC-18340,OFF-BI-10000822,Office Supplies,17.22,4.00,6.03
CA-2016-124485,24-11-2016,NC-18340,OFF-PA-10004971,Office Supplies,11.56,2.00,5.66
CA-2016-124485,24-11-2016,NC-18340,TEC-AC-10002323,Technology,88.40,4.00,11.49
CA-2016-124485,24-11-2016,NC-18340,OFF-PA-10004888,Office Supplies,6.48,1.00,3.11
CA-2016-159212,01-11-2016,KM-16375,TEC-PH-10003988,Technology,21.80,2.00,6.10
CA-2016-159212,01-11-2016,KM-16375,OFF-EN-10002230,Office Supplies,251.79,3.00,118.34
US-2016-161396,19-04-2016,GM-14455,FUR-TA-10002622,Furniture,205.18,2.00,-58.13
US-2016-161396,19-04-2016,GM-14455,OFF-PA-10000418,Office Supplies,419.40,5.00,146.79
US-2014-118486,06-04-2014,SD-20485,OFF-SU-10004498,Office Supplies,10.30,1.00,-2.19
US-2014-118486,06-04-2014,SD-20485,FUR-TA-10001039,Furniture,154.76,3.00,-36.11
US-2014-118486,06-04-2014,SD-20485,TEC-AC-10004659,Technology,116.78,2.00,21.90
CA-2016-130407,02-09-2016,KD-16270,OFF-AR-10002240,Office Supplies,75.48,2.00,19.62
CA-2016-130407,02-09-2016,KD-16270,FUR-FU-10001967,Furniture,39.98,2.00,10.00
US-2016-122245,25-09-2016,AB-10105,FUR-TA-10002356,Furniture,393.17,3.00,-204.45
CA-2017-105144,04-11-2017,SZ-20035,OFF-LA-10003923,Office Supplies,23.68,2.00,8.88
CA-2016-136329,09-07-2016,JD-15895,FUR-CH-10002335,Furniture,408.01,2.00,72.53
CA-2016-136329,09-07-2016,JD-15895,FUR-FU-10000723,Furniture,165.28,4.00,14.88
CA-2014-146640,30-06-2014,HA-14905,OFF-BI-10002867,Office Supplies,334.77,7.00,108.80
CA-2017-115994,28-01-2017,BT-11305,TEC-AC-10000580,Technology,239.97,3.00,26.40
CA-2017-115994,28-01-2017,BT-11305,FUR-FU-10003976,Furniture,37.74,3.00,12.83
CA-2015-126697,21-09-2015,SV-20815,TEC-PH-10002922,Technology,946.34,7.00,118.29
CA-2015-126697,21-09-2015,SV-20815,TEC-AC-10004353,Technology,151.20,3.00,32.13
CA-2015-126697,21-09-2015,SV-20815,FUR-FU-10001706,Furniture,4.93,4.00,-1.48
CA-2015-124800,26-09-2015,RW-19540,OFF-PA-10000501,Office Supplies,86.27,4.00,31.27
CA-2015-124800,26-09-2015,RW-19540,OFF-BI-10000778,Office Supplies,72.59,2.00,-48.39
CA-2015-124800,26-09-2015,RW-19540,OFF-AP-10004980,Office Supplies,60.67,2.00,14.41
CA-2015-124800,26-09-2015,RW-19540,OFF-BI-10003984,Office Supplies,77.03,9.00,-59.06
CA-2015-124800,26-09-2015,RW-19540,OFF-ST-10000798,Office Supplies,119.90,6.00,-1.50
CA-2015-124800,26-09-2015,RW-19540,TEC-PH-10001750,Technology,263.96,5.00,23.10
CA-2015-124800,26-09-2015,RW-19540,OFF-ST-10002743,Office Supplies,363.65,4.00,-86.37
US-2015-164448,31-10-2015,DK-12835,OFF-BI-10002949,Office Supplies,9.73,2.00,3.28
US-2015-164448,31-10-2015,DK-12835,OFF-EN-10002600,Office Supplies,14.75,5.00,7.08
US-2015-164448,31-10-2015,DK-12835,OFF-BI-10003708,Office Supplies,29.80,5.00,9.31
US-2015-164448,31-10-2015,DK-12835,OFF-LA-10003510,Office Supplies,427.42,14.00,196.61
CA-2017-122700,26-11-2017,LT-17110,TEC-PH-10003092,Technology,220.75,8.00,-40.47
CA-2014-120768,19-12-2014,IM-15070,OFF-BI-10001191,Office Supplies,152.76,6.00,74.85
CA-2014-120768,19-12-2014,IM-15070,OFF-SU-10004115,Office Supplies,7.27,1.00,1.96
CA-2014-120768,19-12-2014,IM-15070,FUR-CH-10000513,Furniture,1819.86,14.00,163.79
US-2016-153129,26-12-2016,FP-14320,OFF-PA-10003673,Office Supplies,33.90,5.00,15.59
CA-2017-106852,20-06-2017,ST-20530,OFF-PA-10001639,Office Supplies,31.10,6.00,10.89
CA-2017-106852,20-06-2017,ST-20530,OFF-AR-10003829,Office Supplies,5.25,2.00,0.59
CA-2015-139731,15-10-2015,JE-15745,TEC-AC-10004975,Technology,263.88,3.00,42.88
CA-2015-139731,15-10-2015,JE-15745,FUR-CH-10002024,Furniture,2453.43,5.00,-350.49
CA-2017-122735,12-04-2017,BD-11320,OFF-BI-10004364,Office Supplies,29.70,5.00,13.37
CA-2017-122735,12-04-2017,BD-11320,OFF-PA-10001712,Office Supplies,39.96,4.00,17.98
CA-2017-128160,19-12-2017,MM-17920,OFF-BI-10001510,Office Supplies,36.67,2.00,11.46
CA-2017-117695,05-08-2017,PW-19030,OFF-PA-10002713,Office Supplies,13.76,2.00,6.33
CA-2015-166135,01-10-2015,SC-20440,OFF-ST-10002974,Office Supplies,139.42,4.00,17.43
CA-2016-133725,23-05-2016,KL-16645,TEC-PH-10004165,Technology,1979.93,9.00,148.49
CA-2017-102337,13-06-2017,SD-20485,OFF-ST-10004804,Office Supplies,164.74,4.00,-39.12
CA-2017-102337,13-06-2017,SD-20485,FUR-CH-10004289,Furniture,470.30,7.00,-87.34
CA-2017-102337,13-06-2017,SD-20485,TEC-PH-10002564,Technology,47.98,2.00,6.00
US-2014-112564,23-04-2014,TS-21160,OFF-BI-10004876,Office Supplies,2.50,3.00,-1.75
CA-2015-145821,01-05-2015,JB-15400,TEC-PH-10004348,Technology,88.75,3.00,11.09
US-2015-160150,19-07-2015,TS-21085,OFF-BI-10004352,Office Supplies,2.03,1.00,-1.35
CA-2016-133711,26-11-2016,MC-17425,OFF-PA-10001685,Office Supplies,70.98,7.00,34.78
CA-2016-133711,26-11-2016,MC-17425,OFF-BI-10000666,Office Supplies,91.68,3.00,45.84
CA-2016-133711,26-11-2016,MC-17425,OFF-BI-10004352,Office Supplies,33.75,5.00,16.88
CA-2016-133711,26-11-2016,MC-17425,TEC-MA-10000010,Technology,3040.00,8.00,1459.20
CA-2017-148474,12-06-2017,ME-17320,OFF-BI-10000977,Office Supplies,91.20,3.00,41.95
CA-2017-148474,12-06-2017,ME-17320,FUR-TA-10002530,Furniture,452.94,3.00,67.94
CA-2015-111297,17-08-2015,SC-20440,OFF-BI-10002412,Office Supplies,52.20,9.00,23.49
CA-2016-123722,25-09-2016,NH-18610,OFF-LA-10001569,Office Supplies,15.94,4.00,5.18
CA-2014-155271,04-05-2014,AA-10480,FUR-FU-10001473,Furniture,27.46,2.00,9.89
CA-2015-119907,01-12-2015,LC-17140,OFF-BI-10001765,Office Supplies,55.42,2.00,19.40
US-2016-128902,11-03-2016,MB-18085,FUR-TA-10001095,Furniture,244.01,2.00,-31.37
CA-2016-152289,26-08-2016,LC-16930,TEC-AC-10004571,Technology,159.98,2.00,44.00
CA-2016-152289,26-08-2016,LC-16930,FUR-CH-10002126,Furniture,1024.72,6.00,-29.28
US-2016-104794,16-12-2016,KD-16495,OFF-FA-10001754,Office Supplies,3.68,2.00,1.80
CA-2014-151708,08-08-2014,MB-17305,FUR-FU-10001602,Furniture,121.38,4.00,-3.03
CA-2014-151708,08-08-2014,MB-17305,TEC-AC-10001767,Technology,95.98,3.00,-10.80
CA-2015-100769,16-05-2015,TH-21550,TEC-AC-10002402,Technology,255.97,4.00,32.00
CA-2017-139199,09-12-2017,DK-12835,FUR-CH-10000847,Furniture,872.94,3.00,226.96
CA-2017-139199,09-12-2017,DK-12835,OFF-BI-10003982,Office Supplies,41.54,2.00,19.52
CA-2017-139199,09-12-2017,DK-12835,OFF-PA-10001293,Office Supplies,12.96,2.00,6.22
US-2015-161466,24-09-2015,ON-18715,OFF-AR-10000634,Office Supplies,6.85,2.00,0.60
CA-2017-164959,11-07-2017,KN-16390,OFF-LA-10004272,Office Supplies,8.67,3.00,4.07
US-2015-105676,01-12-2015,NM-18520,FUR-FU-10004270,Furniture,6.69,4.00,-4.01
CA-2016-113138,19-11-2016,NP-18685,OFF-AR-10003770,Office Supplies,17.28,6.00,5.01
CA-2016-113138,19-11-2016,NP-18685,OFF-BI-10000320,Office Supplies,17.71,3.00,6.42
US-2017-104955,19-03-2017,CG-12040,OFF-LA-10003121,Office Supplies,28.91,7.00,13.30
CA-2016-121958,13-11-2016,CS-12505,OFF-SU-10000381,Office Supplies,52.14,7.00,5.87
CA-2017-121468,19-11-2017,KD-16345,TEC-PH-10000376,Technology,31.97,4.00,2.40
US-2016-108455,02-12-2016,MK-18160,OFF-PA-10002262,Office Supplies,25.92,4.00,12.44
US-2016-108455,02-12-2016,MK-18160,OFF-PA-10002464,Office Supplies,40.46,7.00,19.83
US-2016-108455,02-12-2016,MK-18160,OFF-ST-10002214,Office Supplies,33.87,3.00,8.81
CA-2017-101210,25-08-2017,DW-13540,OFF-AR-10003560,Office Supplies,9.73,2.00,1.70
CA-2017-101210,25-08-2017,DW-13540,OFF-PA-10000130,Office Supplies,3.42,1.00,1.07
US-2016-108098,14-10-2016,CP-12340,TEC-AC-10000865,Technology,177.00,3.00,30.09
CA-2014-119032,27-11-2014,MS-17770,OFF-FA-10003021,Office Supplies,3.76,2.00,1.32
CA-2015-140410,03-11-2015,CM-12655,TEC-PH-10003580,Technology,1212.85,7.00,106.12
CA-2015-140410,03-11-2015,CM-12655,TEC-AC-10001109,Technology,89.97,3.00,37.79
CA-2015-140410,03-11-2015,CM-12655,FUR-FU-10003347,Furniture,42.60,3.00,16.61
CA-2014-136280,29-11-2014,Co-12640,OFF-LA-10000452,Office Supplies,5.04,2.00,1.76
CA-2017-151911,30-04-2017,DL-13495,OFF-EN-10002986,Office Supplies,62.96,4.00,28.33
CA-2017-166436,24-11-2017,TS-21370,OFF-PA-10001838,Office Supplies,5.88,1.00,2.88
CA-2017-166436,24-11-2017,TS-21370,FUR-CH-10000785,Furniture,977.29,6.00,173.74
CA-2017-139661,30-10-2017,JW-15220,FUR-FU-10002885,Furniture,9.64,2.00,3.66
CA-2014-123925,17-12-2014,RF-19840,OFF-AR-10002952,Office Supplies,40.05,3.00,11.21
CA-2017-152485,04-09-2017,JD-15790,OFF-AR-10003759,Office Supplies,10.19,7.00,3.19
CA-2017-152485,04-09-2017,JD-15790,OFF-ST-10004950,Office Supplies,16.78,1.00,-0.21
CA-2017-152485,04-09-2017,JD-15790,OFF-AR-10001940,Office Supplies,13.12,5.00,3.77
CA-2016-141586,17-10-2016,NK-18490,OFF-BI-10003981,Office Supplies,18.16,5.00,6.58
CA-2017-130386,12-11-2017,NG-18430,OFF-PA-10002749,Office Supplies,16.06,3.00,5.82
CA-2017-130386,12-11-2017,NG-18430,OFF-PA-10003823,Office Supplies,223.06,9.00,69.71
CA-2017-130386,12-11-2017,NG-18430,OFF-ST-10003716,Office Supplies,540.05,3.00,-47.25
CA-2016-100468,24-11-2016,AT-10435,TEC-PH-10001300,Technology,33.52,2.00,3.35
CA-2016-100468,24-11-2016,AT-10435,FUR-FU-10000010,Furniture,9.94,2.00,3.08
CA-2015-153388,01-08-2015,PC-19000,OFF-AR-10001868,Office Supplies,6.72,4.00,3.36
CA-2015-153388,01-08-2015,PC-19000,FUR-TA-10003715,Furniture,1004.98,6.00,-175.87
CA-2017-154935,24-12-2017,AR-10540,OFF-BI-10003708,Office Supplies,17.88,3.00,5.59
CA-2016-134208,17-09-2016,CS-12505,TEC-MA-10004458,Technology,396.00,4.00,190.08
CA-2017-108294,10-12-2017,LS-16975,OFF-BI-10004965,Office Supplies,34.50,3.00,15.53
CA-2017-103611,12-09-2017,JM-15535,FUR-FU-10004270,Furniture,8.36,2.00,3.01
CA-2017-100384,24-06-2017,NH-18610,OFF-AR-10002135,Office Supplies,385.60,8.00,111.82
CA-2017-100384,24-06-2017,NH-18610,OFF-AR-10003514,Office Supplies,35.82,9.00,11.82
CA-2017-112809,18-08-2017,RA-19915,OFF-ST-10002276,Office Supplies,200.06,3.00,12.50
CA-2017-112809,18-08-2017,RA-19915,OFF-BI-10001098,Office Supplies,21.38,5.00,-33.14
CA-2017-112809,18-08-2017,RA-19915,OFF-BI-10001636,Office Supplies,6.74,4.00,-11.46
US-2017-160759,11-12-2017,AI-10855,FUR-CH-10002961,Furniture,63.69,1.00,-9.10
CA-2017-148446,10-12-2017,MC-17845,FUR-TA-10004256,Furniture,1669.60,4.00,116.87
CA-2014-111059,03-02-2014,TB-21400,OFF-BI-10004593,Office Supplies,83.84,2.00,27.25
CA-2014-111059,03-02-2014,TB-21400,OFF-BI-10002827,Office Supplies,13.27,3.00,4.31
CA-2017-116204,11-02-2017,VW-21775,OFF-BI-10001759,Office Supplies,21.34,7.00,7.73
CA-2017-109946,16-04-2017,PL-18925,OFF-AR-10001419,Office Supplies,16.52,5.00,2.07
CA-2015-144806,06-12-2015,GH-14425,FUR-FU-10002253,Furniture,206.11,6.00,48.95
CA-2015-144806,06-12-2015,GH-14425,OFF-PA-10002586,Office Supplies,19.92,5.00,6.72
CA-2015-144806,06-12-2015,GH-14425,OFF-PA-10003039,Office Supplies,198.27,8.00,61.96
CA-2015-144806,06-12-2015,GH-14425,OFF-ST-10004804,Office Supplies,247.10,6.00,-58.69
CA-2015-144806,06-12-2015,GH-14425,OFF-AR-10004042,Office Supplies,86.30,6.00,9.71
CA-2016-122392,22-07-2016,CJ-12010,OFF-AR-10002221,Office Supplies,4.16,2.00,0.36
CA-2016-122392,22-07-2016,CJ-12010,FUR-FU-10002456,Furniture,11.65,2.00,3.35
CA-2015-148432,07-11-2015,MC-18130,OFF-FA-10004968,Office Supplies,26.18,7.00,0.52
CA-2015-148432,07-11-2015,MC-18130,OFF-PA-10001274,Office Supplies,7.30,2.00,3.43
CA-2015-103793,26-03-2015,BV-11245,OFF-PA-10001125,Office Supplies,74.35,3.00,23.24
CA-2017-159884,31-08-2017,JF-15490,OFF-ST-10000344,Office Supplies,10.74,1.00,0.81
CA-2017-159884,31-08-2017,JF-15490,OFF-FA-10000585,Office Supplies,8.38,3.00,2.72
CA-2016-139885,04-12-2016,EB-13840,OFF-ST-10003324,Office Supplies,212.88,6.00,0.00
CA-2017-124086,10-02-2017,MP-18175,FUR-BO-10004015,Furniture,203.98,2.00,16.80
CA-2016-112389,29-10-2016,JM-15655,OFF-ST-10000419,Office Supplies,40.74,3.00,0.41
CA-2016-112389,29-10-2016,JM-15655,OFF-AP-10001626,Office Supplies,11.67,3.00,3.03
CA-2017-121888,15-09-2017,CL-11890,TEC-PH-10000439,Technology,39.99,1.00,11.60
CA-2017-121888,15-09-2017,CL-11890,OFF-AR-10003478,Office Supplies,16.28,2.00,6.51
CA-2017-121888,15-09-2017,CL-11890,FUR-BO-10002545,Furniture,782.94,3.00,203.56
CA-2017-121888,15-09-2017,CL-11890,OFF-BI-10001765,Office Supplies,242.48,7.00,116.39
CA-2014-166884,11-03-2014,CK-12205,FUR-FU-10003981,Furniture,8.32,5.00,2.29
CA-2014-166884,11-03-2014,CK-12205,OFF-FA-10001561,Office Supplies,10.46,6.00,1.70
CA-2014-107181,04-02-2014,DB-13270,OFF-BI-10004230,Office Supplies,82.90,3.00,29.01
CA-2014-107181,04-02-2014,DB-13270,OFF-PA-10000350,Office Supplies,34.24,4.00,16.09
CA-2014-150245,31-12-2014,PC-18745,FUR-BO-10002613,Furniture,1573.49,7.00,196.69
CA-2015-111395,23-11-2015,VB-21745,OFF-PA-10000994,Office Supplies,335.52,4.00,117.43
CA-2015-111395,23-11-2015,VB-21745,OFF-BI-10002867,Office Supplies,23.91,2.00,-40.65
CA-2015-111395,23-11-2015,VB-21745,OFF-ST-10001291,Office Supplies,27.06,2.00,2.37
CA-2014-134278,06-07-2014,EP-13915,TEC-CO-10001046,Technology,559.99,1.00,175.00
US-2017-124926,13-11-2017,ME-17320,OFF-AP-10004868,Office Supplies,9.32,6.00,-24.71
CA-2016-159345,17-06-2016,IG-15085,OFF-PA-10000806,Office Supplies,111.96,2.00,54.86
CA-2014-130274,03-05-2014,JS-15940,OFF-LA-10002195,Office Supplies,21.56,7.00,10.35
CA-2017-158386,16-10-2017,BO-11425,OFF-BI-10003719,Office Supplies,124.75,5.00,57.39
CA-2015-111507,06-02-2015,VW-21775,OFF-AR-10001315,Office Supplies,5.28,3.00,1.53
CA-2017-120761,04-09-2017,AB-10150,TEC-AC-10000171,Technology,91.96,4.00,39.54
CA-2016-109176,09-05-2016,JW-16075,OFF-EN-10003134,Office Supplies,9.34,1.00,3.50
CA-2016-109176,09-05-2016,JW-16075,OFF-AR-10001955,Office Supplies,79.36,5.00,9.92
CA-2015-112116,16-03-2015,JE-15475,FUR-TA-10001039,Furniture,171.96,2.00,44.71
CA-2016-126809,09-04-2016,EB-13750,OFF-BI-10003712,Office Supplies,35.35,9.00,12.82
CA-2014-105172,04-04-2014,PK-18910,OFF-LA-10001641,Office Supplies,18.90,6.00,9.07
CA-2017-107293,05-09-2017,CS-12400,OFF-AR-10003732,Office Supplies,2.78,1.00,0.72
US-2017-102890,30-06-2017,SG-20470,FUR-TA-10000577,Furniture,1044.63,5.00,-295.98
CA-2015-158554,09-11-2015,CM-12190,OFF-PA-10004000,Office Supplies,11.35,3.00,4.12
CA-2014-116239,04-03-2014,CL-12565,OFF-ST-10001370,Office Supplies,354.90,5.00,17.75
CA-2015-132101,19-03-2015,JO-15550,TEC-PH-10004539,Technology,453.58,3.00,39.69
CA-2015-129112,29-11-2015,AW-10840,TEC-AC-10003038,Technology,21.48,3.00,-0.27
CA-2015-129112,29-11-2015,AW-10840,OFF-BI-10000088,Office Supplies,8.78,4.00,-13.62
US-2017-152002,11-06-2017,DV-13465,OFF-PA-10000357,Office Supplies,122.97,3.00,60.26
CA-2017-165029,26-11-2017,AH-10075,OFF-AR-10003504,Office Supplies,12.84,3.00,3.72
US-2014-157385,23-11-2014,SC-20095,FUR-CH-10000863,Furniture,603.92,5.00,-67.94
US-2014-157385,23-11-2014,SC-20095,OFF-EN-10003160,Office Supplies,21.84,3.00,10.48
US-2014-157385,23-11-2014,SC-20095,TEC-AC-10003280,Technology,29.99,1.00,6.30
US-2014-157385,23-11-2014,SC-20095,FUR-CH-10000595,Furniture,381.44,2.00,23.84
CA-2014-101602,15-12-2014,MC-18100,TEC-PH-10000169,Technology,40.68,3.00,-9.15
CA-2014-101602,15-12-2014,MC-18100,FUR-CH-10004675,Furniture,763.28,5.00,-21.81
CA-2016-109057,22-04-2016,TT-21460,OFF-ST-10002406,Office Supplies,23.95,2.00,2.40
CA-2016-154403,23-05-2016,AP-10720,OFF-PA-10001526,Office Supplies,4.98,1.00,2.44
CA-2016-102456,27-02-2016,DL-12865,OFF-AP-10004336,Office Supplies,170.88,3.00,49.56
CA-2015-131338,09-08-2015,NP-18325,TEC-PH-10003012,Technology,307.98,2.00,89.31
CA-2015-131338,09-08-2015,NP-18325,FUR-TA-10002607,Furniture,382.81,9.00,-153.12
CA-2015-131338,09-08-2015,NP-18325,OFF-ST-10000642,Office Supplies,41.96,2.00,2.94
CA-2015-131338,09-08-2015,NP-18325,OFF-BI-10000545,Office Supplies,1217.57,2.00,456.59
CA-2015-131338,09-08-2015,NP-18325,FUR-FU-10002157,Furniture,47.04,3.00,18.35
CA-2015-131338,09-08-2015,NP-18325,FUR-FU-10001706,Furniture,6.16,2.00,2.96
CA-2015-131338,09-08-2015,NP-18325,TEC-PH-10000984,Technology,979.95,5.00,274.39
CA-2015-131338,09-08-2015,NP-18325,OFF-PA-10001357,Office Supplies,143.70,3.00,68.98
CA-2015-131338,09-08-2015,NP-18325,OFF-FA-10000992,Office Supplies,10.65,3.00,5.01
CA-2015-131338,09-08-2015,NP-18325,TEC-AC-10002600,Technology,247.80,4.00,34.69
CA-2016-109911,12-05-2016,VG-21805,OFF-AR-10001662,Office Supplies,10.96,4.00,2.96
US-2016-132423,15-04-2016,MY-18295,OFF-AR-10001221,Office Supplies,33.49,7.00,5.86
US-2016-132423,15-04-2016,MY-18295,OFF-FA-10002988,Office Supplies,8.04,5.00,2.91
CA-2015-122826,23-06-2015,RD-19480,TEC-PH-10004830,Technology,201.57,4.00,22.68
CA-2014-117317,19-10-2014,JF-15490,OFF-PA-10004519,Office Supplies,13.44,3.00,6.59
CA-2015-118423,24-03-2015,DP-13390,FUR-BO-10000362,Furniture,359.06,3.00,-35.91
CA-2017-149181,08-05-2017,MD-17350,FUR-CH-10004540,Furniture,47.99,2.00,-2.06
CA-2017-132234,16-10-2017,MY-17380,FUR-FU-10001290,Furniture,547.30,13.00,175.14
CA-2017-158876,19-11-2017,AB-10150,OFF-PA-10000308,Office Supplies,16.90,4.00,5.28
CA-2017-158876,19-11-2017,AB-10150,OFF-SU-10001165,Office Supplies,6.67,1.00,0.50
CA-2017-158876,19-11-2017,AB-10150,OFF-AR-10003373,Office Supplies,99.14,4.00,8.67
CA-2017-158876,19-11-2017,AB-10150,FUR-FU-10001967,Furniture,15.99,2.00,-13.99
CA-2016-164672,08-05-2016,GB-14530,FUR-FU-10001488,Furniture,211.96,2.00,42.39
US-2016-132857,11-12-2016,CA-12775,OFF-AR-10003251,Office Supplies,6.67,3.00,1.67
CA-2017-116645,30-11-2017,ME-17725,OFF-AR-10001044,Office Supplies,155.94,6.00,45.22
US-2016-115819,19-04-2016,JO-15280,TEC-PH-10004700,Technology,39.96,5.00,12.99
US-2016-115819,19-04-2016,JO-15280,OFF-AR-10000823,Office Supplies,5.46,3.00,1.53
US-2016-115819,19-04-2016,JO-15280,OFF-AR-10004456,Office Supplies,73.20,5.00,21.23
US-2016-115819,19-04-2016,JO-15280,OFF-BI-10000050,Office Supplies,5.84,1.00,1.97
US-2016-115819,19-04-2016,JO-15280,OFF-PA-10002377,Office Supplies,22.72,4.00,10.22
US-2016-115819,19-04-2016,JO-15280,OFF-BI-10000591,Office Supplies,9.34,3.00,3.27
CA-2014-156349,26-05-2014,ML-17395,FUR-BO-10000362,Furniture,290.67,2.00,27.36
CA-2014-156349,26-05-2014,ML-17395,TEC-PH-10000441,Technology,201.58,2.00,20.16
CA-2014-156349,26-05-2014,ML-17395,TEC-PH-10002726,Technology,83.98,2.00,31.49
CA-2017-138380,21-12-2017,YS-21880,OFF-ST-10003306,Office Supplies,1000.02,7.00,290.01
US-2016-113509,15-03-2016,PL-18925,TEC-AC-10004855,Technology,83.98,3.00,-13.65
CA-2015-130022,10-08-2015,JK-16120,OFF-LA-10002787,Office Supplies,3.75,1.00,1.80
CA-2015-130022,10-08-2015,JK-16120,OFF-LA-10002043,Office Supplies,41.40,4.00,19.87
CA-2015-130022,10-08-2015,JK-16120,OFF-AR-10001915,Office Supplies,29.79,3.00,12.51
US-2016-118780,10-09-2016,PN-18775,OFF-ST-10000352,Office Supplies,59.48,2.00,8.92
US-2016-118780,10-09-2016,PN-18775,OFF-PA-10000575,Office Supplies,6.69,1.00,3.08
CA-2017-108560,08-07-2017,JC-15385,FUR-FU-10002937,Furniture,198.46,2.00,99.23
CA-2017-108560,08-07-2017,JC-15385,OFF-LA-10003930,Office Supplies,786.48,8.00,385.38
CA-2017-108560,08-07-2017,JC-15385,OFF-BI-10001107,Office Supplies,23.17,2.00,7.82
CA-2017-108560,08-07-2017,JC-15385,TEC-AC-10003063,Technology,50.00,2.00,10.50
CA-2015-157084,19-12-2015,JG-15160,TEC-PH-10002922,Technology,675.96,5.00,84.50
CA-2015-157084,19-12-2015,JG-15160,TEC-AC-10002049,Technology,1265.85,3.00,556.97
CA-2015-164539,16-11-2015,PO-19180,OFF-AP-10002457,Office Supplies,523.25,5.00,141.28
CA-2015-143119,24-09-2015,MC-17275,FUR-CH-10001270,Furniture,517.50,6.00,155.25
CA-2017-101049,21-06-2017,AS-10240,FUR-FU-10004415,Furniture,17.92,5.00,2.46
CA-2017-101049,21-06-2017,AS-10240,OFF-BI-10001510,Office Supplies,41.26,6.00,-34.38
CA-2016-106530,08-05-2016,CL-12565,OFF-ST-10002011,Office Supplies,1006.06,3.00,88.03
CA-2016-106530,08-05-2016,CL-12565,OFF-PA-10002986,Office Supplies,10.69,2.00,3.74
CA-2016-106530,08-05-2016,CL-12565,OFF-PA-10004451,Office Supplies,10.37,2.00,3.63
CA-2016-106530,08-05-2016,CL-12565,OFF-ST-10000649,Office Supplies,25.12,2.00,1.57
CA-2016-106530,08-05-2016,CL-12565,TEC-AC-10001465,Technology,58.11,2.00,7.26
CA-2014-168984,26-11-2014,NW-18400,OFF-PA-10001166,Office Supplies,15.55,3.00,5.44
CA-2014-168984,26-11-2014,NW-18400,OFF-ST-10001097,Office Supplies,669.08,5.00,-167.27
CA-2014-168984,26-11-2014,NW-18400,TEC-PH-10000038,Technology,438.34,4.00,-87.67
CA-2016-157266,26-05-2016,TB-21280,OFF-PA-10002689,Office Supplies,19.44,3.00,9.33
CA-2016-157266,26-05-2016,TB-21280,OFF-BI-10004728,Office Supplies,9.64,2.00,4.43
CA-2016-157266,26-05-2016,TB-21280,OFF-PA-10004675,Office Supplies,12.70,2.00,5.84
CA-2016-157266,26-05-2016,TB-21280,FUR-FU-10000629,Furniture,41.37,3.00,17.38
US-2014-134712,29-11-2014,BS-11380,OFF-FA-10003112,Office Supplies,12.62,2.00,3.95
CA-2015-111829,19-03-2015,FH-14365,OFF-ST-10000142,Office Supplies,1247.64,3.00,349.34
CA-2015-111829,19-03-2015,FH-14365,TEC-CO-10001766,Technology,3149.93,7.00,1480.47
CA-2015-111829,19-03-2015,FH-14365,OFF-PA-10004359,Office Supplies,209.70,2.00,100.66
CA-2015-105221,01-11-2015,VM-21685,TEC-AC-10002323,Technology,35.36,2.00,-3.09
CA-2015-105221,01-11-2015,VM-21685,OFF-FA-10001135,Office Supplies,3.17,2.00,-0.71
CA-2015-120341,26-09-2015,SF-20200,OFF-BI-10004224,Office Supplies,121.10,6.00,-100.92
CA-2015-120341,26-09-2015,SF-20200,TEC-PH-10003357,Technology,45.89,1.00,-9.18
CA-2014-135699,29-08-2014,HH-15010,OFF-PA-10004475,Office Supplies,109.92,2.00,53.86
CA-2014-135699,29-08-2014,HH-15010,OFF-PA-10003001,Office Supplies,13.36,2.00,6.41
US-2017-132444,18-11-2017,CD-12280,OFF-ST-10003442,Office Supplies,169.68,6.00,45.81
US-2017-132444,18-11-2017,CD-12280,TEC-AC-10003832,Technology,132.52,4.00,54.33
US-2017-132444,18-11-2017,CD-12280,OFF-FA-10000611,Office Supplies,2.96,2.00,1.42
US-2017-132444,18-11-2017,CD-12280,OFF-BI-10001116,Office Supplies,8.45,2.00,2.96
US-2017-132444,18-11-2017,CD-12280,OFF-ST-10000563,Office Supplies,95.94,3.00,9.59
CA-2014-127159,12-05-2014,HL-15040,FUR-FU-10000010,Furniture,34.79,7.00,10.78
CA-2017-161809,20-01-2017,TH-21100,TEC-PH-10004922,Technology,160.78,3.00,10.05
CA-2017-127285,30-10-2017,MM-18055,OFF-BI-10004330,Office Supplies,88.75,3.00,27.74
CA-2017-127285,30-10-2017,MM-18055,OFF-BI-10002072,Office Supplies,13.90,2.00,5.21
CA-2017-144526,30-04-2017,QJ-19255,TEC-PH-10002549,Technology,677.58,5.00,-158.10
CA-2017-144526,30-04-2017,QJ-19255,OFF-BI-10002353,Office Supplies,13.90,3.00,-9.26
CA-2016-128531,24-11-2016,NS-18505,OFF-ST-10001325,Office Supplies,41.92,5.00,3.67
CA-2016-128531,24-11-2016,NS-18505,TEC-AC-10002049,Technology,297.58,3.00,-7.44
CA-2016-128531,24-11-2016,NS-18505,OFF-FA-10002676,Office Supplies,4.34,3.00,0.87
CA-2016-128531,24-11-2016,NS-18505,TEC-AC-10003023,Technology,94.99,2.00,-2.37
CA-2016-128531,24-11-2016,NS-18505,OFF-PA-10000167,Office Supplies,74.35,3.00,23.24
CA-2016-128531,24-11-2016,NS-18505,OFF-AR-10003405,Office Supplies,14.04,3.00,1.58
US-2015-157154,10-01-2015,MM-17920,FUR-TA-10001889,Furniture,1018.10,4.00,-373.30
CA-2017-159457,19-10-2017,RD-19480,TEC-PH-10002185,Technology,16.68,3.00,5.21
CA-2016-107615,22-03-2016,RB-19645,TEC-AC-10001013,Technology,58.58,2.00,19.33
CA-2017-111647,03-07-2017,RD-19585,TEC-PH-10002726,Technology,167.97,4.00,62.99
CA-2015-150560,11-12-2015,SW-20455,OFF-LA-10003930,Office Supplies,196.62,2.00,96.34
CA-2015-143077,17-09-2015,SF-20965,FUR-FU-10003535,Furniture,21.94,2.00,-10.42
CA-2015-143077,17-09-2015,SF-20965,OFF-BI-10000088,Office Supplies,6.59,3.00,-10.21
CA-2016-122728,18-05-2016,EB-13930,OFF-ST-10000604,Office Supplies,104.28,3.00,26.07
CA-2016-122728,18-05-2016,EB-13930,OFF-PA-10004040,Office Supplies,17.94,3.00,8.79
CA-2014-122882,07-09-2014,SB-20290,OFF-ST-10002344,Office Supplies,64.78,1.00,-14.58
CA-2014-122882,07-09-2014,SB-20290,TEC-PH-10003589,Technology,32.38,3.00,4.32
CA-2014-122882,07-09-2014,SB-20290,FUR-FU-10000758,Furniture,42.37,2.00,8.47
CA-2014-122882,07-09-2014,SB-20290,TEC-MA-10004679,Technology,399.54,4.00,-559.36
US-2016-101497,29-09-2016,PS-18760,OFF-PA-10000176,Office Supplies,18.97,1.00,9.11
CA-2016-147585,07-11-2016,CB-12535,FUR-FU-10002597,Furniture,14.82,3.00,6.22
CA-2017-149489,24-04-2017,DK-12835,OFF-AP-10002495,Office Supplies,99.28,2.00,12.41
CA-2017-149489,24-04-2017,DK-12835,OFF-BI-10002813,Office Supplies,1.19,2.00,-0.99
CA-2017-149489,24-04-2017,DK-12835,OFF-BI-10002414,Office Supplies,7.52,2.00,-5.76
CA-2017-143798,10-12-2017,AW-10840,OFF-PA-10000788,Office Supplies,10.37,2.00,3.63
CA-2017-143798,10-12-2017,AW-10840,FUR-FU-10004306,Furniture,310.88,2.00,23.32
CA-2014-142839,16-08-2014,TS-21610,FUR-TA-10001539,Furniture,853.09,6.00,-227.49
CA-2017-129833,09-12-2017,HF-14995,OFF-PA-10000575,Office Supplies,33.45,5.00,15.39
CA-2017-129833,09-12-2017,HF-14995,OFF-BI-10004182,Office Supplies,10.40,5.00,5.10
US-2016-154361,14-03-2016,HZ-14950,FUR-FU-10004020,Furniture,21.88,5.00,6.29
US-2016-158708,26-06-2016,AB-10255,TEC-AC-10003133,Technology,13.62,2.00,3.57
CA-2015-156335,25-09-2015,PO-19195,TEC-AC-10002006,Technology,63.96,4.00,19.83
CA-2015-156335,25-09-2015,PO-19195,OFF-BI-10003314,Office Supplies,14.46,3.00,7.09
CA-2015-156335,25-09-2015,PO-19195,TEC-PH-10002726,Technology,104.98,2.00,52.49
CA-2015-148376,27-12-2015,AG-10900,OFF-AP-10000240,Office Supplies,106.96,2.00,31.02
CA-2015-148376,27-12-2015,AG-10900,OFF-LA-10002381,Office Supplies,21.56,7.00,10.35
CA-2014-135657,03-06-2014,SC-20725,FUR-TA-10004086,Furniture,515.88,6.00,113.49
CA-2015-114069,13-07-2015,ND-18370,OFF-BI-10000320,Office Supplies,11.81,2.00,4.28
CA-2015-114069,13-07-2015,ND-18370,FUR-CH-10000595,Furniture,1931.04,9.00,321.84
CA-2015-114069,13-07-2015,ND-18370,OFF-PA-10000349,Office Supplies,9.96,2.00,4.68
CA-2014-139857,02-02-2014,CD-12790,OFF-FA-10001843,Office Supplies,12.35,5.00,5.80
CA-2016-106306,08-03-2016,PG-18820,OFF-BI-10003676,Office Supplies,9.70,3.00,-7.11
CA-2015-100545,22-11-2015,IM-15070,OFF-BI-10003638,Office Supplies,11.61,2.00,-9.29
CA-2017-123491,30-10-2017,JK-15205,OFF-LA-10003077,Office Supplies,43.86,6.00,20.61
CA-2017-123491,30-10-2017,JK-15205,TEC-PH-10003505,Technology,148.48,2.00,16.70
CA-2017-123491,30-10-2017,JK-15205,OFF-PA-10003424,Office Supplies,7.42,2.00,3.71
CA-2017-123491,30-10-2017,JK-15205,FUR-CH-10003061,Furniture,71.99,1.00,-0.90
CA-2017-123491,30-10-2017,JK-15205,OFF-AR-10003514,Office Supplies,19.90,5.00,6.57
CA-2017-123491,30-10-2017,JK-15205,OFF-AP-10002684,Office Supplies,1702.12,14.00,510.64
CA-2015-145401,30-01-2015,JP-15520,OFF-PA-10004405,Office Supplies,14.30,6.00,5.01
US-2017-124968,08-09-2017,MM-18055,FUR-TA-10004289,Furniture,765.63,7.00,-566.56
CA-2017-104003,07-10-2017,DC-13285,FUR-BO-10003965,Furniture,307.67,2.00,-14.48
CA-2016-154788,30-04-2016,JL-15835,OFF-BI-10003314,Office Supplies,7.71,2.00,2.80
CA-2016-169943,19-05-2016,BN-11515,OFF-AP-10001563,Office Supplies,242.90,5.00,70.44
CA-2016-169943,19-05-2016,BN-11515,OFF-ST-10004123,Office Supplies,454.90,5.00,0.00
CA-2016-169943,19-05-2016,BN-11515,FUR-FU-10002088,Furniture,35.92,4.00,15.09
CA-2016-169943,19-05-2016,BN-11515,FUR-FU-10000010,Furniture,39.76,8.00,12.33
CA-2016-169943,19-05-2016,BN-11515,OFF-BI-10002824,Office Supplies,47.74,4.00,14.92
US-2015-123218,20-12-2015,KD-16345,TEC-PH-10001061,Technology,159.98,2.00,12.00
US-2015-123218,20-12-2015,KD-16345,TEC-AC-10000736,Technology,255.97,4.00,51.19
US-2015-123218,20-12-2015,KD-16345,FUR-BO-10003966,Furniture,359.06,3.00,-71.81
CA-2015-127453,19-12-2015,JK-15370,OFF-AP-10000828,Office Supplies,434.35,3.00,43.44
CA-2015-127453,19-12-2015,JK-15370,OFF-AP-10002906,Office Supplies,3.55,2.00,0.44
CA-2015-127453,19-12-2015,JK-15370,OFF-AP-10003860,Office Supplies,88.83,4.00,7.77
US-2017-164056,29-04-2017,FM-14215,FUR-TA-10001307,Furniture,1048.35,5.00,-69.89
CA-2016-106894,07-02-2016,CA-12265,TEC-AC-10003063,Technology,100.00,4.00,21.00
CA-2016-106894,07-02-2016,CA-12265,OFF-LA-10001045,Office Supplies,7.83,3.00,3.60
CA-2014-125136,28-09-2014,KD-16495,OFF-PA-10001457,Office Supplies,96.26,8.00,31.28
CA-2014-125136,28-09-2014,KD-16495,OFF-PA-10001804,Office Supplies,10.69,2.00,3.74
US-2016-131149,10-07-2016,LH-17155,OFF-ST-10000689,Office Supplies,338.04,3.00,-33.80
US-2016-131149,10-07-2016,LH-17155,OFF-AR-10002135,Office Supplies,154.24,4.00,17.35
CA-2017-101483,29-07-2017,AG-10675,OFF-AP-10002082,Office Supplies,34.85,2.00,6.53
CA-2017-101483,29-07-2017,AG-10675,TEC-PH-10003442,Technology,22.00,5.00,1.38
CA-2017-101483,29-07-2017,AG-10675,OFF-AR-10002833,Office Supplies,4.37,3.00,0.38
CA-2015-130204,03-09-2015,DB-13120,OFF-ST-10001325,Office Supplies,31.44,3.00,8.49
CA-2015-130204,03-09-2015,DB-13120,TEC-AC-10003038,Technology,17.90,2.00,3.40
CA-2015-130204,03-09-2015,DB-13120,TEC-AC-10003590,Technology,129.45,5.00,46.60
CA-2014-110527,09-08-2014,ED-13885,OFF-LA-10000262,Office Supplies,20.88,8.00,9.60
CA-2017-152807,30-10-2017,MC-18100,OFF-PA-10004355,Office Supplies,20.74,4.00,7.26
CA-2017-152807,30-10-2017,MC-18100,FUR-FU-10004415,Furniture,7.17,2.00,0.99
CA-2017-152807,30-10-2017,MC-18100,OFF-ST-10002486,Office Supplies,11.17,2.00,-2.51
CA-2017-152807,30-10-2017,MC-18100,TEC-AC-10001142,Technology,442.40,7.00,-55.30
CA-2014-133270,06-06-2014,BM-11785,OFF-AR-10002656,Office Supplies,13.36,2.00,4.94
CA-2016-155670,13-08-2016,EM-14065,OFF-BI-10000138,Office Supplies,11.23,8.00,-8.24
CA-2016-155670,13-08-2016,EM-14065,OFF-PA-10004947,Office Supplies,10.27,3.00,3.21
US-2014-157406,25-04-2014,DA-13450,OFF-PA-10003543,Office Supplies,10.37,2.00,3.63
US-2014-157406,25-04-2014,DA-13450,OFF-AR-10002221,Office Supplies,6.24,3.00,0.55
CA-2015-139094,22-11-2015,MO-17800,FUR-TA-10004607,Furniture,206.96,2.00,-32.52
CA-2017-168837,14-10-2017,JW-15955,FUR-FU-10001918,Furniture,9.46,2.00,3.69
CA-2017-116715,02-12-2017,VW-21775,OFF-ST-10004340,Office Supplies,559.62,9.00,151.10
CA-2017-116715,02-12-2017,VW-21775,OFF-PA-10004475,Office Supplies,109.92,2.00,53.86
CA-2017-116715,02-12-2017,VW-21775,OFF-PA-10003893,Office Supplies,8.56,2.00,3.85
CA-2015-135622,08-12-2015,TT-21460,OFF-PA-10000100,Office Supplies,360.71,11.00,130.76
CA-2015-135622,08-12-2015,TT-21460,TEC-PH-10001817,Technology,1718.40,6.00,150.36
US-2015-107349,13-07-2015,SL-20155,OFF-BI-10001765,Office Supplies,41.57,6.00,-66.51
CA-2014-139017,11-05-2014,RM-19375,TEC-AC-10001013,Technology,46.86,2.00,7.62
CA-2014-141817,05-01-2014,MB-18085,OFF-AR-10003478,Office Supplies,19.54,3.00,4.88
CA-2015-130785,05-09-2015,AG-10900,FUR-BO-10000330,Furniture,411.33,4.00,-4.84
CA-2015-130785,05-09-2015,AG-10900,OFF-BI-10001900,Office Supplies,28.75,6.00,9.70
CA-2015-130785,05-09-2015,AG-10900,FUR-BO-10003159,Furniture,293.20,3.00,-20.70
CA-2016-110254,04-08-2016,ML-17755,OFF-SU-10002573,Office Supplies,35.06,2.00,10.52
CA-2016-110254,04-08-2016,ML-17755,OFF-LA-10004484,Office Supplies,4.13,1.00,1.90
CA-2016-110254,04-08-2016,ML-17755,FUR-FU-10001591,Furniture,109.80,9.00,46.12
CA-2016-110254,04-08-2016,ML-17755,OFF-LA-10002034,Office Supplies,9.82,2.00,4.81
US-2014-158057,22-03-2014,CC-12685,OFF-BI-10004410,Office Supplies,7.64,4.00,-5.86
US-2014-158057,22-03-2014,CC-12685,OFF-BI-10002735,Office Supplies,51.47,5.00,-39.46
CA-2017-146024,02-03-2017,SC-20770,OFF-SU-10001935,Office Supplies,6.98,4.00,-1.40
CA-2017-146024,02-03-2017,SC-20770,OFF-BI-10003291,Office Supplies,12.22,7.00,-20.17
CA-2016-129686,27-11-2016,GG-14650,OFF-ST-10004337,Office Supplies,97.98,2.00,-24.50
CA-2016-129686,27-11-2016,GG-14650,TEC-AC-10001266,Technology,62.40,6.00,19.50
CA-2014-118976,28-04-2014,MY-18295,OFF-BI-10001628,Office Supplies,20.86,2.00,9.39
CA-2014-118976,28-04-2014,MY-18295,OFF-ST-10000877,Office Supplies,497.61,9.00,129.38
CA-2014-118976,28-04-2014,MY-18295,OFF-AR-10004752,Office Supplies,5.34,2.00,1.50
CA-2014-118976,28-04-2014,MY-18295,OFF-LA-10000452,Office Supplies,3.15,1.00,1.51
CA-2015-105347,24-11-2015,DP-13000,OFF-PA-10000675,Office Supplies,368.91,9.00,180.77
CA-2015-105347,24-11-2015,DP-13000,OFF-AR-10003045,Office Supplies,14.70,5.00,6.62
CA-2016-124667,11-11-2016,BD-11770,TEC-AC-10003447,Technology,59.97,3.00,14.99
CA-2016-124667,11-11-2016,BD-11770,OFF-ST-10002276,Office Supplies,83.36,1.00,20.84
CA-2015-111094,09-07-2015,CB-12535,OFF-PA-10001609,Office Supplies,6.58,2.00,3.03
CA-2015-111094,09-07-2015,CB-12535,OFF-BI-10001597,Office Supplies,122.94,3.00,59.01
CA-2017-166317,22-09-2017,JE-15610,OFF-PA-10004475,Office Supplies,219.84,4.00,107.72
CA-2017-166317,22-09-2017,JE-15610,TEC-AC-10004510,Technology,98.16,6.00,9.82
CA-2017-166317,22-09-2017,JE-15610,OFF-BI-10002976,Office Supplies,33.04,8.00,15.53
CA-2017-166317,22-09-2017,JE-15610,TEC-PH-10001615,Technology,86.97,3.00,25.22
CA-2015-154326,15-02-2015,RP-19855,TEC-PH-10001819,Technology,134.97,3.00,64.79
CA-2015-154326,15-02-2015,RP-19855,TEC-PH-10000560,Technology,699.98,2.00,195.99
CA-2015-154326,15-02-2015,RP-19855,TEC-AC-10004568,Technology,139.95,5.00,26.59
CA-2014-102008,30-09-2014,RA-19915,OFF-PA-10004092,Office Supplies,48.94,1.00,24.47
CA-2014-120474,01-12-2014,RP-19390,FUR-CH-10001854,Furniture,2807.84,8.00,673.88
CA-2014-120474,01-12-2014,RP-19390,OFF-AR-10000475,Office Supplies,46.64,4.00,12.59
CA-2014-104773,08-12-2014,TB-21175,OFF-ST-10000777,Office Supplies,60.42,2.00,6.04
CA-2016-140774,05-09-2016,BE-11455,OFF-AR-10004022,Office Supplies,107.94,3.00,26.99
US-2017-139465,27-08-2017,MR-17545,OFF-ST-10002352,Office Supplies,63.84,8.00,16.60
US-2017-139465,27-08-2017,MR-17545,TEC-PH-10000455,Technology,347.97,3.00,100.91
US-2017-139465,27-08-2017,MR-17545,OFF-BI-10003910,Office Supplies,37.01,6.00,11.57
CA-2016-100965,07-07-2016,RM-19375,FUR-FU-10003039,Furniture,215.65,5.00,73.32
CA-2016-121034,08-08-2016,JF-15565,OFF-FA-10000585,Office Supplies,11.17,4.00,3.63
CA-2016-121034,08-08-2016,JF-15565,OFF-PA-10001994,Office Supplies,53.95,3.00,17.53
CA-2016-149461,13-11-2016,AS-10135,FUR-FU-10004270,Furniture,4.18,1.00,1.50
CA-2017-158379,22-09-2017,JA-15970,OFF-BI-10002498,Office Supplies,5.61,1.00,-4.30
CA-2017-158379,22-09-2017,JA-15970,OFF-SU-10002881,Office Supplies,4663.74,7.00,-1049.34
CA-2017-158379,22-09-2017,JA-15970,TEC-AC-10002926,Technology,79.98,2.00,23.00
US-2016-116729,25-12-2016,GK-14620,TEC-PH-10002200,Technology,2575.94,7.00,257.59
US-2016-116729,25-12-2016,GK-14620,OFF-PA-10002005,Office Supplies,45.36,7.00,21.77
US-2016-116729,25-12-2016,GK-14620,TEC-AC-10001465,Technology,254.24,7.00,76.27
CA-2016-164938,11-02-2016,PB-19210,TEC-PH-10004897,Technology,69.93,7.00,0.70
CA-2016-165484,23-10-2016,HK-14890,FUR-FU-10001196,Furniture,16.16,7.00,-12.12
CA-2016-165484,23-10-2016,HK-14890,OFF-PA-10000595,Office Supplies,54.82,3.00,17.82
CA-2014-132612,09-06-2014,FO-14305,FUR-TA-10004534,Furniture,1441.30,7.00,245.02
US-2017-161193,20-11-2017,BT-11680,FUR-FU-10001861,Furniture,77.60,5.00,28.13
US-2017-161193,20-11-2017,BT-11680,FUR-FU-10000206,Furniture,4.66,2.00,1.57
CA-2015-131597,14-09-2015,SP-20620,FUR-TA-10002607,Furniture,170.14,3.00,-8.51
CA-2015-164833,04-06-2015,LL-16840,OFF-LA-10000443,Office Supplies,7.38,2.00,3.47
CA-2015-164833,04-06-2015,LL-16840,OFF-AR-10004685,Office Supplies,9.26,2.00,3.06
CA-2015-125423,13-12-2015,MC-17575,OFF-LA-10001771,Office Supplies,9.96,2.00,4.58
US-2014-130379,25-05-2014,JL-15235,OFF-AP-10001394,Office Supplies,75.60,2.00,-166.32
US-2014-130379,25-05-2014,JL-15235,FUR-FU-10002553,Furniture,29.32,2.00,-24.19
CA-2016-168956,16-02-2016,EA-14035,OFF-AP-10004233,Office Supplies,92.06,6.00,-225.56
CA-2016-168956,16-02-2016,EA-14035,OFF-FA-10000304,Office Supplies,6.98,4.00,1.83
CA-2016-168956,16-02-2016,EA-14035,FUR-CH-10004754,Furniture,62.96,3.00,-2.70
CA-2016-168956,16-02-2016,EA-14035,OFF-PA-10000809,Office Supplies,5.18,1.00,1.81
CA-2016-167507,22-12-2016,SA-20830,OFF-BI-10003694,Office Supplies,31.32,10.00,-25.06
CA-2016-167507,22-12-2016,SA-20830,FUR-FU-10001935,Furniture,11.84,4.00,3.11
CA-2016-167507,22-12-2016,SA-20830,FUR-FU-10002878,Furniture,22.78,1.00,4.84
CA-2016-109344,08-02-2016,CH-12070,TEC-PH-10002624,Technology,1127.98,3.00,126.90
US-2015-140851,13-07-2015,ND-18460,OFF-PA-10000019,Office Supplies,38.88,6.00,18.66
CA-2014-103373,18-05-2014,BS-11755,TEC-PH-10002885,Technology,779.80,2.00,-168.96
CA-2017-145884,21-10-2017,SL-20155,TEC-PH-10000895,Technology,1439.92,8.00,374.38
CA-2017-145884,21-10-2017,SL-20155,FUR-TA-10002356,Furniture,262.11,1.00,62.91
CA-2015-131422,05-11-2015,GB-14530,FUR-CH-10001270,Furniture,207.00,3.00,25.88
CA-2017-162691,01-08-2017,AS-10045,TEC-MA-10000488,Technology,1439.98,3.00,-264.00
CA-2017-162691,01-08-2017,AS-10045,OFF-PA-10003729,Office Supplies,36.29,7.00,12.70
CA-2014-141278,21-06-2014,RM-19375,OFF-AR-10003056,Office Supplies,21.40,5.00,6.21
CA-2017-122693,19-02-2017,NH-18610,OFF-AP-10002518,Office Supplies,1245.86,7.00,361.30
CA-2014-117345,01-08-2014,BF-10975,OFF-LA-10000240,Office Supplies,17.54,3.00,5.92
CA-2014-117345,01-08-2014,BF-10975,FUR-FU-10000629,Furniture,44.13,4.00,12.14
CA-2014-117345,01-08-2014,BF-10975,OFF-AP-10001005,Office Supplies,62.92,1.00,10.22
CA-2014-117345,01-08-2014,BF-10975,OFF-PA-10002377,Office Supplies,78.30,2.00,29.36
CA-2016-157763,18-07-2016,KH-16330,FUR-CH-10000988,Furniture,140.81,1.00,39.43
CA-2015-135391,09-02-2015,FA-14230,OFF-LA-10001074,Office Supplies,40.10,4.00,13.53
CA-2015-135391,09-02-2015,FA-14230,FUR-FU-10001986,Furniture,40.78,2.00,-30.59
US-2017-113852,29-07-2017,GW-14605,TEC-AC-10003027,Technology,90.57,3.00,11.77
US-2017-158512,12-01-2017,DA-13450,OFF-PA-10001804,Office Supplies,40.08,6.00,19.24
US-2017-158512,12-01-2017,DA-13450,FUR-FU-10004973,Furniture,37.68,2.00,15.83
CA-2017-128370,10-09-2017,FH-14275,FUR-CH-10002602,Furniture,362.35,3.00,27.18
CA-2017-128370,10-09-2017,FH-14275,OFF-BI-10004140,Office Supplies,7.18,2.00,2.25
CA-2015-160472,20-07-2015,RK-19300,OFF-ST-10000464,Office Supplies,34.76,1.00,9.73
CA-2015-160472,20-07-2015,RK-19300,TEC-AC-10002253,Technology,831.20,5.00,124.68
CA-2015-160472,20-07-2015,RK-19300,OFF-PA-10000528,Office Supplies,26.40,5.00,11.88
CA-2015-160472,20-07-2015,RK-19300,OFF-EN-10000483,Office Supplies,106.75,7.00,49.11
CA-2015-160472,20-07-2015,RK-19300,OFF-PA-10003129,Office Supplies,97.82,2.00,45.98
CA-2015-160472,20-07-2015,RK-19300,OFF-ST-10003442,Office Supplies,141.40,5.00,38.18
CA-2014-114643,13-06-2014,FM-14215,OFF-AR-10003631,Office Supplies,14.52,3.00,4.79
US-2017-158218,12-05-2017,AC-10420,OFF-ST-10000563,Office Supplies,127.92,5.00,-15.99
US-2017-158218,12-05-2017,AC-10420,OFF-BI-10002133,Office Supplies,34.24,4.00,-53.07
CA-2015-121608,03-09-2015,JB-15400,OFF-AP-10002311,Office Supplies,137.62,2.00,60.55
CA-2015-121608,03-09-2015,JB-15400,TEC-PH-10004959,Technology,100.49,1.00,25.12
US-2017-121251,26-03-2017,GM-14440,FUR-BO-10001918,Furniture,257.57,2.00,-28.98
US-2017-121251,26-03-2017,GM-14440,TEC-PH-10004896,Technology,119.96,4.00,33.59
CA-2014-151078,12-11-2014,RF-19840,OFF-ST-10001328,Office Supplies,49.63,4.00,4.96
US-2016-100839,13-10-2016,NC-18625,FUR-TA-10004575,Furniture,727.45,5.00,-465.57
US-2016-100839,13-10-2016,NC-18625,FUR-FU-10001617,Furniture,24.96,3.00,4.37
US-2017-116659,12-11-2017,NG-18355,TEC-PH-10002824,Technology,370.78,3.00,-92.70
CA-2017-118857,15-04-2017,AH-10075,FUR-FU-10004460,Furniture,196.45,5.00,70.72
CA-2015-127110,25-06-2015,CH-12070,OFF-PA-10003309,Office Supplies,31.10,6.00,10.89
CA-2015-127110,25-06-2015,CH-12070,OFF-ST-10002554,Office Supplies,78.26,2.00,-17.61
CA-2016-148201,26-08-2016,CC-12145,OFF-PA-10000019,Office Supplies,6.48,1.00,3.11
CA-2014-116932,21-07-2014,ME-18010,OFF-AR-10002067,Office Supplies,99.20,5.00,25.79
CA-2014-116932,21-07-2014,ME-18010,FUR-CH-10001215,Furniture,801.57,2.00,50.10
CA-2014-116932,21-07-2014,ME-18010,FUR-TA-10004175,Furniture,272.85,1.00,27.28
CA-2017-142888,21-11-2017,BP-11230,FUR-TA-10004767,Furniture,70.98,1.00,20.58
CA-2014-147914,04-06-2014,MP-17470,OFF-PA-10001685,Office Supplies,16.22,2.00,5.88
US-2016-112977,10-03-2016,CJ-12010,FUR-BO-10003272,Furniture,176.78,1.00,-22.10
CA-2017-112039,25-03-2017,JC-15775,TEC-PH-10000984,Technology,470.38,3.00,47.04
CA-2017-118885,29-12-2017,JG-15160,FUR-CH-10002880,Furniture,393.57,4.00,-44.28
CA-2017-118885,29-12-2017,JG-15160,TEC-PH-10002563,Technology,302.38,3.00,22.68
US-2017-166611,28-03-2017,CK-12760,OFF-BI-10001191,Office Supplies,68.74,9.00,-48.12
CA-2015-109512,05-03-2015,LF-17185,OFF-EN-10002621,Office Supplies,29.34,3.00,14.67
CA-2015-109512,05-03-2015,LF-17185,FUR-CH-10001146,Furniture,383.61,7.00,63.93
CA-2015-109512,05-03-2015,LF-17185,OFF-ST-10000689,Office Supplies,563.40,4.00,67.61
CA-2016-118570,13-11-2016,CC-12430,OFF-PA-10001289,Office Supplies,217.06,7.00,78.68
CA-2017-154718,19-01-2017,DL-12865,OFF-LA-10003714,Office Supplies,6.00,2.00,2.10
CA-2016-147578,22-04-2016,PG-18895,FUR-FU-10001889,Furniture,31.56,3.00,10.41
CA-2014-140165,13-05-2014,EH-14005,OFF-FA-10002815,Office Supplies,7.10,2.00,2.40
CA-2014-140165,13-05-2014,EH-14005,OFF-BI-10004519,Office Supplies,398.35,8.00,-331.96
CA-2014-142587,21-10-2014,TB-21520,OFF-AP-10004708,Office Supplies,121.79,4.00,13.70
CA-2014-142587,21-10-2014,TB-21520,FUR-TA-10000617,Furniture,409.59,3.00,-122.88
CA-2014-157623,14-03-2014,DK-13225,OFF-PA-10001204,Office Supplies,10.56,2.00,4.75
CA-2014-157623,14-03-2014,DK-13225,OFF-AR-10003723,Office Supplies,3.38,1.00,1.25
CA-2017-145310,22-12-2017,JP-15520,OFF-EN-10002621,Office Supplies,7.82,1.00,2.93
CA-2016-100083,24-11-2016,CD-11980,OFF-PA-10000241,Office Supplies,24.78,1.00,7.75
US-2017-108063,02-12-2017,AS-10090,OFF-AR-10001446,Office Supplies,34.65,3.00,10.40
CA-2015-109197,31-12-2015,JO-15280,OFF-BI-10004632,Office Supplies,487.98,2.00,152.50
CA-2017-141789,03-10-2017,AC-10450,OFF-BI-10001359,Office Supplies,1793.98,2.00,843.17
CA-2014-169775,29-08-2014,RA-19945,OFF-EN-10001749,Office Supplies,29.81,2.00,10.81
CA-2014-169775,29-08-2014,RA-19945,OFF-BI-10004390,Office Supplies,505.18,4.00,-336.78
CA-2014-169775,29-08-2014,RA-19945,FUR-TA-10001857,Furniture,174.06,3.00,-110.76
CA-2016-140543,29-06-2016,Co-12640,OFF-ST-10000563,Office Supplies,191.88,6.00,19.19
CA-2016-151141,20-08-2016,DW-13480,TEC-PH-10004924,Technology,14.78,2.00,3.99
CA-2017-167094,21-10-2017,DK-12835,OFF-PA-10003953,Office Supplies,5.18,1.00,1.81
CA-2017-167094,21-10-2017,DK-12835,FUR-CH-10000155,Furniture,478.48,2.00,47.85
CA-2017-167094,21-10-2017,DK-12835,TEC-AC-10003116,Technology,28.40,2.00,6.75
CA-2017-154410,21-10-2017,MD-17860,OFF-ST-10002743,Office Supplies,909.12,8.00,9.09
US-2016-150567,17-05-2016,RP-19855,OFF-BI-10001757,Office Supplies,2.95,2.00,-2.16
US-2016-150567,17-05-2016,RP-19855,OFF-BI-10000069,Office Supplies,27.02,6.00,-21.61
CA-2015-157959,03-02-2015,RW-19540,FUR-FU-10004093,Furniture,136.92,4.00,41.08
CA-2017-105886,18-12-2017,DB-13660,FUR-FU-10001037,Furniture,18.96,2.00,8.53
CA-2016-105963,15-11-2016,SC-20770,TEC-AC-10003832,Technology,99.39,3.00,40.75
CA-2017-121503,03-07-2017,FH-14275,OFF-PA-10001878,Office Supplies,273.90,7.00,92.44
CA-2017-121503,03-07-2017,FH-14275,TEC-MA-10003674,Technology,597.13,3.00,49.76
CA-2014-103366,15-01-2014,EH-13990,TEC-AC-10003628,Technology,149.95,5.00,65.98
CA-2017-124597,30-04-2017,AS-10630,OFF-LA-10003190,Office Supplies,4.61,2.00,1.67
CA-2017-124597,30-04-2017,AS-10630,OFF-AR-10002280,Office Supplies,15.53,3.00,4.85
CA-2017-124597,30-04-2017,AS-10630,OFF-LA-10001569,Office Supplies,11.95,3.00,3.88
CA-2015-105634,08-11-2015,HA-14905,OFF-AR-10001573,Office Supplies,11.65,5.00,3.38
CA-2015-123673,30-10-2015,CH-12070,TEC-PH-10001809,Technology,299.90,2.00,74.98
US-2017-111423,17-08-2017,EH-13765,OFF-BI-10003091,Office Supplies,895.92,5.00,302.37
US-2017-111423,17-08-2017,EH-13765,FUR-CH-10003981,Furniture,462.56,2.00,97.65
CA-2015-125178,03-10-2015,MZ-17515,OFF-ST-10002562,Office Supplies,15.01,2.00,1.50
CA-2016-156685,08-07-2016,SC-20230,TEC-PH-10004345,Technology,863.64,9.00,107.96
CA-2016-156685,08-07-2016,SC-20230,OFF-AR-10000588,Office Supplies,47.62,3.00,3.57
CA-2017-126865,05-12-2017,NP-18325,OFF-PA-10003039,Office Supplies,92.94,3.00,41.82
CA-2017-102834,09-03-2017,LW-16990,TEC-AC-10001908,Technology,199.98,2.00,69.99
US-2016-139710,09-06-2016,GM-14680,TEC-PH-10001198,Technology,177.48,3.00,19.97
CA-2017-121538,28-11-2017,RH-19495,OFF-PA-10004071,Office Supplies,88.77,2.00,31.07
US-2017-101539,16-03-2017,VM-21685,OFF-PA-10001972,Office Supplies,6.48,1.00,3.11
US-2017-101539,16-03-2017,VM-21685,OFF-ST-10004180,Office Supplies,46.51,1.00,1.86
US-2017-101539,16-03-2017,VM-21685,TEC-PH-10004165,Technology,659.98,3.00,49.50
CA-2016-152121,27-11-2016,CC-12670,TEC-PH-10002483,Technology,271.99,1.00,23.80
CA-2017-161200,06-08-2017,SV-20365,FUR-BO-10000468,Furniture,145.74,3.00,23.32
CA-2017-161200,06-08-2017,SV-20365,FUR-FU-10001706,Furniture,15.40,5.00,7.39
CA-2017-101245,27-11-2017,LW-16990,OFF-PA-10003129,Office Supplies,244.55,5.00,114.94
CA-2017-101245,27-11-2017,LW-16990,TEC-AC-10001284,Technology,166.16,8.00,59.82
CA-2015-141768,25-05-2015,NP-18685,FUR-FU-10002268,Furniture,14.73,3.00,4.86
CA-2016-112109,08-07-2016,JE-15715,OFF-BI-10002082,Office Supplies,19.97,2.00,-13.31
CA-2016-112109,08-07-2016,JE-15715,OFF-ST-10001505,Office Supplies,33.49,7.00,-1.26
CA-2016-112109,08-07-2016,JE-15715,OFF-BI-10001634,Office Supplies,8.74,4.00,-6.12
CA-2016-112109,08-07-2016,JE-15715,FUR-CH-10004287,Furniture,662.88,3.00,74.57
CA-2017-144064,29-08-2017,CP-12085,OFF-LA-10004544,Office Supplies,47.36,4.00,17.76
CA-2017-144064,29-08-2017,CP-12085,OFF-ST-10004507,Office Supplies,27.44,2.00,2.40
CA-2017-144064,29-08-2017,CP-12085,OFF-BI-10002012,Office Supplies,3.24,9.00,-5.18
CA-2016-108581,20-06-2016,EA-14035,TEC-AC-10001109,Technology,95.97,4.00,26.39
CA-2016-108581,20-06-2016,EA-14035,OFF-PA-10000809,Office Supplies,10.37,2.00,3.63
CA-2017-157987,02-09-2017,AC-10615,OFF-AR-10000658,Office Supplies,23.10,2.00,6.47
CA-2017-157987,02-09-2017,AC-10615,FUR-FU-10001196,Furniture,11.54,2.00,3.46
CA-2017-157987,02-09-2017,AC-10615,FUR-TA-10001889,Furniture,254.53,1.00,-93.33
CA-2017-157987,02-09-2017,AC-10615,OFF-AP-10000358,Office Supplies,12.98,1.00,3.76
CA-2017-157987,02-09-2017,AC-10615,OFF-BI-10004970,Office Supplies,26.43,8.00,8.92
CA-2017-157987,02-09-2017,AC-10615,TEC-PH-10003885,Technology,197.97,3.00,57.41
CA-2017-157987,02-09-2017,AC-10615,OFF-LA-10001641,Office Supplies,18.90,6.00,9.07
CA-2017-157987,02-09-2017,AC-10615,FUR-CH-10003379,Furniture,1282.41,5.00,213.74
CA-2017-157987,02-09-2017,AC-10615,OFF-AR-10004582,Office Supplies,4.92,3.00,2.21
CA-2017-157987,02-09-2017,AC-10615,TEC-AC-10002842,Technology,238.00,2.00,38.08
CA-2017-157987,02-09-2017,AC-10615,TEC-AC-10000109,Technology,167.97,3.00,40.31
CA-2017-157987,02-09-2017,AC-10615,OFF-PA-10003893,Office Supplies,17.12,4.00,7.70
CA-2017-110905,10-09-2017,RW-19690,OFF-BI-10003669,Office Supplies,16.20,3.00,7.78
CA-2017-110905,10-09-2017,RW-19690,OFF-AP-10004785,Office Supplies,33.99,3.00,14.62
CA-2017-110905,10-09-2017,RW-19690,TEC-AC-10003023,Technology,296.85,5.00,53.43
CA-2017-110905,10-09-2017,RW-19690,TEC-AC-10002217,Technology,112.80,6.00,6.77
CA-2017-110905,10-09-2017,RW-19690,OFF-BI-10002954,Office Supplies,13.71,3.00,6.58
CA-2017-110905,10-09-2017,RW-19690,OFF-PA-10002586,Office Supplies,24.90,5.00,11.70
CA-2017-110905,10-09-2017,RW-19690,OFF-ST-10000025,Office Supplies,286.29,3.00,17.18
CA-2017-110905,10-09-2017,RW-19690,OFF-AP-10003281,Office Supplies,24.18,2.00,7.25
CA-2017-165841,21-12-2017,DB-13210,TEC-PH-10002103,Technology,281.97,3.00,78.95
CA-2017-165841,21-12-2017,DB-13210,OFF-SU-10000898,Office Supplies,69.50,5.00,20.16
CA-2017-165841,21-12-2017,DB-13210,OFF-PA-10001144,Office Supplies,166.44,3.00,79.89
CA-2017-117485,23-09-2017,BD-11320,TEC-AC-10004659,Technology,291.96,4.00,102.19
CA-2017-140242,06-05-2017,ML-17755,OFF-AR-10004752,Office Supplies,6.41,3.00,0.64
CA-2017-140242,06-05-2017,ML-17755,TEC-AC-10004659,Technology,408.74,7.00,76.64
CA-2014-148950,14-12-2014,JD-16015,OFF-BI-10001249,Office Supplies,5.10,4.00,-8.68
CA-2014-148950,14-12-2014,JD-16015,OFF-FA-10003059,Office Supplies,2.90,2.00,0.47
CA-2014-148950,14-12-2014,JD-16015,TEC-AC-10002718,Technology,35.02,3.00,-2.19
CA-2014-110408,18-10-2014,AS-10225,OFF-ST-10001522,Office Supplies,275.97,3.00,11.04
CA-2014-110408,18-10-2014,AS-10225,TEC-PH-10002352,Technology,1394.95,5.00,362.69
CA-2014-110408,18-10-2014,AS-10225,FUR-CH-10003774,Furniture,545.88,6.00,70.96
CA-2015-109939,08-05-2015,AA-10375,OFF-AR-10000127,Office Supplies,5.25,2.00,0.59
CA-2016-112669,14-04-2016,KT-16465,FUR-CH-10004086,Furniture,933.54,4.00,105.02
CA-2016-112669,14-04-2016,KT-16465,OFF-ST-10001228,Office Supplies,42.98,4.00,4.30
CA-2015-119592,14-12-2015,MM-18280,OFF-BI-10004187,Office Supplies,3.76,2.00,1.80
CA-2014-122749,03-12-2014,NG-18430,TEC-PH-10003811,Technology,479.96,4.00,134.39
CA-2014-164721,25-11-2014,LW-16825,OFF-AP-10000240,Office Supplies,320.88,6.00,93.06
CA-2014-164721,25-11-2014,LW-16825,FUR-FU-10001940,Furniture,23.88,3.00,10.51
CA-2014-164721,25-11-2014,LW-16825,OFF-PA-10000575,Office Supplies,26.76,4.00,12.31
CA-2016-147417,25-07-2016,CB-12415,TEC-CO-10001449,Technology,1439.98,4.00,192.00
CA-2015-127509,09-11-2015,AS-10090,OFF-BI-10002393,Office Supplies,17.22,3.00,7.92
CA-2015-127509,09-11-2015,AS-10090,FUR-TA-10002855,Furniture,1024.38,7.00,215.12
CA-2015-127509,09-11-2015,AS-10090,OFF-EN-10000781,Office Supplies,26.22,3.00,12.32
CA-2015-127509,09-11-2015,AS-10090,OFF-PA-10002160,Office Supplies,17.34,3.00,8.50
CA-2017-111374,24-02-2017,CB-12415,OFF-BI-10004970,Office Supplies,4.96,4.00,-3.80
CA-2017-133648,25-06-2017,ML-17755,OFF-LA-10003923,Office Supplies,71.04,6.00,26.64
CA-2017-133648,25-06-2017,ML-17755,OFF-AR-10002257,Office Supplies,5.34,2.00,0.73
CA-2017-133648,25-06-2017,ML-17755,OFF-FA-10004395,Office Supplies,11.30,3.00,-2.12
US-2017-147221,02-12-2017,JS-16030,OFF-AP-10002534,Office Supplies,294.62,5.00,-766.01
US-2017-147221,02-12-2017,JS-16030,FUR-FU-10004020,Furniture,8.75,4.00,-3.72
CA-2014-131905,06-02-2014,ND-18460,OFF-LA-10002787,Office Supplies,15.00,4.00,7.20
CA-2014-131905,06-02-2014,ND-18460,TEC-PH-10003645,Technology,161.61,1.00,42.02
CA-2014-131905,06-02-2014,ND-18460,TEC-PH-10001615,Technology,144.95,5.00,42.04
CA-2017-166128,11-04-2017,LW-17215,TEC-AC-10001767,Technology,199.95,5.00,21.99
CA-2017-166128,11-04-2017,LW-17215,OFF-AR-10001221,Office Supplies,41.86,7.00,14.23
CA-2017-163510,25-12-2017,JW-15955,OFF-ST-10000563,Office Supplies,95.94,3.00,9.59
CA-2017-163510,25-12-2017,JW-15955,FUR-CH-10001146,Furniture,304.45,5.00,76.11
US-2017-143028,11-04-2017,SC-20050,OFF-BI-10004738,Office Supplies,11.36,3.00,-17.05
CA-2014-111150,31-12-2014,RW-19630,OFF-AR-10000034,Office Supplies,29.68,7.00,11.58
CA-2014-111150,31-12-2014,RW-19630,TEC-AC-10000290,Technology,47.53,7.00,16.16
CA-2017-165386,03-08-2017,CM-12190,FUR-BO-10003034,Furniture,183.37,2.00,-36.67
CA-2014-116407,15-11-2014,JF-15190,OFF-AR-10001315,Office Supplies,4.22,3.00,0.48
CA-2014-116407,15-11-2014,JF-15190,OFF-AP-10002118,Office Supplies,333.06,2.00,29.14
CA-2014-116407,15-11-2014,JF-15190,OFF-PA-10002137,Office Supplies,24.90,4.00,7.78
CA-2015-155761,11-12-2015,SC-20800,TEC-AC-10001606,Technology,159.98,2.00,36.00
CA-2015-155761,11-12-2015,SC-20800,OFF-ST-10000943,Office Supplies,46.34,3.00,4.63
CA-2016-145905,18-09-2016,AM-10705,FUR-CH-10001854,Furniture,350.98,1.00,84.24
CA-2016-145905,18-09-2016,AM-10705,OFF-PA-10000533,Office Supplies,13.08,2.00,6.02
CA-2016-145905,18-09-2016,AM-10705,OFF-ST-10003716,Office Supplies,900.08,4.00,117.01
CA-2015-113110,19-03-2015,BK-11260,OFF-BI-10000088,Office Supplies,17.57,2.00,6.37
CA-2015-113110,19-03-2015,BK-11260,OFF-LA-10000240,Office Supplies,14.62,2.00,6.87
CA-2015-113110,19-03-2015,BK-11260,OFF-SU-10001165,Office Supplies,33.36,4.00,8.67
CA-2015-113110,19-03-2015,BK-11260,OFF-PA-10002749,Office Supplies,40.14,6.00,19.67
CA-2016-168354,19-09-2016,RH-19510,OFF-ST-10001490,Office Supplies,1606.23,9.00,481.87
CA-2016-168354,19-09-2016,RH-19510,OFF-PA-10002377,Office Supplies,17.04,3.00,7.67
CA-2016-168354,19-09-2016,RH-19510,OFF-BI-10004826,Office Supplies,49.53,3.00,23.77
CA-2016-168354,19-09-2016,RH-19510,FUR-CH-10004675,Furniture,872.32,4.00,244.25
US-2017-111241,20-08-2017,GM-14500,OFF-BI-10002867,Office Supplies,239.12,5.00,77.71
CA-2015-114237,13-03-2015,MC-17275,FUR-BO-10004409,Furniture,141.96,2.00,39.75
CA-2016-113516,08-09-2016,VM-21685,OFF-BI-10002225,Office Supplies,33.02,2.00,11.56
CA-2016-113516,08-09-2016,VM-21685,OFF-BI-10001989,Office Supplies,67.14,4.00,23.50
CA-2015-117961,26-11-2015,GP-14740,OFF-BI-10000343,Office Supplies,14.73,3.00,6.92
CA-2015-117961,26-11-2015,GP-14740,OFF-ST-10001172,Office Supplies,104.90,5.00,25.18
CA-2015-117961,26-11-2015,GP-14740,OFF-BI-10003707,Office Supplies,61.04,4.00,30.52
CA-2015-117961,26-11-2015,GP-14740,OFF-PA-10001274,Office Supplies,10.95,3.00,5.15
CA-2016-128923,09-12-2016,GB-14530,OFF-PA-10002250,Office Supplies,9.39,2.00,3.29
CA-2016-128923,09-12-2016,GB-14530,OFF-AR-10000475,Office Supplies,9.33,1.00,0.82
CA-2017-162481,25-09-2017,CT-11995,OFF-BI-10002976,Office Supplies,8.26,2.00,3.88
CA-2017-162481,25-09-2017,CT-11995,FUR-CH-10003061,Furniture,269.97,3.00,51.29
CA-2015-119214,23-01-2015,CW-11905,OFF-PA-10002893,Office Supplies,29.04,3.00,13.94
CA-2015-119214,23-01-2015,CW-11905,OFF-LA-10003077,Office Supplies,14.62,2.00,6.87
CA-2015-122287,18-06-2015,SN-20560,OFF-PA-10001661,Office Supplies,11.95,3.00,4.33
CA-2015-122287,18-06-2015,SN-20560,OFF-BI-10004656,Office Supplies,4.54,7.00,-3.33
CA-2015-122287,18-06-2015,SN-20560,OFF-BI-10003707,Office Supplies,9.16,2.00,-6.10
CA-2015-122287,18-06-2015,SN-20560,FUR-FU-10004973,Furniture,75.36,5.00,20.72
CA-2015-104493,02-10-2015,EB-13705,OFF-BI-10004817,Office Supplies,57.50,6.00,20.13
US-2017-158946,18-11-2017,JW-15220,OFF-AR-10001860,Office Supplies,38.86,7.00,7.77
CA-2014-129168,17-08-2014,KB-16585,OFF-PA-10001639,Office Supplies,15.55,3.00,5.44
CA-2016-131835,17-07-2016,MC-17590,OFF-AP-10004487,Office Supplies,162.64,2.00,45.54
CA-2016-131835,17-07-2016,MC-17590,TEC-PH-10001760,Technology,597.00,3.00,280.59
CA-2016-131835,17-07-2016,MC-17590,OFF-PA-10004071,Office Supplies,55.48,1.00,26.63
CA-2015-142237,11-07-2015,CK-12595,FUR-FU-10004848,Furniture,289.80,7.00,36.23
CA-2015-142237,11-07-2015,CK-12595,OFF-BI-10004022,Office Supplies,2.50,3.00,-2.00
CA-2015-142237,11-07-2015,CK-12595,OFF-BI-10003669,Office Supplies,6.48,4.00,-4.75
CA-2015-142237,11-07-2015,CK-12595,FUR-CH-10003833,Furniture,341.49,8.00,-73.18
CA-2015-142237,11-07-2015,CK-12595,OFF-AR-10003732,Office Supplies,11.12,5.00,0.83
CA-2015-142237,11-07-2015,CK-12595,FUR-FU-10003142,Furniture,25.34,6.00,3.48
CA-2016-136434,01-12-2016,RD-19480,FUR-FU-10001196,Furniture,17.31,3.00,5.19
CA-2017-120376,22-12-2017,TP-21130,TEC-AC-10001114,Technology,199.95,5.00,63.98
CA-2017-120376,22-12-2017,TP-21130,FUR-CH-10002335,Furniture,1586.69,7.00,412.54
CA-2017-120376,22-12-2017,TP-21130,TEC-AC-10000844,Technology,84.99,1.00,30.60
CA-2017-120376,22-12-2017,TP-21130,FUR-TA-10004534,Furniture,411.80,2.00,70.01
CA-2014-106439,31-10-2014,GG-14650,OFF-FA-10002975,Office Supplies,11.34,3.00,5.22
CA-2014-106439,31-10-2014,GG-14650,OFF-ST-10003996,Office Supplies,80.30,5.00,20.88
CA-2014-106439,31-10-2014,GG-14650,OFF-BI-10002571,Office Supplies,15.97,2.00,5.39
CA-2014-106439,31-10-2014,GG-14650,OFF-PA-10000477,Office Supplies,64.74,13.00,30.43
CA-2014-106439,31-10-2014,GG-14650,OFF-BI-10004209,Office Supplies,19.30,3.00,6.03
CA-2014-106439,31-10-2014,GG-14650,OFF-ST-10001963,Office Supplies,405.64,4.00,12.17
CA-2014-106439,31-10-2014,GG-14650,FUR-CH-10003833,Furniture,146.35,3.00,-9.15
CA-2014-106439,31-10-2014,GG-14650,TEC-AC-10004568,Technology,251.91,9.00,47.86
CA-2014-106439,31-10-2014,GG-14650,OFF-AR-10001419,Office Supplies,12.39,3.00,3.72
CA-2015-133452,13-04-2015,ZC-21910,TEC-AC-10002800,Technology,199.96,4.00,69.99
CA-2015-133452,13-04-2015,ZC-21910,FUR-TA-10003954,Furniture,710.83,3.00,-97.74
CA-2016-146521,21-07-2016,CC-12610,OFF-BI-10000301,Office Supplies,1.94,1.00,-1.29
US-2017-110996,20-11-2017,KA-16525,FUR-CH-10003956,Furniture,283.92,5.00,-46.14
CA-2016-129693,26-11-2016,TC-20980,OFF-BI-10002954,Office Supplies,7.31,2.00,2.56
CA-2017-122504,07-11-2017,DB-13270,TEC-AC-10003289,Technology,59.97,3.00,13.79
CA-2017-122504,07-11-2017,DB-13270,TEC-PH-10002468,Technology,761.54,7.00,66.64
CA-2014-131051,01-12-2014,TR-21325,FUR-FU-10001861,Furniture,58.20,3.00,28.52
CA-2017-140676,12-09-2017,BF-11080,OFF-PA-10004082,Office Supplies,39.90,5.00,19.95
CA-2017-140676,12-09-2017,BF-11080,OFF-AP-10000358,Office Supplies,90.86,7.00,26.35
CA-2017-140676,12-09-2017,BF-11080,OFF-PA-10004243,Office Supplies,94.85,5.00,45.53
CA-2015-120103,24-12-2015,MS-17365,OFF-PA-10001295,Office Supplies,106.23,7.00,37.18
CA-2015-120103,24-12-2015,MS-17365,TEC-PH-10002170,Technology,111.98,2.00,11.20
CA-2015-120103,24-12-2015,MS-17365,FUR-FU-10002885,Furniture,7.71,2.00,1.74
CA-2017-104647,23-02-2017,CK-12595,OFF-PA-10002870,Office Supplies,37.44,6.00,16.85
CA-2014-110352,23-11-2014,ED-13885,OFF-LA-10003923,Office Supplies,23.68,2.00,8.88
CA-2016-140501,23-06-2016,IM-15070,OFF-LA-10003510,Office Supplies,122.12,4.00,56.18
CA-2016-140501,23-06-2016,IM-15070,OFF-LA-10000248,Office Supplies,18.45,5.00,8.67
CA-2016-140501,23-06-2016,IM-15070,OFF-ST-10000060,Office Supplies,324.90,5.00,38.99
CA-2016-140501,23-06-2016,IM-15070,OFF-PA-10003129,Office Supplies,146.73,3.00,68.96
CA-2016-140501,23-06-2016,IM-15070,OFF-FA-10004076,Office Supplies,3.96,2.00,1.47
CA-2015-139290,26-10-2015,MY-17380,OFF-LA-10004008,Office Supplies,5.76,2.00,2.65
CA-2017-166142,15-07-2017,MM-17260,OFF-BI-10004094,Office Supplies,26.55,3.00,13.01
CA-2017-166142,15-07-2017,MM-17260,FUR-TA-10004607,Furniture,310.44,3.00,-48.78
CA-2014-145926,17-11-2014,MP-17470,FUR-CH-10004289,Furniture,479.90,5.00,81.58
CA-2015-149678,13-04-2015,AW-10840,OFF-SU-10004498,Office Supplies,12.88,1.00,0.39
US-2015-164357,25-11-2015,SF-20065,OFF-AR-10001177,Office Supplies,13.12,5.00,1.48
US-2016-146570,15-05-2016,SN-20710,OFF-BI-10001718,Office Supplies,511.84,8.00,240.56
US-2016-146570,15-05-2016,SN-20710,OFF-AR-10004602,Office Supplies,91.96,4.00,25.75
US-2016-146570,15-05-2016,SN-20710,OFF-AR-10003856,Office Supplies,8.34,3.00,2.17
CA-2017-124401,07-09-2017,RD-19900,OFF-ST-10000649,Office Supplies,37.68,3.00,2.36
CA-2017-124401,07-09-2017,RD-19900,TEC-AC-10002926,Technology,279.94,7.00,80.48
US-2014-140116,10-03-2014,KT-16480,OFF-ST-10000078,Office Supplies,636.41,3.00,-15.91
US-2014-140116,10-03-2014,KT-16480,OFF-AR-10001044,Office Supplies,83.17,4.00,9.36
CA-2014-123295,18-07-2014,AH-10120,FUR-CH-10002372,Furniture,259.14,4.00,-25.91
CA-2017-167101,24-03-2017,BM-11650,OFF-PA-10000357,Office Supplies,221.92,4.00,106.52
CA-2017-167101,24-03-2017,BM-11650,TEC-AC-10001266,Technology,26.00,2.00,11.70
US-2014-167633,30-09-2014,BW-11200,OFF-PA-10004888,Office Supplies,15.55,3.00,5.44
US-2014-152723,26-09-2014,HG-14965,OFF-BI-10003460,Office Supplies,0.88,1.00,-1.40
CA-2015-164882,31-10-2015,SG-20080,OFF-PA-10000157,Office Supplies,19.98,1.00,9.39
CA-2015-164882,31-10-2015,SG-20080,OFF-BI-10004519,Office Supplies,398.35,3.00,124.49
CA-2015-164882,31-10-2015,SG-20080,OFF-AR-10004272,Office Supplies,5.04,3.00,1.26
CA-2015-164882,31-10-2015,SG-20080,OFF-FA-10000585,Office Supplies,17.45,5.00,8.03
CA-2015-164882,31-10-2015,SG-20080,FUR-CH-10004218,Furniture,323.14,4.00,20.20
CA-2015-164882,31-10-2015,SG-20080,OFF-SU-10004231,Office Supplies,29.70,3.00,8.02
CA-2015-164882,31-10-2015,SG-20080,TEC-PH-10001578,Technology,1295.84,4.00,145.78
CA-2015-164882,31-10-2015,SG-20080,OFF-ST-10003638,Office Supplies,46.84,2.00,12.65
CA-2015-164882,31-10-2015,SG-20080,FUR-BO-10002213,Furniture,425.83,1.00,20.04
CA-2015-159786,12-10-2015,RK-19300,FUR-TA-10001307,Furniture,209.67,1.00,-13.98
CA-2016-130267,19-09-2016,SW-20245,OFF-PA-10002222,Office Supplies,159.88,7.00,73.54
CA-2017-155460,13-04-2017,RW-19630,OFF-PA-10002479,Office Supplies,5.28,1.00,2.38
CA-2017-155460,13-04-2017,RW-19630,OFF-BI-10003091,Office Supplies,895.92,5.00,302.37
US-2017-168690,07-01-2017,TS-21085,OFF-BI-10000145,Office Supplies,2.81,3.00,-1.97
CA-2017-158246,09-11-2017,JB-15400,FUR-CH-10003061,Furniture,215.98,3.00,-2.70
CA-2017-167381,22-09-2017,EH-14005,FUR-BO-10001972,Furniture,241.96,2.00,41.13
CA-2017-167381,22-09-2017,EH-14005,OFF-LA-10000134,Office Supplies,27.72,9.00,13.31
CA-2017-144862,01-12-2017,EH-14005,OFF-EN-10003040,Office Supplies,104.68,5.00,35.33
CA-2017-144862,01-12-2017,EH-14005,TEC-PH-10000923,Technology,62.96,7.00,9.44
CA-2014-126032,23-06-2014,BS-11665,TEC-AC-10000158,Technology,86.38,3.00,1.08
CA-2015-134859,04-10-2015,JK-16120,FUR-FU-10003623,Furniture,64.94,3.00,6.49
CA-2015-134859,04-10-2015,JK-16120,OFF-PA-10001293,Office Supplies,20.74,4.00,7.26
US-2014-114188,20-05-2014,RF-19345,OFF-AP-10000124,Office Supplies,33.28,4.00,9.32
US-2014-114188,20-05-2014,RF-19345,OFF-AR-10004511,Office Supplies,38.52,9.00,11.94
US-2014-114188,20-05-2014,RF-19345,FUR-FU-10000076,Furniture,139.86,7.00,60.14
CA-2015-156524,20-11-2015,DL-12865,OFF-PA-10003883,Office Supplies,19.65,3.00,9.04
CA-2015-122210,30-11-2015,WB-21850,OFF-BI-10003656,Office Supplies,152.99,3.00,-122.39
CA-2015-122210,30-11-2015,WB-21850,OFF-FA-10000053,Office Supplies,10.58,7.00,-2.38
CA-2015-122210,30-11-2015,WB-21850,TEC-PH-10002807,Technology,94.92,4.00,15.82
CA-2015-156377,31-12-2015,TB-21625,FUR-FU-10002364,Furniture,14.76,5.00,-11.44
CA-2015-156377,31-12-2015,TB-21625,OFF-BI-10002954,Office Supplies,3.66,4.00,-5.85
US-2017-157896,16-11-2017,CB-12415,OFF-PA-10004092,Office Supplies,146.82,3.00,73.41
CA-2014-159520,06-06-2014,GT-14635,OFF-BI-10003982,Office Supplies,149.54,9.00,50.47
CA-2014-159520,06-06-2014,GT-14635,OFF-SU-10001664,Office Supplies,17.14,2.00,4.46
CA-2014-159520,06-06-2014,GT-14635,FUR-TA-10003238,Furniture,991.76,3.00,-347.12
CA-2016-155481,01-09-2016,DK-13225,OFF-PA-10004675,Office Supplies,30.48,6.00,9.91
CA-2016-155481,01-09-2016,DK-13225,TEC-PH-10002293,Technology,23.99,2.00,-4.80
CA-2016-155481,01-09-2016,DK-13225,OFF-FA-10002780,Office Supplies,16.69,7.00,5.42
US-2016-152051,25-06-2016,TS-21160,FUR-CH-10002965,Furniture,422.06,3.00,-18.09
US-2016-152051,25-06-2016,TS-21160,OFF-BI-10004781,Office Supplies,38.09,4.00,-27.93
US-2016-152051,25-06-2016,TS-21160,OFF-ST-10001713,Office Supplies,254.35,6.00,-50.87
CA-2014-141607,12-12-2014,WB-21850,FUR-FU-10003975,Furniture,43.31,1.00,4.33
CA-2017-102771,31-03-2017,DO-13435,TEC-PH-10001536,Technology,84.95,5.00,22.09
US-2017-139969,19-11-2017,AF-10870,FUR-CH-10001973,Furniture,233.06,3.00,-53.27
CA-2014-167360,24-11-2014,RB-19435,TEC-AC-10001772,Technology,111.79,7.00,43.60
CA-2015-123505,22-11-2015,AR-10540,OFF-PA-10002586,Office Supplies,14.94,3.00,7.02
CA-2016-117282,14-07-2016,DR-12880,OFF-BI-10004094,Office Supplies,14.16,2.00,5.13
US-2016-120460,30-04-2016,BF-11170,FUR-FU-10004973,Furniture,22.61,3.00,-10.17
CA-2016-111115,25-07-2016,LB-16735,OFF-FA-10000624,Office Supplies,21.48,6.00,10.74
CA-2014-124646,22-06-2014,DV-13465,OFF-ST-10001097,Office Supplies,501.81,3.00,0.00
CA-2014-124646,22-06-2014,DV-13465,OFF-ST-10001469,Office Supplies,161.94,3.00,9.72
CA-2017-148166,21-10-2017,NK-18490,OFF-AR-10004956,Office Supplies,17.86,4.00,2.01
CA-2016-159737,03-09-2016,CS-11950,OFF-BI-10004236,Office Supplies,8.81,3.00,-14.97
CA-2016-141019,14-05-2016,LH-17155,FUR-FU-10002937,Furniture,79.38,1.00,29.77
CA-2016-101938,07-01-2016,DW-13480,OFF-AR-10003696,Office Supplies,34.58,1.00,10.03
CA-2017-166296,13-03-2017,KF-16285,OFF-PA-10004359,Office Supplies,314.55,3.00,150.98
CA-2016-154018,13-10-2016,HA-14920,TEC-AC-10002402,Technology,191.98,3.00,24.00
CA-2016-154018,13-10-2016,HA-14920,OFF-PA-10000551,Office Supplies,8.29,2.00,3.00
CA-2016-154018,13-10-2016,HA-14920,FUR-FU-10003394,Furniture,139.92,5.00,-150.41
CA-2016-154018,13-10-2016,HA-14920,OFF-AR-10002067,Office Supplies,15.87,1.00,1.19
CA-2016-154018,13-10-2016,HA-14920,OFF-BI-10004140,Office Supplies,6.29,7.00,-11.00
CA-2017-117870,27-01-2017,JH-15820,OFF-AR-10004078,Office Supplies,14.02,3.00,1.75
CA-2017-117870,27-01-2017,JH-15820,TEC-AC-10000927,Technology,71.98,3.00,-9.00
CA-2017-117870,27-01-2017,JH-15820,TEC-PH-10003931,Technology,107.98,3.00,-27.00
US-2017-137491,19-11-2017,LC-16930,FUR-CH-10004675,Furniture,305.31,2.00,-8.72
CA-2014-152296,01-08-2014,IL-15100,OFF-BI-10004506,Office Supplies,19.75,3.00,6.91
CA-2016-112025,30-07-2016,LS-16975,OFF-BI-10002353,Office Supplies,9.26,3.00,-13.90
CA-2015-132507,30-07-2015,CC-12610,OFF-ST-10000943,Office Supplies,61.79,4.00,6.18
CA-2016-125738,15-10-2016,PB-18805,OFF-PA-10000740,Office Supplies,45.68,2.00,21.01
CA-2016-125738,15-10-2016,PB-18805,OFF-PA-10003001,Office Supplies,60.12,9.00,28.86
CA-2016-125738,15-10-2016,PB-18805,OFF-BI-10001628,Office Supplies,41.72,5.00,13.04
CA-2016-125738,15-10-2016,PB-18805,OFF-PA-10001509,Office Supplies,71.60,8.00,32.94
CA-2016-128818,07-05-2016,CJ-12010,OFF-BI-10000309,Office Supplies,85.23,7.00,30.90
CA-2016-128818,07-05-2016,CJ-12010,OFF-LA-10003923,Office Supplies,44.40,3.00,22.20
CA-2016-128818,07-05-2016,CJ-12010,FUR-CH-10002084,Furniture,442.76,4.00,59.04
CA-2016-128818,07-05-2016,CJ-12010,TEC-MA-10000488,Technology,3999.95,5.00,1159.99
CA-2016-128818,07-05-2016,CJ-12010,TEC-AC-10001767,Technology,199.95,5.00,21.99
CA-2016-128818,07-05-2016,CJ-12010,FUR-FU-10001940,Furniture,63.68,8.00,28.02
CA-2017-124576,01-08-2017,HK-14890,OFF-BI-10002735,Office Supplies,54.90,2.00,18.53
CA-2016-101378,14-07-2016,RH-19600,TEC-AC-10002345,Technology,29.00,2.00,7.25
CA-2017-143063,10-08-2017,IL-15100,OFF-EN-10003134,Office Supplies,70.08,6.00,35.04
CA-2017-143063,10-08-2017,IL-15100,FUR-FU-10003708,Furniture,121.30,2.00,25.47
CA-2017-143063,10-08-2017,IL-15100,TEC-PH-10003645,Technology,1454.49,9.00,378.17
CA-2016-118913,25-06-2016,AS-10240,OFF-AP-10000692,Office Supplies,60.81,3.00,17.03
CA-2016-128412,10-12-2016,AP-10915,OFF-BI-10001718,Office Supplies,153.55,3.00,51.82
CA-2016-128412,10-12-2016,AP-10915,OFF-AP-10002082,Office Supplies,65.34,3.00,22.87
CA-2016-128412,10-12-2016,AP-10915,OFF-PA-10001125,Office Supplies,123.92,4.00,55.76
CA-2016-128412,10-12-2016,AP-10915,OFF-AP-10000252,Office Supplies,35.10,3.00,12.29
CA-2016-128412,10-12-2016,AP-10915,TEC-AC-10003038,Technology,44.75,5.00,8.50
CA-2016-136483,01-12-2016,AG-10390,OFF-AR-10000940,Office Supplies,4.70,2.00,0.41
CA-2014-163013,28-11-2014,BF-11080,OFF-AR-10001954,Office Supplies,14.67,3.00,3.96
CA-2015-135363,28-03-2015,CK-12205,OFF-PA-10003177,Office Supplies,15.55,3.00,5.44
CA-2015-135363,28-03-2015,CK-12205,OFF-PA-10000533,Office Supplies,5.23,1.00,1.70
US-2014-165659,01-06-2014,LT-17110,FUR-FU-10001935,Furniture,22.20,6.00,9.10
US-2014-165659,01-06-2014,LT-17110,TEC-PH-10002563,Technology,881.93,7.00,229.30
CA-2015-138002,06-09-2015,BT-11305,OFF-BI-10002160,Office Supplies,6.10,2.00,2.13
CA-2015-138002,06-09-2015,BT-11305,FUR-FU-10004748,Furniture,191.82,3.00,74.81
CA-2015-128860,29-06-2015,SC-20725,FUR-FU-10001473,Furniture,20.10,1.00,1.76
CA-2016-164350,10-09-2016,CG-12040,OFF-AR-10000538,Office Supplies,67.56,3.00,8.45
US-2014-103905,14-07-2014,AW-10930,OFF-BI-10001098,Office Supplies,29.93,7.00,-46.39
US-2014-103905,14-07-2014,AW-10930,TEC-PH-10001552,Technology,38.27,4.00,3.83
CA-2015-129854,22-08-2015,RB-19705,OFF-AR-10000390,Office Supplies,16.52,4.00,7.60
CA-2014-125556,14-11-2014,ML-17410,TEC-PH-10001079,Technology,832.93,7.00,233.22
CA-2014-125556,14-11-2014,ML-17410,OFF-BI-10003460,Office Supplies,43.80,10.00,21.02
CA-2016-162313,27-11-2016,VB-21745,OFF-AP-10003842,Office Supplies,167.29,6.00,29.74
CA-2017-107874,21-11-2017,SW-20275,FUR-FU-10003535,Furniture,27.42,1.00,11.24
CA-2017-129378,01-10-2017,NS-18505,OFF-BI-10002012,Office Supplies,1.44,1.00,0.50
CA-2017-129378,01-10-2017,NS-18505,OFF-BI-10001922,Office Supplies,61.78,13.00,20.85
CA-2017-129378,01-10-2017,NS-18505,OFF-AP-10000576,Office Supplies,241.96,2.00,60.49
CA-2017-129378,01-10-2017,NS-18505,FUR-CH-10000553,Furniture,108.61,4.00,9.50
CA-2014-151953,20-09-2014,DB-13555,OFF-AR-10003469,Office Supplies,2.82,2.00,0.99
CA-2017-130841,28-07-2017,MH-17620,OFF-BI-10000145,Office Supplies,9.98,4.00,3.62
CA-2017-130841,28-07-2017,MH-17620,OFF-ST-10001580,Office Supplies,14.98,1.00,4.19
CA-2017-130841,28-07-2017,MH-17620,TEC-PH-10001817,Technology,1145.60,4.00,100.24
CA-2015-131884,06-12-2015,DK-13375,TEC-PH-10001578,Technology,485.94,2.00,-89.09
CA-2015-131884,06-12-2015,DK-13375,OFF-AR-10004078,Office Supplies,37.38,8.00,4.67
CA-2015-131884,06-12-2015,DK-13375,FUR-CH-10004860,Furniture,70.69,1.00,-24.24
CA-2017-121909,31-07-2017,EA-14035,OFF-PA-10003790,Office Supplies,54.82,3.00,17.82
CA-2016-106383,19-03-2016,BT-11440,FUR-BO-10002202,Furniture,72.29,1.00,-98.80
CA-2017-130771,29-07-2017,LA-16780,OFF-FA-10003059,Office Supplies,2.90,2.00,0.47
CA-2017-130771,29-07-2017,LA-16780,TEC-PH-10002496,Technology,124.79,1.00,15.60
CA-2016-139157,01-10-2016,GM-14680,FUR-TA-10003238,Furniture,330.59,1.00,-115.71
CA-2014-128055,31-03-2014,AA-10315,OFF-BI-10004390,Office Supplies,673.57,2.00,252.59
CA-2014-128055,31-03-2014,AA-10315,OFF-AP-10002765,Office Supplies,52.98,2.00,14.83
CA-2017-157091,26-06-2017,DB-13405,FUR-FU-10000293,Furniture,526.45,5.00,31.59
CA-2017-132122,09-07-2017,JH-15820,OFF-ST-10003692,Office Supplies,228.92,5.00,14.31
CA-2015-123232,14-12-2015,DJ-13630,TEC-PH-10001051,Technology,319.97,4.00,36.00
CA-2017-104066,05-12-2017,QJ-19255,TEC-AC-10001013,Technology,205.03,7.00,67.66
CA-2015-145849,15-09-2015,CT-11995,OFF-ST-10000025,Office Supplies,190.86,2.00,11.45
CA-2015-145849,15-09-2015,CT-11995,OFF-AR-10000817,Office Supplies,24.32,8.00,8.27
CA-2016-122322,15-07-2016,RH-19510,OFF-SU-10000952,Office Supplies,44.40,5.00,12.43
CA-2017-166849,20-04-2017,SJ-20125,FUR-FU-10004597,Furniture,44.40,2.00,-52.17
CA-2016-146633,15-11-2016,TG-21310,OFF-BI-10003527,Office Supplies,1016.79,1.00,381.30
CA-2016-146633,15-11-2016,TG-21310,OFF-BI-10002982,Office Supplies,38.14,7.00,13.35
US-2016-126893,26-11-2016,CT-11995,TEC-PH-10004165,Technology,494.98,3.00,-115.50
CA-2017-103380,21-11-2017,BF-11005,OFF-ST-10003442,Office Supplies,56.56,2.00,15.27
CA-2017-103380,21-11-2017,BF-11005,OFF-AR-10003856,Office Supplies,5.56,2.00,1.45
CA-2017-103380,21-11-2017,BF-11005,OFF-FA-10004248,Office Supplies,9.02,2.00,3.52
CA-2017-103380,21-11-2017,BF-11005,OFF-AP-10001492,Office Supplies,8.62,1.00,2.24
CA-2017-103380,21-11-2017,BF-11005,TEC-PH-10004165,Technology,659.98,3.00,49.50
CA-2015-116092,15-02-2015,JM-16195,OFF-PA-10004285,Office Supplies,13.36,2.00,6.41
CA-2015-116092,15-02-2015,JM-16195,OFF-BI-10001628,Office Supplies,41.72,5.00,13.04
CA-2015-116092,15-02-2015,JM-16195,OFF-BI-10000546,Office Supplies,11.52,5.00,4.18
CA-2015-116092,15-02-2015,JM-16195,OFF-AP-10001391,Office Supplies,541.44,6.00,157.02
CA-2015-116092,15-02-2015,JM-16195,OFF-PA-10000477,Office Supplies,19.44,3.00,9.33
CA-2016-117849,15-04-2016,JK-16120,OFF-PA-10004327,Office Supplies,143.70,3.00,68.98
CA-2015-169201,28-09-2015,HG-14965,OFF-AP-10000696,Office Supplies,43.26,3.00,14.28
CA-2015-169201,28-09-2015,HG-14965,OFF-AP-10002082,Office Supplies,43.56,2.00,15.25
CA-2016-164091,17-09-2016,LA-16780,TEC-PH-10001944,Technology,437.85,3.00,131.36
CA-2016-164091,17-09-2016,LA-16780,FUR-FU-10004952,Furniture,109.48,2.00,33.94
CA-2017-105214,16-06-2017,TS-21610,FUR-CH-10000015,Furniture,1212.96,7.00,90.97
CA-2017-105214,16-06-2017,TS-21610,OFF-PA-10001776,Office Supplies,18.54,2.00,8.71
CA-2015-117611,08-11-2015,MZ-17335,OFF-FA-10002280,Office Supplies,5.00,1.00,2.40
CA-2015-117611,08-11-2015,MZ-17335,TEC-AC-10002049,Technology,371.97,3.00,66.95
US-2015-137960,18-12-2015,MW-18220,TEC-AC-10002253,Technology,166.24,1.00,24.94
CA-2017-122994,06-02-2017,MV-17485,FUR-BO-10004015,Furniture,359.97,3.00,79.19
CA-2016-131065,14-11-2016,AA-10375,TEC-AC-10004145,Technology,499.98,2.00,115.00
CA-2016-131065,14-11-2016,AA-10375,OFF-PA-10002479,Office Supplies,5.28,1.00,2.38
CA-2016-131065,14-11-2016,AA-10375,OFF-BI-10004970,Office Supplies,8.26,2.00,3.88
CA-2017-149146,12-10-2017,SM-20320,OFF-PA-10003919,Office Supplies,7.97,2.00,2.69
CA-2017-137470,17-09-2017,TP-21415,OFF-PA-10002001,Office Supplies,12.96,2.00,6.35
CA-2017-105480,20-12-2017,DK-13225,OFF-PA-10002787,Office Supplies,6.48,1.00,3.11
CA-2017-105480,20-12-2017,DK-13225,OFF-BI-10003291,Office Supplies,6.98,1.00,2.36
CA-2017-164917,02-12-2017,MK-17905,OFF-AR-10004344,Office Supplies,47.96,5.00,4.20
CA-2015-102036,21-09-2015,CS-12130,OFF-ST-10003123,Office Supplies,199.74,6.00,47.94
CA-2015-142944,06-03-2015,JL-15850,FUR-FU-10000308,Furniture,435.26,7.00,95.76
CA-2015-142944,06-03-2015,JL-15850,TEC-CO-10003763,Technology,1119.98,2.00,377.99
CA-2014-157882,03-10-2014,AR-10405,FUR-TA-10001866,Furniture,143.43,1.00,3.59
CA-2014-157882,03-10-2014,AR-10405,FUR-CH-10002774,Furniture,122.35,3.00,13.76
CA-2014-104283,27-06-2014,LM-17065,OFF-ST-10004337,Office Supplies,306.20,5.00,0.00
CA-2014-104283,27-06-2014,LM-17065,FUR-TA-10001039,Furniture,85.98,1.00,22.35
CA-2014-104283,27-06-2014,LM-17065,TEC-AC-10000109,Technology,223.96,4.00,53.75
CA-2017-142622,30-10-2017,JK-15625,FUR-CH-10003833,Furniture,97.57,2.00,-6.10
CA-2017-142622,30-10-2017,JK-15625,FUR-CH-10004289,Furniture,614.27,8.00,-23.04
CA-2017-142622,30-10-2017,JK-15625,FUR-BO-10004467,Furniture,199.98,2.00,38.00
CA-2016-132143,03-09-2016,FM-14215,OFF-PA-10002713,Office Supplies,48.16,7.00,22.15
CA-2015-153108,05-03-2015,SF-20200,TEC-PH-10001552,Technology,23.92,2.00,6.70
CA-2015-153108,05-03-2015,SF-20200,OFF-AP-10002222,Office Supplies,60.69,7.00,16.39
CA-2016-112676,05-05-2016,PJ-18835,OFF-PA-10003971,Office Supplies,14.35,3.00,5.20
CA-2017-165687,17-11-2017,CS-12355,OFF-AP-10004036,Office Supplies,35.04,2.00,12.26
US-2017-112928,01-06-2017,BB-10990,OFF-AP-10002287,Office Supplies,17.48,5.00,1.31
CA-2017-143343,10-06-2017,BW-11200,OFF-AR-10002375,Office Supplies,16.40,5.00,4.76
CA-2017-115154,08-01-2017,RS-19420,FUR-TA-10001950,Furniture,892.98,2.00,80.37
CA-2015-149342,20-04-2015,TS-21160,TEC-PH-10001557,Technology,287.97,3.00,77.75
CA-2015-149342,20-04-2015,TS-21160,FUR-FU-10002937,Furniture,595.38,6.00,297.69
CA-2015-149342,20-04-2015,TS-21160,OFF-PA-10001166,Office Supplies,12.96,2.00,6.22
CA-2015-130995,01-11-2015,QJ-19255,TEC-PH-10000347,Technology,4.95,1.00,1.34
CA-2017-127929,23-12-2017,FM-14215,FUR-FU-10003708,Furniture,181.95,3.00,38.21
CA-2015-113145,01-11-2015,VD-21670,OFF-PA-10002659,Office Supplies,13.52,4.00,6.22
CA-2015-113145,01-11-2015,VD-21670,FUR-FU-10000965,Furniture,259.70,5.00,106.48
CA-2015-113145,01-11-2015,VD-21670,TEC-PH-10001527,Technology,42.95,1.00,1.29
CA-2015-113145,01-11-2015,VD-21670,TEC-AC-10001838,Technology,1399.93,7.00,601.97
CA-2015-113145,01-11-2015,VD-21670,TEC-PH-10002597,Technology,503.96,4.00,125.99
CA-2014-162362,14-11-2014,JL-15505,OFF-BI-10000756,Office Supplies,12.72,3.00,6.36
CA-2014-162362,14-11-2014,JL-15505,OFF-BI-10000546,Office Supplies,11.52,4.00,5.64
CA-2016-106558,17-01-2016,DL-13495,TEC-AC-10001142,Technology,316.00,4.00,31.60
CA-2017-157931,17-09-2017,MO-17800,FUR-CH-10000785,Furniture,723.92,4.00,188.22
CA-2017-157931,17-09-2017,MO-17800,OFF-PA-10000474,Office Supplies,106.32,3.00,49.97
CA-2016-115574,23-12-2016,BP-11185,FUR-BO-10003441,Furniture,141.37,2.00,-14.14
CA-2015-160794,06-08-2015,MS-17980,OFF-PA-10004156,Office Supplies,27.22,3.00,9.87
CA-2017-116225,05-11-2017,SV-20935,TEC-AC-10001432,Technology,390.75,5.00,171.93
US-2017-120418,11-06-2017,BC-11125,FUR-CH-10001394,Furniture,280.79,1.00,35.10
US-2017-120418,11-06-2017,BC-11125,OFF-ST-10002370,Office Supplies,68.45,4.00,7.70
US-2017-120418,11-06-2017,BC-11125,OFF-AR-10002956,Office Supplies,88.04,5.00,6.60
US-2017-120418,11-06-2017,BC-11125,OFF-AR-10001955,Office Supplies,15.87,1.00,1.98
US-2017-120418,11-06-2017,BC-11125,OFF-ST-10001809,Office Supplies,215.59,3.00,-48.51
CA-2017-122035,20-07-2017,EM-13825,OFF-LA-10004093,Office Supplies,14.62,2.00,6.87
CA-2017-122035,20-07-2017,EM-13825,OFF-AP-10002118,Office Supplies,416.32,2.00,112.41
CA-2017-122035,20-07-2017,EM-13825,OFF-BI-10000404,Office Supplies,43.00,5.00,20.21
CA-2017-122035,20-07-2017,EM-13825,FUR-CH-10003833,Furniture,182.94,3.00,27.44
CA-2017-122035,20-07-2017,EM-13825,OFF-BI-10002072,Office Supplies,60.83,7.00,30.42
CA-2017-122035,20-07-2017,EM-13825,TEC-AC-10003095,Technology,389.97,3.00,132.59
CA-2015-117828,23-12-2015,BD-11500,OFF-AP-10001563,Office Supplies,194.32,4.00,56.35
CA-2017-165491,20-03-2017,HW-14935,TEC-AC-10000358,Technology,265.93,7.00,63.82
CA-2015-109470,31-12-2015,KC-16255,OFF-BI-10004492,Office Supplies,94.74,3.00,44.53
CA-2015-109470,31-12-2015,KC-16255,OFF-BI-10001072,Office Supplies,60.64,4.00,27.89
CA-2015-109470,31-12-2015,KC-16255,OFF-BI-10003707,Office Supplies,76.30,5.00,38.15
CA-2015-109470,31-12-2015,KC-16255,OFF-BI-10000977,Office Supplies,364.80,12.00,167.81
CA-2015-105102,15-09-2015,BM-11575,OFF-BI-10002082,Office Supplies,79.87,3.00,29.95
CA-2015-105102,15-09-2015,BM-11575,FUR-BO-10004709,Furniture,46.38,1.00,1.16
CA-2015-105102,15-09-2015,BM-11575,OFF-PA-10002365,Office Supplies,12.96,2.00,6.22
CA-2017-138422,23-09-2017,KN-16705,OFF-EN-10004147,Office Supplies,14.35,3.00,5.20
US-2015-147739,25-12-2015,JD-16150,FUR-FU-10001468,Furniture,547.14,4.00,-68.39
CA-2016-155187,24-09-2016,LA-16780,OFF-ST-10000642,Office Supplies,41.96,2.00,2.94
CA-2016-155187,24-09-2016,LA-16780,OFF-PA-10000380,Office Supplies,41.70,5.00,20.85
CA-2017-169285,21-03-2017,RW-19690,OFF-PA-10004071,Office Supplies,277.40,5.00,133.15
CA-2017-169285,21-03-2017,RW-19690,OFF-PA-10004971,Office Supplies,5.78,1.00,2.83
CA-2014-140886,30-09-2014,KW-16570,OFF-AP-10000696,Office Supplies,69.22,6.00,11.25
CA-2017-152695,10-12-2017,CC-12220,OFF-EN-10004030,Office Supplies,10.86,3.00,5.10
CA-2017-152695,10-12-2017,CC-12220,OFF-AP-10000026,Office Supplies,426.79,7.00,123.77
CA-2014-110639,23-08-2014,RH-19495,OFF-PA-10003936,Office Supplies,25.92,4.00,12.44
CA-2014-110639,23-08-2014,RH-19495,OFF-PA-10004530,Office Supplies,45.92,4.00,22.50
CA-2014-121727,19-08-2014,JK-15625,OFF-AR-10004930,Office Supplies,10.72,2.00,1.74
CA-2016-137736,10-11-2016,DC-13285,OFF-AR-10004999,Office Supplies,41.86,7.00,10.47
US-2014-143231,31-12-2014,GM-14455,FUR-FU-10002501,Furniture,63.20,5.00,23.38
US-2014-143231,31-12-2014,GM-14455,TEC-AC-10000358,Technology,113.97,3.00,27.35
US-2014-155894,26-07-2014,CL-11890,OFF-ST-10004804,Office Supplies,123.55,3.00,-29.34
CA-2016-119025,22-02-2016,PV-18985,OFF-AP-10001205,Office Supplies,490.32,9.00,137.29
CA-2016-159373,13-03-2016,LT-17110,OFF-PA-10000659,Office Supplies,70.08,5.00,24.53
CA-2016-159373,13-03-2016,LT-17110,OFF-BI-10004141,Office Supplies,1.27,2.00,-2.16
CA-2016-159373,13-03-2016,LT-17110,FUR-TA-10004619,Furniture,557.59,5.00,0.00
CA-2017-109701,02-12-2017,AM-10360,OFF-BI-10004187,Office Supplies,9.02,6.00,3.16
CA-2017-109701,02-12-2017,AM-10360,OFF-BI-10000632,Office Supplies,69.46,2.00,22.57
CA-2017-109701,02-12-2017,AM-10360,OFF-PA-10003724,Office Supplies,10.86,2.00,5.32
CA-2017-109701,02-12-2017,AM-10360,OFF-AP-10002765,Office Supplies,79.47,3.00,22.25
CA-2017-109701,02-12-2017,AM-10360,OFF-AR-10001868,Office Supplies,10.08,6.00,5.04
CA-2015-111514,31-08-2015,SC-20260,FUR-BO-10002545,Furniture,1552.83,7.00,200.95
CA-2015-111514,31-08-2015,SC-20260,OFF-BI-10002735,Office Supplies,137.24,5.00,46.32
CA-2015-111514,31-08-2015,SC-20260,TEC-AC-10004864,Technology,36.51,1.00,15.70
CA-2015-111514,31-08-2015,SC-20260,TEC-MA-10000597,Technology,239.98,3.00,80.99
US-2014-148838,17-03-2014,CP-12340,FUR-TA-10003473,Furniture,1579.75,7.00,-447.59
US-2014-148838,17-03-2014,CP-12340,FUR-TA-10001950,Furniture,1071.58,4.00,-553.65
US-2014-148838,17-03-2014,CP-12340,FUR-TA-10004175,Furniture,613.91,3.00,-122.78
US-2014-148838,17-03-2014,CP-12340,OFF-PA-10002960,Office Supplies,34.86,7.00,16.38
US-2014-148838,17-03-2014,CP-12340,OFF-PA-10000919,Office Supplies,155.04,4.00,75.97
CA-2017-136497,16-04-2017,RF-19840,OFF-BI-10001553,Office Supplies,13.71,5.00,-10.05
US-2016-108637,13-03-2016,AB-10060,FUR-FU-10004864,Furniture,127.88,2.00,40.92
US-2016-108637,13-03-2016,AB-10060,OFF-AP-10004540,Office Supplies,160.32,2.00,44.89
US-2016-108637,13-03-2016,AB-10060,OFF-BI-10004965,Office Supplies,46.00,4.00,20.70
CA-2014-102295,24-11-2014,EH-13990,FUR-CH-10001714,Furniture,120.71,1.00,-18.11
CA-2017-123659,10-02-2017,MN-17935,OFF-PA-10002464,Office Supplies,23.12,4.00,11.33
US-2016-129469,23-09-2016,KL-16555,FUR-FU-10002298,Furniture,532.70,6.00,-26.64
US-2016-129469,23-09-2016,KL-16555,OFF-AR-10000315,Office Supplies,4.91,2.00,0.31
CA-2017-155152,07-07-2017,MP-17965,TEC-AC-10004353,Technology,252.00,4.00,93.24
CA-2016-159940,07-07-2016,BF-11020,FUR-FU-10004973,Furniture,60.29,8.00,-27.13
CA-2016-159940,07-07-2016,BF-11020,OFF-FA-10000936,Office Supplies,2.63,1.00,0.82
CA-2016-159940,07-07-2016,BF-11020,OFF-PA-10001609,Office Supplies,23.69,9.00,7.70
CA-2016-159940,07-07-2016,BF-11020,FUR-CH-10000785,Furniture,253.37,2.00,-14.48
CA-2017-119669,24-01-2017,TP-21130,OFF-FA-10000053,Office Supplies,5.67,3.00,0.11
US-2014-164616,19-08-2014,MS-17770,OFF-BI-10001718,Office Supplies,76.78,4.00,-58.86
US-2014-164616,19-08-2014,MS-17770,OFF-SU-10004768,Office Supplies,9.18,2.00,1.15
CA-2015-148628,06-12-2015,KM-16375,OFF-PA-10003883,Office Supplies,32.75,5.00,15.07
CA-2016-118052,06-05-2016,BE-11455,OFF-FA-10004248,Office Supplies,7.22,2.00,1.71
CA-2016-118052,06-05-2016,BE-11455,OFF-PA-10002581,Office Supplies,49.57,2.00,15.49
CA-2016-118052,06-05-2016,BE-11455,FUR-FU-10004848,Furniture,54.71,7.00,11.63
US-2017-117534,25-03-2017,CV-12295,OFF-AP-10002403,Office Supplies,176.04,4.00,45.77
US-2017-117534,25-03-2017,CV-12295,OFF-AR-10003087,Office Supplies,16.02,9.00,4.49
US-2017-117534,25-03-2017,CV-12295,OFF-BI-10002026,Office Supplies,185.92,4.00,62.75
US-2017-117534,25-03-2017,CV-12295,TEC-PH-10000141,Technology,211.17,4.00,15.84
US-2017-117534,25-03-2017,CV-12295,TEC-CO-10000971,Technology,479.98,2.00,60.00
CA-2015-145065,12-12-2015,DK-13375,OFF-FA-10001229,Office Supplies,7.86,2.00,3.62
CA-2015-145065,12-12-2015,DK-13375,OFF-BI-10002437,Office Supplies,24.45,2.00,8.86
US-2015-127040,06-12-2015,SG-20605,OFF-PA-10004255,Office Supplies,6.48,1.00,3.11
US-2015-127040,06-12-2015,SG-20605,OFF-PA-10001184,Office Supplies,41.86,7.00,20.51
US-2015-127040,06-12-2015,SG-20605,TEC-AC-10002637,Technology,1619.91,9.00,97.19
US-2015-127040,06-12-2015,SG-20605,FUR-FU-10002878,Furniture,113.92,4.00,42.15
CA-2016-128111,17-03-2016,CS-12355,OFF-AR-10000588,Office Supplies,39.68,2.00,10.32
CA-2015-137897,14-11-2015,PJ-18835,TEC-AC-10002217,Technology,37.60,2.00,2.26
CA-2015-137897,14-11-2015,PJ-18835,TEC-AC-10001267,Technology,59.90,2.00,23.96
CA-2015-137897,14-11-2015,PJ-18835,OFF-PA-10004041,Office Supplies,37.00,5.00,16.65
CA-2017-169264,14-08-2017,NP-18700,OFF-LA-10001613,Office Supplies,5.76,2.00,2.82
CA-2017-169264,14-08-2017,NP-18700,OFF-AR-10000246,Office Supplies,16.68,6.00,4.34
CA-2017-147361,09-09-2017,SB-20290,OFF-ST-10001809,Office Supplies,628.81,7.00,12.58
CA-2017-147361,09-09-2017,SB-20290,OFF-ST-10002214,Office Supplies,56.45,5.00,14.68
CA-2017-145877,01-04-2017,AS-10090,OFF-ST-10000649,Office Supplies,94.20,6.00,23.55
CA-2017-145877,01-04-2017,AS-10090,OFF-EN-10001990,Office Supplies,28.40,5.00,13.35
US-2016-110170,27-09-2016,HM-14860,FUR-BO-10000780,Furniture,956.66,7.00,-225.10
CA-2017-108574,07-10-2017,MG-18145,TEC-AC-10002049,Technology,1115.91,9.00,200.86
CA-2017-108574,07-10-2017,MG-18145,TEC-PH-10003555,Technology,128.74,7.00,-28.97
CA-2017-108574,07-10-2017,MG-18145,TEC-PH-10000702,Technology,79.92,10.00,26.97
CA-2017-144589,20-01-2017,TM-21010,OFF-AR-10003631,Office Supplies,24.20,5.00,7.99
CA-2017-144589,20-01-2017,TM-21010,TEC-PH-10003072,Technology,359.98,3.00,130.49
CA-2017-155985,23-03-2017,BE-11335,FUR-FU-10000758,Furniture,211.84,8.00,76.26
CA-2014-162684,01-08-2014,AS-10630,OFF-FA-10000992,Office Supplies,5.68,2.00,1.92
CA-2015-142041,07-06-2015,EM-13810,OFF-BI-10004187,Office Supplies,7.52,5.00,2.63
CA-2014-151295,12-11-2014,JA-15970,OFF-PA-10001947,Office Supplies,11.96,2.00,5.86
CA-2014-151295,12-11-2014,JA-15970,FUR-TA-10002356,Furniture,629.06,3.00,31.45
CA-2016-156300,29-12-2016,TB-21595,FUR-CH-10001714,Furniture,754.45,5.00,60.36
CA-2015-146087,06-07-2015,PP-18955,FUR-BO-10002824,Furniture,301.96,2.00,60.39
CA-2017-168655,12-10-2017,ML-18040,TEC-AC-10002842,Technology,595.00,5.00,95.20
CA-2017-168655,12-10-2017,ML-18040,OFF-BI-10002082,Office Supplies,79.87,3.00,29.95
CA-2016-107202,21-05-2016,LC-16930,TEC-MA-10000112,Technology,2396.40,10.00,179.73
CA-2017-159597,09-11-2017,MC-17590,OFF-ST-10002289,Office Supplies,63.56,2.00,3.18
CA-2017-159597,09-11-2017,MC-17590,TEC-AC-10004171,Technology,99.99,1.00,44.00
CA-2016-155551,18-04-2016,CR-12580,OFF-ST-10003656,Office Supplies,230.38,3.00,-48.95
CA-2016-155551,18-04-2016,CR-12580,OFF-PA-10001560,Office Supplies,9.66,2.00,3.26
US-2017-147669,25-12-2017,SV-20935,TEC-AC-10002473,Technology,158.93,7.00,41.72
US-2017-147669,25-12-2017,SV-20935,OFF-BI-10000632,Office Supplies,13.02,1.00,-10.42
US-2017-147669,25-12-2017,SV-20935,FUR-TA-10002645,Furniture,273.06,2.00,-104.67
US-2017-147669,25-12-2017,SV-20935,OFF-FA-10002975,Office Supplies,39.31,13.00,12.78
CA-2016-169922,11-06-2016,MZ-17515,OFF-BI-10003784,Office Supplies,1.34,4.00,-2.15
CA-2016-169922,11-06-2016,MZ-17515,OFF-BI-10001617,Office Supplies,8.27,4.00,-13.65
CA-2016-169922,11-06-2016,MZ-17515,FUR-FU-10004415,Furniture,12.54,7.00,-9.09
CA-2017-100748,13-05-2017,RB-19795,OFF-LA-10000240,Office Supplies,58.48,8.00,27.49
CA-2017-129805,28-12-2017,HM-14860,FUR-FU-10001935,Furniture,7.40,2.00,3.03
CA-2014-148586,25-03-2014,AZ-10750,FUR-CH-10002439,Furniture,366.79,7.00,65.21
US-2017-112613,28-05-2017,JH-15910,TEC-PH-10001536,Technology,54.37,4.00,4.08
CA-2015-154746,14-11-2015,PJ-18835,OFF-EN-10001532,Office Supplies,33.96,2.00,16.98
CA-2015-154746,14-11-2015,PJ-18835,OFF-AP-10003057,Office Supplies,826.11,3.00,322.18
CA-2017-140053,03-07-2017,CA-12265,FUR-FU-10003708,Furniture,545.85,9.00,114.63
CA-2014-164210,18-11-2014,PW-19240,FUR-TA-10000849,Furniture,145.98,2.00,-99.27
CA-2014-164210,18-11-2014,PW-19240,OFF-PA-10002259,Office Supplies,35.81,4.00,12.53
CA-2017-139948,17-07-2017,SW-20455,FUR-FU-10002597,Furniture,7.90,2.00,2.17
CA-2016-146934,22-05-2016,AF-10870,TEC-PH-10004614,Technology,345.00,5.00,86.25
CA-2016-146934,22-05-2016,AF-10870,FUR-TA-10003748,Furniture,174.29,2.00,-19.92
CA-2016-146934,22-05-2016,AF-10870,OFF-AP-10003217,Office Supplies,662.84,4.00,172.34
CA-2016-146934,22-05-2016,AF-10870,TEC-AC-10002399,Technology,95.10,5.00,30.43
CA-2016-146934,22-05-2016,AF-10870,OFF-EN-10002973,Office Supplies,26.88,6.00,12.90
CA-2016-146934,22-05-2016,AF-10870,TEC-PH-10001336,Technology,257.98,2.00,74.81
CA-2015-100573,25-09-2015,AM-10705,OFF-EN-10000461,Office Supplies,17.48,2.00,8.22
CA-2016-119165,31-10-2016,BD-11320,FUR-CH-10000988,Furniture,492.84,5.00,-14.08
CA-2015-128027,14-09-2015,CM-12385,OFF-ST-10001809,Office Supplies,269.49,3.00,5.39
CA-2016-140207,05-11-2016,CS-12400,OFF-BI-10003963,Office Supplies,29.12,5.00,9.83
CA-2017-140949,17-03-2017,DB-13405,OFF-LA-10000081,Office Supplies,18.75,5.00,9.00
CA-2017-140949,17-03-2017,DB-13405,TEC-PH-10000149,Technology,119.70,6.00,31.12
CA-2017-140949,17-03-2017,DB-13405,OFF-BI-10000605,Office Supplies,9.14,3.00,3.09
CA-2017-140949,17-03-2017,DB-13405,TEC-AC-10002399,Technology,57.06,3.00,18.26
CA-2017-140949,17-03-2017,DB-13405,TEC-AC-10003038,Technology,71.60,8.00,13.60
CA-2017-140949,17-03-2017,DB-13405,OFF-ST-10000344,Office Supplies,107.44,8.00,27.93
CA-2017-140949,17-03-2017,DB-13405,OFF-LA-10004093,Office Supplies,7.31,1.00,3.44
CA-2017-140949,17-03-2017,DB-13405,OFF-AR-10001683,Office Supplies,59.10,6.00,22.46
CA-2017-140949,17-03-2017,DB-13405,OFF-ST-10003455,Office Supplies,46.53,3.00,12.10
CA-2017-138548,15-08-2017,JG-15160,OFF-AP-10002578,Office Supplies,97.84,2.00,25.44
CA-2015-142419,11-07-2015,SC-20380,OFF-PA-10001763,Office Supplies,29.97,3.00,13.49
CA-2015-142419,11-07-2015,SC-20380,OFF-BI-10001597,Office Supplies,98.35,3.00,34.42
CA-2017-148691,03-12-2017,CS-12460,OFF-BI-10001524,Office Supplies,83.92,5.00,29.37
CA-2017-148691,03-12-2017,CS-12460,OFF-BI-10001553,Office Supplies,14.62,2.00,5.12
CA-2017-148691,03-12-2017,CS-12460,TEC-PH-10000576,Technology,136.99,1.00,36.99
CA-2017-148691,03-12-2017,CS-12460,OFF-LA-10001317,Office Supplies,3.15,1.00,1.51
CA-2017-128755,04-05-2017,MK-18160,OFF-PA-10000726,Office Supplies,9.11,1.00,4.10
CA-2017-128755,04-05-2017,MK-18160,OFF-ST-10003306,Office Supplies,571.44,4.00,165.72
CA-2017-128755,04-05-2017,MK-18160,OFF-PA-10004983,Office Supplies,32.40,5.00,15.55
CA-2017-128755,04-05-2017,MK-18160,OFF-ST-10001291,Office Supplies,16.91,1.00,4.57
US-2016-135923,22-01-2016,CM-11935,FUR-FU-10002107,Furniture,14.27,8.00,4.28
US-2016-135923,22-01-2016,CM-11935,FUR-BO-10002213,Furniture,451.14,4.00,-67.67
US-2016-135923,22-01-2016,CM-11935,OFF-AP-10000692,Office Supplies,64.86,4.00,6.49
CA-2016-114972,03-11-2016,PF-19225,FUR-CH-10001190,Furniture,217.58,2.00,-29.92
CA-2016-114972,03-11-2016,PF-19225,TEC-AC-10000682,Technology,82.95,5.00,29.03
CA-2016-114972,03-11-2016,PF-19225,OFF-LA-10004545,Office Supplies,87.71,7.00,41.22
CA-2016-114972,03-11-2016,PF-19225,OFF-AP-10003057,Office Supplies,1101.48,4.00,429.58
CA-2017-102750,04-09-2017,GM-14695,FUR-TA-10000198,Furniture,1322.35,3.00,-99.18
CA-2014-145212,13-09-2014,DC-12850,OFF-AR-10002833,Office Supplies,5.46,3.00,1.47
CA-2017-141992,19-06-2017,FO-14305,OFF-SU-10002557,Office Supplies,11.18,1.00,0.84
CA-2017-141992,19-06-2017,FO-14305,OFF-ST-10003656,Office Supplies,153.58,2.00,-32.64
CA-2017-147956,24-12-2017,AH-10210,OFF-ST-10001097,Office Supplies,1003.62,6.00,0.00
CA-2017-126067,28-08-2017,KN-16705,TEC-PH-10000912,Technology,35.17,4.00,11.43
CA-2017-126067,28-08-2017,KN-16705,FUR-TA-10000617,Furniture,1137.75,5.00,250.31
CA-2017-126067,28-08-2017,KN-16705,OFF-BI-10001658,Office Supplies,99.68,5.00,32.40
CA-2017-126067,28-08-2017,KN-16705,OFF-AR-10003856,Office Supplies,5.56,2.00,1.45
CA-2015-104514,02-01-2015,CB-12535,OFF-ST-10001837,Office Supplies,85.52,2.00,22.24
CA-2015-104514,02-01-2015,CB-12535,OFF-AR-10001473,Office Supplies,9.84,3.00,2.66
CA-2015-104514,02-01-2015,CB-12535,OFF-PA-10004285,Office Supplies,20.04,3.00,9.62
CA-2015-141040,09-10-2015,TB-21250,TEC-PH-10001835,Technology,631.96,4.00,303.34
CA-2015-141040,09-10-2015,TB-21250,OFF-PA-10002245,Office Supplies,23.92,4.00,10.76
CA-2014-113579,13-12-2014,KD-16345,OFF-PA-10001457,Office Supplies,90.24,6.00,41.51
CA-2014-144624,19-11-2014,JM-15865,TEC-PH-10002885,Technology,4548.81,7.00,1228.18
CA-2016-146206,10-09-2016,KT-16480,FUR-TA-10004086,Furniture,300.93,5.00,-34.39
CA-2016-146206,10-09-2016,KT-16480,TEC-PH-10000895,Technology,719.96,5.00,54.00
CA-2014-136644,16-06-2014,SC-20575,FUR-CH-10000225,Furniture,647.84,8.00,32.39
CA-2015-122371,26-09-2015,BS-11800,OFF-ST-10002370,Office Supplies,64.17,3.00,18.61
CA-2015-122371,26-09-2015,BS-11800,OFF-EN-10000056,Office Supplies,124.46,2.00,58.50
CA-2016-126935,19-05-2016,BT-11395,OFF-BI-10004817,Office Supplies,9.58,1.00,3.35
US-2017-133781,22-06-2017,DC-12850,OFF-EN-10004483,Office Supplies,37.61,3.00,12.69
CA-2017-131618,17-06-2017,LS-17200,OFF-PA-10001892,Office Supplies,12.22,2.00,4.43
CA-2017-131618,17-06-2017,LS-17200,OFF-BI-10000546,Office Supplies,2.30,4.00,-3.57
CA-2017-131618,17-06-2017,LS-17200,OFF-BI-10001294,Office Supplies,9.36,4.00,-16.38
CA-2016-149482,14-11-2016,RR-19315,OFF-LA-10000248,Office Supplies,7.38,2.00,3.47
CA-2014-143917,25-07-2014,KL-16645,OFF-ST-10001228,Office Supplies,53.72,4.00,15.04
CA-2014-143917,25-07-2014,KL-16645,OFF-SU-10000151,Office Supplies,8187.65,5.00,327.51
CA-2014-143917,25-07-2014,KL-16645,FUR-FU-10004351,Furniture,77.92,8.00,34.28
CA-2015-120397,02-07-2015,RB-19435,OFF-AP-10001293,Office Supplies,32.78,4.00,-85.24
CA-2017-163902,02-03-2017,MY-17380,TEC-PH-10000675,Technology,196.78,3.00,14.76
CA-2017-163902,02-03-2017,MY-17380,TEC-AC-10000580,Technology,479.94,6.00,52.79
CA-2016-136812,18-11-2016,AW-10930,OFF-ST-10003470,Office Supplies,1117.92,4.00,55.90
CA-2015-102722,18-04-2015,KW-16570,TEC-AC-10003116,Technology,106.50,6.00,41.54
CA-2017-155089,02-12-2017,DB-12910,OFF-BI-10002429,Office Supplies,45.66,5.00,-33.48
CA-2016-124506,11-11-2016,BB-11545,TEC-AC-10003280,Technology,95.97,4.00,1.20
CA-2016-124506,11-11-2016,BB-11545,FUR-CH-10004540,Furniture,47.99,2.00,-2.06
CA-2014-106572,05-09-2014,NP-18700,OFF-ST-10000585,Office Supplies,264.32,2.00,19.82
CA-2014-128888,15-11-2014,PB-19105,OFF-EN-10003001,Office Supplies,604.66,9.00,204.07
CA-2017-123134,02-05-2017,DW-13585,FUR-FU-10003975,Furniture,129.93,3.00,12.99
CA-2016-124352,15-10-2016,CD-12790,OFF-LA-10004559,Office Supplies,20.16,7.00,9.88
CA-2016-124352,15-10-2016,CD-12790,OFF-LA-10003223,Office Supplies,29.46,6.00,14.44
CA-2016-124352,15-10-2016,CD-12790,OFF-AP-10002651,Office Supplies,868.59,3.00,251.89
CA-2016-124352,15-10-2016,CD-12790,OFF-PA-10003177,Office Supplies,12.96,2.00,6.22
CA-2016-124352,15-10-2016,CD-12790,TEC-PH-10003442,Technology,5.50,1.00,1.38
CA-2016-124352,15-10-2016,CD-12790,OFF-BI-10000977,Office Supplies,121.60,4.00,55.94
CA-2015-124541,06-04-2015,TT-21220,OFF-AR-10004078,Office Supplies,42.05,9.00,5.26
CA-2015-124541,06-04-2015,TT-21220,TEC-AC-10002550,Technology,25.49,2.00,4.46
CA-2015-124541,06-04-2015,TT-21220,OFF-BI-10004965,Office Supplies,6.90,3.00,-12.08
CA-2015-124541,06-04-2015,TT-21220,OFF-BI-10004209,Office Supplies,9.65,6.00,-16.88
CA-2015-124541,06-04-2015,TT-21220,OFF-PA-10001526,Office Supplies,7.97,2.00,2.89
CA-2014-108707,24-10-2014,DB-12910,OFF-PA-10000788,Office Supplies,10.37,2.00,3.63
CA-2014-111500,17-08-2014,DJ-13510,OFF-PA-10000595,Office Supplies,114.20,5.00,52.53
CA-2014-111500,17-08-2014,DJ-13510,OFF-BI-10000829,Office Supplies,17.96,4.00,8.26
CA-2014-111500,17-08-2014,DJ-13510,OFF-FA-10002676,Office Supplies,12.67,7.00,4.56
CA-2014-111500,17-08-2014,DJ-13510,TEC-AC-10000844,Technology,339.96,4.00,122.39
US-2017-117723,15-08-2017,DL-13495,OFF-ST-10004459,Office Supplies,1801.63,6.00,-337.81
CA-2015-143238,06-09-2015,LO-17170,TEC-AC-10003499,Technology,46.32,4.00,18.06
CA-2015-168746,27-01-2015,SV-20365,FUR-CH-10000513,Furniture,181.99,2.00,-54.60
CA-2015-168746,27-01-2015,SV-20365,TEC-PH-10000895,Technology,431.98,4.00,-100.79
CA-2015-168746,27-01-2015,SV-20365,TEC-PH-10002555,Technology,155.37,1.00,-36.25
CA-2015-113404,16-07-2015,EM-13810,FUR-CH-10003312,Furniture,1348.70,6.00,-219.16
CA-2015-113404,16-07-2015,EM-13810,FUR-CH-10004086,Furniture,700.15,3.00,78.77
CA-2016-144792,30-04-2016,KD-16615,FUR-FU-10002759,Furniture,111.89,7.00,22.38
CA-2014-164385,26-09-2014,NB-18580,OFF-AP-10002191,Office Supplies,143.95,3.00,14.40
US-2016-114174,08-09-2016,AP-10720,FUR-BO-10003450,Furniture,173.94,3.00,13.92
US-2016-114174,08-09-2016,AP-10720,OFF-LA-10000248,Office Supplies,14.76,4.00,6.94
CA-2017-108070,16-04-2017,JE-15745,OFF-ST-10004804,Office Supplies,205.92,4.00,2.06
CA-2017-108070,16-04-2017,JE-15745,FUR-BO-10001337,Furniture,102.83,1.00,-6.05
US-2015-128090,16-08-2015,JM-15865,OFF-AR-10002255,Office Supplies,2.30,1.00,0.26
US-2015-128090,16-08-2015,JM-15865,TEC-PH-10002624,Technology,1879.96,5.00,211.50
US-2015-128090,16-08-2015,JM-15865,OFF-PA-10001878,Office Supplies,313.02,8.00,105.65
US-2015-128090,16-08-2015,JM-15865,OFF-LA-10000452,Office Supplies,5.04,2.00,1.76
CA-2017-101042,19-11-2017,AB-10105,FUR-FU-10004665,Furniture,821.88,6.00,213.69
CA-2017-101042,19-11-2017,AB-10105,OFF-BI-10000088,Office Supplies,21.96,2.00,10.76
CA-2016-155439,14-09-2016,PN-18775,OFF-PA-10000029,Office Supplies,25.92,4.00,12.44
CA-2016-118626,15-08-2016,JC-15775,TEC-PH-10000369,Technology,705.54,7.00,70.55
CA-2015-111458,26-09-2015,PF-19165,TEC-AC-10001590,Technology,50.00,2.00,12.00
US-2016-126844,08-10-2016,BW-11110,FUR-FU-10004909,Furniture,51.71,8.00,-32.32
US-2015-112508,24-03-2015,BP-11185,OFF-AP-10002287,Office Supplies,6.99,2.00,0.52
CA-2015-147788,31-05-2015,TM-21010,FUR-BO-10004357,Furniture,1406.86,7.00,140.69
CA-2015-147788,31-05-2015,TM-21010,OFF-LA-10003766,Office Supplies,15.75,5.00,7.56
CA-2015-147788,31-05-2015,TM-21010,OFF-ST-10000046,Office Supplies,323.10,2.00,61.39
CA-2015-144288,25-12-2015,MB-17305,OFF-LA-10003190,Office Supplies,9.22,4.00,3.34
CA-2015-144288,25-12-2015,MB-17305,OFF-PA-10002787,Office Supplies,10.37,2.00,3.63
CA-2015-110632,17-03-2015,HR-14830,TEC-AC-10000387,Technology,15.02,1.00,2.70
CA-2015-110632,17-03-2015,HR-14830,OFF-ST-10001291,Office Supplies,33.82,2.00,9.13
CA-2017-109589,21-12-2017,BD-11635,TEC-AC-10003116,Technology,71.00,4.00,27.69
CA-2017-123967,01-11-2017,SF-20200,OFF-BI-10001308,Office Supplies,25.12,5.00,7.85
CA-2017-123967,01-11-2017,SF-20200,FUR-TA-10003954,Furniture,2665.62,9.00,239.91
CA-2017-148929,07-09-2017,SP-20620,OFF-ST-10003282,Office Supplies,478.08,8.00,133.86
CA-2017-134404,27-12-2017,DR-12880,TEC-PH-10000576,Technology,164.39,2.00,-35.62
CA-2017-134404,27-12-2017,DR-12880,OFF-AR-10004441,Office Supplies,13.25,4.00,3.64
CA-2017-109778,16-07-2017,VM-21685,OFF-AR-10003759,Office Supplies,2.91,2.00,0.91
CA-2016-155845,12-08-2016,CM-12235,TEC-AC-10004145,Technology,1399.94,7.00,52.50
CA-2017-145128,09-07-2017,SM-20320,FUR-FU-10000293,Furniture,526.45,5.00,31.59
CA-2014-129091,22-11-2014,RA-19885,OFF-EN-10004955,Office Supplies,16.23,3.00,7.95
CA-2014-129091,22-11-2014,RA-19885,OFF-BI-10001071,Office Supplies,319.90,5.00,156.75
CA-2014-129091,22-11-2014,RA-19885,OFF-EN-10001990,Office Supplies,11.36,2.00,5.34
CA-2014-129091,22-11-2014,RA-19885,OFF-AP-10002734,Office Supplies,675.12,3.00,290.30
US-2014-155502,26-01-2014,SD-20485,FUR-FU-10004587,Furniture,62.82,3.00,30.78
US-2014-155502,26-01-2014,SD-20485,OFF-ST-10004337,Office Supplies,489.92,8.00,0.00
US-2014-155502,26-01-2014,SD-20485,OFF-PA-10003072,Office Supplies,19.44,3.00,9.33
US-2014-155502,26-01-2014,SD-20485,OFF-PA-10000380,Office Supplies,16.68,2.00,8.34
US-2014-155502,26-01-2014,SD-20485,TEC-PH-10004833,Technology,155.35,13.00,0.00
US-2014-155502,26-01-2014,SD-20485,FUR-FU-10001847,Furniture,12.42,3.00,4.47
US-2014-155502,26-01-2014,SD-20485,TEC-PH-10002103,Technology,187.98,2.00,52.63
CA-2015-121041,03-11-2015,CS-12250,OFF-EN-10001137,Office Supplies,6.61,2.00,2.15
CA-2017-131695,30-06-2017,RA-19285,OFF-ST-10001476,Office Supplies,248.57,7.00,67.11
CA-2017-131695,30-06-2017,RA-19285,FUR-FU-10002045,Furniture,22.23,1.00,9.78
CA-2016-137729,05-05-2016,BF-11005,OFF-ST-10001505,Office Supplies,5.98,1.00,1.02
CA-2016-137729,05-05-2016,BF-11005,TEC-PH-10001433,Technology,246.17,3.00,21.54
US-2016-115455,08-09-2016,SE-20110,FUR-FU-10004671,Furniture,14.14,2.00,-7.77
US-2016-115455,08-09-2016,SE-20110,FUR-TA-10003569,Furniture,601.47,3.00,-300.74
CA-2017-128300,24-11-2017,RS-19765,TEC-PH-10002807,Technology,79.10,2.00,39.55
CA-2017-128300,24-11-2017,RS-19765,OFF-BI-10001597,Office Supplies,327.84,8.00,157.36
CA-2017-149048,13-05-2017,BM-11650,OFF-EN-10003296,Office Supplies,180.96,2.00,81.43
CA-2017-149048,13-05-2017,BM-11650,OFF-BI-10004632,Office Supplies,914.97,3.00,411.74
CA-2017-149048,13-05-2017,BM-11650,TEC-PH-10002310,Technology,587.97,3.00,158.75
CA-2017-149048,13-05-2017,BM-11650,OFF-ST-10000078,Office Supplies,530.34,2.00,95.46
CA-2017-149048,13-05-2017,BM-11650,OFF-PA-10001752,Office Supplies,14.94,3.00,7.32
CA-2017-108553,23-04-2017,SK-19990,OFF-AP-10000026,Office Supplies,121.94,2.00,35.36
CA-2017-108553,23-04-2017,SK-19990,OFF-SU-10002573,Office Supplies,122.71,7.00,36.81
CA-2016-165848,04-06-2016,EN-13780,OFF-PA-10000349,Office Supplies,14.94,3.00,7.02
CA-2016-165848,04-06-2016,EN-13780,TEC-MA-10003356,Technology,1349.85,3.00,364.46
CA-2016-165848,04-06-2016,EN-13780,FUR-BO-10000362,Furniture,136.78,1.00,5.13
CA-2016-165848,04-06-2016,EN-13780,FUR-FU-10003878,Furniture,61.12,4.00,20.78
CA-2014-112718,16-12-2014,KN-16450,OFF-BI-10000591,Office Supplies,1.17,1.00,-0.86
CA-2016-154053,04-03-2016,MG-17890,OFF-AR-10003727,Office Supplies,16.99,1.00,4.93
CA-2014-127446,25-11-2014,MC-17590,TEC-AC-10001635,Technology,24.67,3.00,0.00
CA-2014-127446,25-11-2014,MC-17590,OFF-LA-10001317,Office Supplies,2.52,1.00,0.88
CA-2014-127446,25-11-2014,MC-17590,FUR-TA-10000577,Furniture,1218.74,5.00,-121.87
CA-2014-127446,25-11-2014,MC-17590,OFF-LA-10000248,Office Supplies,5.90,2.00,1.99
CA-2014-127446,25-11-2014,MC-17590,OFF-PA-10000955,Office Supplies,15.70,3.00,5.10
CA-2014-127446,25-11-2014,MC-17590,FUR-FU-10000221,Furniture,6.10,3.00,-3.96
CA-2016-137204,28-04-2016,BO-11350,FUR-CH-10002304,Furniture,41.57,2.00,2.60
CA-2014-147298,26-04-2014,AG-10300,FUR-CH-10004886,Furniture,230.28,3.00,23.03
CA-2014-147298,26-04-2014,AG-10300,OFF-BI-10001525,Office Supplies,18.29,6.00,5.72
CA-2017-147942,01-04-2017,MS-17365,OFF-LA-10003663,Office Supplies,5.78,2.00,2.72
CA-2017-147942,01-04-2017,MS-17365,OFF-BI-10001294,Office Supplies,121.68,13.00,38.03
CA-2017-115931,22-12-2017,JM-15655,OFF-AR-10000369,Office Supplies,4.17,3.00,1.08
CA-2017-115931,22-12-2017,JM-15655,TEC-PH-10001300,Technology,67.04,4.00,6.70
CA-2017-115931,22-12-2017,JM-15655,OFF-ST-10000876,Office Supplies,37.32,3.00,10.45
CA-2017-115931,22-12-2017,JM-15655,OFF-LA-10001404,Office Supplies,18.45,5.00,8.67
CA-2014-164861,03-12-2014,MC-17635,OFF-PA-10001972,Office Supplies,25.92,4.00,12.44
CA-2017-127180,22-10-2017,TA-21385,TEC-CO-10004722,Technology,11199.97,4.00,3919.99
CA-2017-127180,22-10-2017,TA-21385,TEC-PH-10001494,Technology,2399.60,8.00,647.89
CA-2017-127180,22-10-2017,TA-21385,OFF-EN-10002500,Office Supplies,63.90,5.00,28.76
CA-2017-127180,22-10-2017,TA-21385,TEC-PH-10003800,Technology,52.99,1.00,0.53
US-2017-165344,13-11-2017,SB-20290,TEC-AC-10002399,Technology,60.86,4.00,9.13
US-2017-165344,13-11-2017,SB-20290,TEC-MA-10002210,Technology,653.00,7.00,-935.96
US-2017-165344,13-11-2017,SB-20290,OFF-BI-10003196,Office Supplies,11.22,10.00,-7.48
CA-2015-168186,10-09-2015,AB-10150,OFF-PA-10000477,Office Supplies,14.94,3.00,7.02
US-2017-110604,15-05-2017,JF-15295,FUR-FU-10000076,Furniture,39.96,2.00,17.18
US-2017-110604,15-05-2017,JF-15295,FUR-CH-10002017,Furniture,42.62,2.00,4.26
US-2017-110604,15-05-2017,JF-15295,FUR-CH-10004287,Furniture,220.96,1.00,24.86
CA-2015-116750,05-07-2015,BF-10975,FUR-FU-10003829,Furniture,4.93,2.00,0.74
CA-2015-116750,05-07-2015,BF-10975,OFF-BI-10004728,Office Supplies,7.23,5.00,-5.78
CA-2015-162369,15-08-2015,TT-21265,OFF-ST-10000046,Office Supplies,323.10,2.00,61.39
CA-2017-108441,12-06-2017,SB-20170,OFF-PA-10000697,Office Supplies,19.04,4.00,9.33
CA-2017-108441,12-06-2017,SB-20170,OFF-BI-10000848,Office Supplies,13.13,3.00,4.27
CA-2017-108441,12-06-2017,SB-20170,OFF-AR-10004691,Office Supplies,64.14,3.00,16.68
CA-2017-108441,12-06-2017,SB-20170,FUR-CH-10000595,Furniture,858.24,4.00,143.04
CA-2015-169740,20-02-2015,LM-17065,TEC-AC-10000927,Technology,29.99,1.00,3.00
CA-2016-124051,29-12-2016,KA-16525,OFF-PA-10001289,Office Supplies,186.05,6.00,67.44
CA-2016-149111,17-04-2016,BF-11170,TEC-PH-10003092,Technology,36.79,1.00,4.14
CA-2016-149111,17-04-2016,BF-11170,FUR-FU-10000206,Furniture,18.62,8.00,6.29
CA-2014-131002,07-09-2014,TB-21400,FUR-FU-10004270,Furniture,57.69,3.00,23.65
CA-2014-131002,07-09-2014,TB-21400,OFF-BI-10000948,Office Supplies,42.81,3.00,20.12
CA-2014-131002,07-09-2014,TB-21400,OFF-PA-10000223,Office Supplies,12.96,2.00,6.22
CA-2014-131002,07-09-2014,TB-21400,FUR-FU-10004665,Furniture,821.88,6.00,213.69
CA-2014-131002,07-09-2014,TB-21400,TEC-PH-10000215,Technology,104.85,3.00,28.31
US-2016-146794,26-09-2016,SH-19975,FUR-BO-10004467,Furniture,424.96,5.00,20.00
CA-2017-112515,17-09-2017,AS-10225,OFF-BI-10000829,Office Supplies,10.78,3.00,3.50
CA-2017-112515,17-09-2017,AS-10225,OFF-BI-10003712,Office Supplies,11.78,3.00,4.27
CA-2017-112515,17-09-2017,AS-10225,OFF-PA-10000062,Office Supplies,164.88,3.00,80.79
CA-2017-112515,17-09-2017,AS-10225,FUR-BO-10003404,Furniture,1292.94,3.00,77.58
CA-2017-112515,17-09-2017,AS-10225,OFF-BI-10004233,Office Supplies,25.58,2.00,8.95
CA-2017-112515,17-09-2017,AS-10225,OFF-ST-10001272,Office Supplies,261.74,2.00,65.44
CA-2017-112515,17-09-2017,AS-10225,OFF-LA-10001175,Office Supplies,14.40,5.00,7.06
CA-2016-150343,16-08-2016,PK-19075,OFF-EN-10004030,Office Supplies,10.86,3.00,5.10
CA-2015-135538,24-12-2015,HR-14830,FUR-CH-10004287,Furniture,883.84,4.00,99.43
CA-2017-123372,28-11-2017,DG-13300,TEC-PH-10002834,Technology,1979.89,11.00,494.97
CA-2017-123372,28-11-2017,DG-13300,OFF-EN-10003055,Office Supplies,79.96,2.00,35.98
CA-2017-159604,14-04-2017,CL-12700,OFF-BI-10003460,Office Supplies,8.76,2.00,4.20
CA-2016-164784,01-05-2016,HF-14995,OFF-LA-10001569,Office Supplies,3.98,1.00,1.29
CA-2016-164784,01-05-2016,HF-14995,FUR-TA-10004534,Furniture,370.62,3.00,-142.07
CA-2016-164784,01-05-2016,HF-14995,OFF-BI-10002954,Office Supplies,2.74,2.00,-2.01
CA-2016-111794,01-10-2016,HG-15025,TEC-AC-10003832,Technology,79.51,3.00,20.87
CA-2016-111794,01-10-2016,HG-15025,OFF-PA-10000474,Office Supplies,28.35,1.00,9.57
US-2015-139759,25-08-2015,NL-18310,FUR-CH-10002774,Furniture,40.78,1.00,4.59
US-2015-139759,25-08-2015,NL-18310,OFF-AP-10002765,Office Supplies,105.96,4.00,29.67
CA-2014-126403,09-09-2014,RR-19525,OFF-PA-10001144,Office Supplies,166.44,3.00,79.89
CA-2014-126403,09-09-2014,RR-19525,FUR-CH-10003761,Furniture,785.88,6.00,212.19
CA-2014-126403,09-09-2014,RR-19525,OFF-PA-10004665,Office Supplies,26.20,2.00,12.84
CA-2014-126403,09-09-2014,RR-19525,OFF-ST-10000078,Office Supplies,1325.85,5.00,238.65
CA-2017-136875,03-12-2017,TC-21295,OFF-PA-10000357,Office Supplies,166.44,3.00,79.89
CA-2017-132185,27-11-2017,DB-13615,OFF-AR-10000422,Office Supplies,8.76,5.00,0.77
CA-2017-132185,27-11-2017,DB-13615,OFF-AP-10001205,Office Supplies,43.58,1.00,4.36
US-2014-160780,21-06-2014,SV-20785,OFF-BI-10001116,Office Supplies,11.09,7.00,-8.13
US-2014-160780,21-06-2014,SV-20785,OFF-BI-10002931,Office Supplies,25.16,2.00,-16.78
CA-2017-127026,21-01-2017,MH-18115,OFF-BI-10000546,Office Supplies,14.40,5.00,7.06
CA-2017-127026,21-01-2017,MH-18115,TEC-AC-10002049,Technology,619.95,5.00,111.59
CA-2017-127026,21-01-2017,MH-18115,OFF-BI-10001196,Office Supplies,89.52,4.00,42.07
CA-2017-127026,21-01-2017,MH-18115,TEC-MA-10002981,Technology,350.97,3.00,152.09
CA-2017-127026,21-01-2017,MH-18115,TEC-PH-10003601,Technology,164.99,1.00,49.50
CA-2017-137085,29-06-2017,CT-11995,OFF-BI-10000632,Office Supplies,312.55,9.00,101.58
CA-2016-133123,06-09-2016,KB-16315,OFF-EN-10003055,Office Supplies,95.95,3.00,29.99
CA-2016-133123,06-09-2016,KB-16315,OFF-BI-10001031,Office Supplies,3.20,2.00,-2.46
US-2016-128195,04-08-2016,RA-19285,OFF-BI-10002003,Office Supplies,3.98,5.00,-6.57
CA-2015-153220,12-11-2015,YC-21895,OFF-PA-10003016,Office Supplies,15.70,5.00,7.07
CA-2014-123064,30-06-2014,RA-19915,OFF-AR-10004582,Office Supplies,5.25,4.00,1.64
CA-2017-156412,04-12-2017,CM-12160,OFF-BI-10004364,Office Supplies,5.35,3.00,-4.46
US-2016-144211,28-08-2016,CS-12130,OFF-PA-10002246,Office Supplies,15.48,3.00,5.61
US-2016-144211,28-08-2016,CS-12130,TEC-PH-10002890,Technology,108.58,3.00,8.14
CA-2016-138079,22-01-2016,AJ-10795,FUR-FU-10001475,Furniture,109.90,5.00,37.37
CA-2014-143182,15-10-2014,DL-12865,FUR-FU-10004270,Furniture,15.38,1.00,4.04
CA-2016-161662,07-02-2016,BE-11410,OFF-PA-10003465,Office Supplies,30.35,2.00,10.62
CA-2014-145317,18-03-2014,SM-20320,TEC-MA-10003626,Technology,821.30,4.00,-16.43
CA-2014-145317,18-03-2014,SM-20320,TEC-MA-10002412,Technology,22638.48,6.00,-1811.08
CA-2014-145317,18-03-2014,SM-20320,OFF-PA-10001804,Office Supplies,21.38,4.00,7.48
CA-2014-145317,18-03-2014,SM-20320,OFF-AR-10003183,Office Supplies,8.02,3.00,1.00
CA-2014-145317,18-03-2014,SM-20320,FUR-FU-10004270,Furniture,30.77,2.00,8.08
CA-2014-145317,18-03-2014,SM-20320,OFF-FA-10003112,Office Supplies,18.94,3.00,5.92
CA-2014-145317,18-03-2014,SM-20320,FUR-FU-10001986,Furniture,122.35,3.00,15.29
CA-2014-143413,24-05-2014,RP-19390,OFF-PA-10002319,Office Supplies,116.28,3.00,56.98
CA-2017-156818,11-07-2017,JD-16015,TEC-AC-10002323,Technology,132.60,6.00,17.24
CA-2017-155873,16-06-2017,AB-10255,OFF-SU-10001165,Office Supplies,16.68,2.00,4.34
CA-2017-155873,16-06-2017,AB-10255,OFF-PA-10001246,Office Supplies,19.44,3.00,9.33
CA-2017-155873,16-06-2017,AB-10255,OFF-PA-10001815,Office Supplies,192.16,4.00,92.24
CA-2015-121797,30-01-2015,CC-12145,FUR-FU-10001876,Furniture,227.36,7.00,81.85
CA-2015-121797,30-01-2015,CC-12145,TEC-MA-10000488,Technology,1919.98,3.00,216.00
US-2015-120572,11-12-2015,GH-14425,OFF-BI-10001098,Office Supplies,12.83,2.00,-8.98
CA-2017-132430,09-10-2017,CP-12085,FUR-FU-10003577,Furniture,45.89,4.00,9.18
CA-2017-146031,29-07-2017,GM-14440,OFF-AR-10002656,Office Supplies,60.12,9.00,22.24
CA-2014-110100,25-04-2014,LC-16885,TEC-PH-10004531,Technology,302.38,3.00,37.80
CA-2015-103723,01-12-2015,BT-11305,OFF-AR-10003251,Office Supplies,13.90,5.00,5.56
CA-2014-127187,04-12-2014,CP-12085,TEC-PH-10000673,Technology,129.98,2.00,62.39
CA-2017-128475,26-08-2017,SC-20680,TEC-AC-10000158,Technology,71.98,2.00,15.12
CA-2014-100006,07-09-2014,DK-13375,TEC-PH-10002075,Technology,377.97,3.00,109.61
CA-2017-144827,21-12-2017,SE-20110,OFF-ST-10004340,Office Supplies,124.36,2.00,33.58
CA-2014-110030,06-12-2014,LF-17185,FUR-FU-10002759,Furniture,23.98,3.00,-14.39
CA-2014-121286,04-11-2014,ON-18715,OFF-FA-10000585,Office Supplies,8.38,3.00,2.72
CA-2014-121286,04-11-2014,ON-18715,OFF-AP-10004859,Office Supplies,58.24,5.00,5.10
CA-2016-164735,14-04-2016,TB-21400,OFF-ST-10001558,Office Supplies,81.20,5.00,12.18
CA-2014-153479,04-10-2014,DF-13135,OFF-LA-10004689,Office Supplies,14.45,5.00,6.79
CA-2014-153479,04-10-2014,DF-13135,OFF-BI-10002867,Office Supplies,95.65,2.00,31.09
CA-2017-149888,07-11-2017,EP-13915,TEC-PH-10003811,Technology,359.97,5.00,-71.99
CA-2017-149888,07-11-2017,EP-13915,FUR-TA-10000849,Furniture,350.35,4.00,-140.14
CA-2017-119193,22-12-2017,SK-19990,OFF-BI-10000848,Office Supplies,1.64,1.00,-1.31
CA-2017-119193,22-12-2017,SK-19990,TEC-PH-10003072,Technology,629.96,7.00,94.49
CA-2017-104801,13-02-2017,FH-14350,OFF-AR-10001547,Office Supplies,6.63,3.00,1.79
CA-2017-104801,13-02-2017,FH-14350,TEC-AC-10001838,Technology,799.96,4.00,343.98
CA-2017-104801,13-02-2017,FH-14350,FUR-FU-10004017,Furniture,107.53,1.00,21.51
CA-2014-107594,02-07-2014,EH-13945,TEC-PH-10002923,Technology,73.98,2.00,19.97
CA-2014-107594,02-07-2014,EH-13945,OFF-AR-10000716,Office Supplies,5.58,1.00,2.18
CA-2015-129770,21-02-2015,JE-15715,OFF-PA-10000249,Office Supplies,49.12,4.00,23.09
CA-2015-115798,13-11-2015,KL-16645,TEC-PH-10003691,Technology,377.97,3.00,94.49
CA-2015-115798,13-11-2015,KL-16645,OFF-PA-10001560,Office Supplies,42.28,7.00,19.87
CA-2015-115798,13-11-2015,KL-16645,FUR-BO-10004467,Furniture,299.97,3.00,56.99
CA-2015-115798,13-11-2015,KL-16645,TEC-PH-10001819,Technology,89.98,2.00,43.19
CA-2017-122707,16-04-2017,EB-13750,OFF-SU-10000157,Office Supplies,477.24,4.00,9.54
CA-2017-122707,16-04-2017,EB-13750,TEC-AC-10004227,Technology,25.98,2.00,1.56
CA-2016-165015,25-02-2016,BD-11725,OFF-EN-10003134,Office Supplies,46.72,5.00,17.52
CA-2014-149244,04-11-2014,MS-17530,FUR-FU-10004671,Furniture,35.34,2.00,13.43
CA-2015-140144,20-06-2015,SC-20770,FUR-FU-10002253,Furniture,257.64,6.00,100.48
CA-2015-140144,20-06-2015,SC-20770,TEC-PH-10002726,Technology,125.98,3.00,47.24
CA-2017-163321,07-08-2017,FM-14380,TEC-AC-10004571,Technology,79.99,1.00,22.00
CA-2014-155887,12-05-2014,KT-16480,FUR-TA-10002228,Furniture,700.06,3.00,-130.01
US-2015-165449,22-11-2015,AP-10720,TEC-AC-10004127,Technology,27.17,4.00,-1.36
CA-2015-110247,04-12-2015,RH-19555,OFF-BI-10001553,Office Supplies,8.23,3.00,-6.03
US-2014-141257,08-06-2014,CS-11950,FUR-CH-10002758,Furniture,585.55,3.00,73.19
CA-2014-154669,08-08-2014,TM-21010,OFF-ST-10000532,Office Supplies,423.28,11.00,110.05
CA-2014-158029,26-05-2014,HF-14995,FUR-CH-10000988,Furniture,225.30,2.00,22.53
CA-2015-155306,17-04-2015,GA-14515,OFF-AR-10003251,Office Supplies,5.56,2.00,2.22
CA-2015-155306,17-04-2015,GA-14515,TEC-AC-10003174,Technology,323.37,3.00,129.35
CA-2015-155306,17-04-2015,GA-14515,TEC-PH-10002310,Technology,783.96,5.00,68.60
CA-2015-155306,17-04-2015,GA-14515,OFF-AP-10002651,Office Supplies,1447.65,5.00,419.82
CA-2015-155306,17-04-2015,GA-14515,OFF-PA-10001184,Office Supplies,11.96,2.00,5.86
CA-2016-127775,11-06-2016,ES-14020,TEC-AC-10002402,Technology,239.97,3.00,71.99
CA-2016-146171,11-03-2016,JP-16135,FUR-FU-10004270,Furniture,76.92,4.00,31.54
CA-2016-146171,11-03-2016,JP-16135,OFF-ST-10001526,Office Supplies,481.32,4.00,125.14
CA-2014-129574,26-05-2014,Dp-13240,OFF-PA-10002893,Office Supplies,48.40,5.00,23.23
CA-2017-126536,12-10-2017,NK-18490,TEC-AC-10003709,Technology,0.99,1.00,0.44
CA-2017-126536,12-10-2017,NK-18490,OFF-BI-10001191,Office Supplies,101.84,5.00,36.92
CA-2017-165757,22-06-2017,PL-18925,OFF-BI-10003166,Office Supplies,10.33,3.00,-7.58
CA-2017-165757,22-06-2017,PL-18925,OFF-BI-10003982,Office Supplies,31.16,5.00,-23.89
CA-2017-165757,22-06-2017,PL-18925,OFF-ST-10004835,Office Supplies,8.93,2.00,0.67
CA-2017-167752,15-01-2017,RW-19690,OFF-AP-10000159,Office Supplies,34.38,1.00,3.87
CA-2017-167752,15-01-2017,RW-19690,OFF-AP-10002945,Office Supplies,1924.16,8.00,312.68
US-2015-122140,02-04-2015,MO-17950,OFF-AP-10001242,Office Supplies,32.19,2.00,-80.48
US-2015-122140,02-04-2015,MO-17950,TEC-AC-10003038,Technology,50.12,7.00,-0.63
US-2015-122140,02-04-2015,MO-17950,TEC-AC-10003289,Technology,47.98,3.00,1.80
CA-2016-163986,03-09-2016,JJ-15445,OFF-ST-10000918,Office Supplies,54.50,5.00,14.17
CA-2017-158967,10-12-2017,BT-11680,FUR-FU-10001940,Furniture,19.10,3.00,5.73
CA-2016-131576,22-11-2016,RD-19585,OFF-BI-10002852,Office Supplies,49.44,3.00,24.23
CA-2017-143455,11-11-2017,ML-17755,OFF-PA-10004451,Office Supplies,10.37,2.00,3.63
CA-2016-144729,21-10-2016,JE-15745,OFF-ST-10004804,Office Supplies,154.44,3.00,1.54
CA-2015-127019,21-12-2015,ER-13855,OFF-AP-10003971,Office Supplies,60.98,7.00,4.57
CA-2015-138534,17-07-2015,JM-15535,FUR-BO-10003159,Furniture,195.47,2.00,-13.80
CA-2017-108322,30-04-2017,SS-20140,FUR-FU-10001935,Furniture,23.68,8.00,6.22
CA-2017-108322,30-04-2017,SS-20140,TEC-AC-10003433,Technology,2.38,3.00,0.74
CA-2017-167668,06-05-2017,TC-21295,OFF-LA-10004544,Office Supplies,59.20,4.00,29.60
CA-2017-146724,20-11-2017,HG-15025,OFF-AR-10001026,Office Supplies,22.00,10.00,9.68
CA-2016-139878,11-11-2016,LD-17005,TEC-PH-10001336,Technology,257.98,2.00,74.81
US-2016-106677,05-11-2016,AS-10285,TEC-PH-10003187,Technology,23.99,2.00,-15.99
CA-2016-116974,09-10-2016,MP-17965,TEC-PH-10004897,Technology,23.98,4.00,-15.58
CA-2015-149972,21-09-2015,CD-12790,FUR-CH-10004997,Furniture,601.54,4.00,0.00
CA-2015-149972,21-09-2015,CD-12790,OFF-FA-10002763,Office Supplies,7.90,2.00,2.53
US-2014-117744,02-12-2014,MD-17860,FUR-FU-10001588,Furniture,58.36,5.00,-24.80
US-2014-117744,02-12-2014,MD-17860,OFF-AR-10000940,Office Supplies,16.46,7.00,1.44
US-2014-117744,02-12-2014,MD-17860,FUR-FU-10002759,Furniture,39.96,5.00,-23.98
CA-2014-125514,21-09-2014,BM-11650,OFF-AP-10000358,Office Supplies,25.96,2.00,7.53
CA-2014-125514,21-09-2014,BM-11650,OFF-AP-10003281,Office Supplies,36.27,3.00,10.88
CA-2014-125514,21-09-2014,BM-11650,OFF-PA-10000029,Office Supplies,6.48,1.00,3.11
CA-2014-154599,12-04-2014,KN-16450,TEC-PH-10001557,Technology,1075.09,14.00,94.07
CA-2014-154599,12-04-2014,KN-16450,TEC-PH-10000576,Technology,438.37,4.00,38.36
CA-2014-154599,12-04-2014,KN-16450,OFF-BI-10002764,Office Supplies,18.09,7.00,6.56
CA-2014-154599,12-04-2014,KN-16450,FUR-BO-10001337,Furniture,308.50,3.00,-18.15
CA-2017-158743,20-10-2017,IG-15085,OFF-AR-10002257,Office Supplies,13.36,4.00,4.14
CA-2017-158743,20-10-2017,IG-15085,OFF-PA-10001019,Office Supplies,39.96,2.00,18.78
CA-2017-158743,20-10-2017,IG-15085,OFF-BI-10003364,Office Supplies,145.85,5.00,70.01
CA-2016-153318,25-10-2016,JS-15595,TEC-PH-10000984,Technology,783.96,5.00,78.40
US-2015-110163,01-11-2015,GA-14725,OFF-AR-10001683,Office Supplies,7.88,1.00,1.77
CA-2017-143329,03-11-2017,DL-13330,FUR-FU-10000629,Furniture,41.37,3.00,17.38
CA-2015-159380,12-05-2015,CS-12505,OFF-PA-10003893,Office Supplies,12.84,3.00,5.78
CA-2015-159380,12-05-2015,CS-12505,OFF-PA-10004239,Office Supplies,25.68,6.00,11.56
CA-2015-122623,07-09-2015,CC-12145,FUR-CH-10000553,Furniture,47.52,2.00,-2.04
CA-2015-148635,25-07-2015,MH-18025,OFF-FA-10004395,Office Supplies,9.42,2.00,0.47
CA-2015-148635,25-07-2015,MH-18025,OFF-PA-10004782,Office Supplies,12.96,2.00,6.22
CA-2015-148635,25-07-2015,MH-18025,FUR-BO-10002213,Furniture,704.90,5.00,56.39
CA-2015-148635,25-07-2015,MH-18025,FUR-CH-10001854,Furniture,561.57,2.00,28.08
CA-2015-135685,16-11-2015,MP-18175,OFF-PA-10000157,Office Supplies,179.82,9.00,84.52
CA-2015-135685,16-11-2015,MP-18175,FUR-FU-10001185,Furniture,185.58,6.00,76.09
CA-2015-135685,16-11-2015,MP-18175,FUR-TA-10001520,Furniture,214.11,3.00,36.40
CA-2015-135685,16-11-2015,MP-18175,TEC-AC-10004145,Technology,999.96,4.00,229.99
CA-2015-135685,16-11-2015,MP-18175,FUR-TA-10000688,Furniture,653.55,3.00,111.10
CA-2015-104626,01-09-2015,DR-12940,OFF-BI-10001510,Office Supplies,114.60,5.00,51.57
CA-2015-104626,01-09-2015,DR-12940,FUR-CH-10003817,Furniture,60.74,1.00,15.19
CA-2015-104626,01-09-2015,DR-12940,FUR-FU-10000308,Furniture,124.36,2.00,27.36
CA-2015-104626,01-09-2015,DR-12940,OFF-ST-10003208,Office Supplies,1088.76,6.00,315.74
CA-2016-160500,05-05-2016,DM-13015,OFF-BI-10003784,Office Supplies,6.72,5.00,2.35
CA-2016-160500,05-05-2016,DM-13015,FUR-TA-10003748,Furniture,298.78,3.00,7.47
CA-2017-100202,31-12-2016,BD-11620,TEC-PH-10002563,Technology,302.38,3.00,22.68
CA-2017-131016,18-09-2017,DC-12850,OFF-AR-10000122,Office Supplies,8.93,2.00,0.56
CA-2017-131016,18-09-2017,DC-12850,OFF-ST-10000352,Office Supplies,47.58,2.00,-2.97
US-2014-112914,25-09-2014,MT-18070,OFF-PA-10003270,Office Supplies,33.79,8.00,10.56
US-2014-112914,25-09-2014,MT-18070,FUR-BO-10003272,Furniture,300.53,2.00,-97.23
US-2014-112914,25-09-2014,MT-18070,OFF-BI-10002982,Office Supplies,2.72,2.00,-4.36
US-2014-112914,25-09-2014,MT-18070,OFF-EN-10001509,Office Supplies,3.26,2.00,1.10
CA-2016-124149,23-04-2016,MJ-17740,OFF-PA-10002421,Office Supplies,108.34,6.00,37.92
CA-2016-124149,23-04-2016,MJ-17740,OFF-ST-10000760,Office Supplies,55.92,5.00,6.29
CA-2016-124149,23-04-2016,MJ-17740,OFF-PA-10002923,Office Supplies,78.30,2.00,29.36
CA-2014-148915,01-11-2014,ND-18370,OFF-ST-10001128,Office Supplies,443.92,5.00,-94.33
CA-2014-148915,01-11-2014,ND-18370,TEC-PH-10000673,Technology,155.98,3.00,54.59
CA-2017-134649,26-01-2017,CA-11965,OFF-AR-10001547,Office Supplies,15.47,7.00,4.18
CA-2017-134649,26-01-2017,CA-11965,OFF-BI-10001890,Office Supplies,7.16,2.00,3.44
CA-2017-110842,11-11-2017,GA-14725,OFF-AP-10003971,Office Supplies,10.89,1.00,2.83
CA-2017-110842,11-11-2017,GA-14725,OFF-PA-10000520,Office Supplies,19.44,3.00,9.33
CA-2017-110842,11-11-2017,GA-14725,OFF-BI-10000977,Office Supplies,121.60,5.00,39.52
CA-2016-147368,09-06-2016,TC-21295,TEC-MA-10002178,Technology,695.70,2.00,-27.83
US-2015-104185,03-09-2015,JB-15400,OFF-ST-10001526,Office Supplies,120.33,1.00,31.29
US-2014-125521,14-03-2014,CK-12325,FUR-CH-10003379,Furniture,1139.92,4.00,284.98
US-2017-135062,31-08-2017,RL-19615,OFF-PA-10000100,Office Supplies,229.54,7.00,83.21
CA-2017-135650,23-03-2017,AC-10660,OFF-ST-10001809,Office Supplies,143.73,2.00,-32.34
CA-2017-112865,18-05-2017,BH-11710,TEC-AC-10000387,Technology,36.05,3.00,-0.90
US-2016-162852,27-12-2016,BG-11695,FUR-CH-10004853,Furniture,845.49,8.00,-12.08
CA-2017-138163,17-11-2017,XP-21865,OFF-AR-10001958,Office Supplies,50.94,3.00,14.26
CA-2017-152093,10-09-2017,SN-20560,OFF-BI-10003527,Office Supplies,762.59,3.00,-1143.89
CA-2017-157854,08-04-2017,DM-13345,FUR-FU-10003832,Furniture,56.28,6.00,15.76
CA-2017-157854,08-04-2017,DM-13345,OFF-BI-10001359,Office Supplies,2690.97,3.00,1264.76
CA-2016-123617,28-11-2016,AJ-10780,OFF-BI-10002976,Office Supplies,7.43,6.00,-5.70
US-2016-128293,02-06-2016,KC-16255,OFF-ST-10000736,Office Supplies,64.78,1.00,-12.96
CA-2017-107342,17-12-2017,VF-21715,OFF-PA-10001745,Office Supplies,28.16,4.00,13.24
CA-2016-136371,19-03-2016,SV-20935,FUR-FU-10000409,Furniture,14.98,1.00,6.89
CA-2016-136371,19-03-2016,SV-20935,FUR-FU-10000221,Furniture,20.32,4.00,6.91
CA-2017-137344,20-08-2017,EM-13810,OFF-ST-10000344,Office Supplies,40.29,3.00,10.48
CA-2017-169810,25-07-2017,RB-19360,OFF-LA-10003663,Office Supplies,20.23,7.00,9.51
CA-2016-128594,26-08-2016,DJ-13510,FUR-CH-10001215,Furniture,1603.14,4.00,100.20
CA-2016-154690,15-08-2016,CC-12370,FUR-CH-10000988,Furniture,225.30,2.00,22.53
CA-2017-138975,19-05-2017,SC-20380,TEC-AC-10003441,Technology,67.80,4.00,4.07
CA-2017-138975,19-05-2017,SC-20380,TEC-PH-10004389,Technology,377.97,3.00,98.27
CA-2017-138975,19-05-2017,SC-20380,FUR-BO-10004695,Furniture,1628.82,9.00,374.63
CA-2017-138975,19-05-2017,SC-20380,OFF-PA-10000100,Office Supplies,286.93,7.00,140.60
CA-2017-106537,12-08-2017,RH-19495,OFF-PA-10000223,Office Supplies,20.74,4.00,7.26
US-2017-103828,13-08-2017,JK-15370,OFF-ST-10001325,Office Supplies,31.44,3.00,8.49
US-2017-103828,13-08-2017,JK-15370,OFF-AP-10004249,Office Supplies,83.79,7.00,22.62
US-2017-103828,13-08-2017,JK-15370,OFF-AR-10000588,Office Supplies,59.52,3.00,15.48
US-2017-103828,13-08-2017,JK-15370,OFF-SU-10000946,Office Supplies,31.92,4.00,9.26
CA-2016-115588,10-11-2016,AF-10885,OFF-SU-10001225,Office Supplies,14.72,5.00,-3.31
CA-2016-115588,10-11-2016,AF-10885,OFF-ST-10001558,Office Supplies,38.98,3.00,-2.44
CA-2017-143861,12-06-2017,LC-16885,FUR-FU-10001546,Furniture,17.09,2.00,1.07
CA-2014-148040,22-03-2014,BF-11275,OFF-PA-10002581,Office Supplies,74.35,3.00,23.24
CA-2014-148040,22-03-2014,BF-11275,FUR-CH-10001482,Furniture,314.35,3.00,-35.36
CA-2017-135167,15-06-2017,SC-20800,OFF-AR-10002399,Office Supplies,4.26,1.00,1.75
CA-2017-137022,16-11-2017,SW-20275,OFF-ST-10001963,Office Supplies,811.28,8.00,24.34
US-2017-102638,29-12-2017,MC-17845,OFF-FA-10002988,Office Supplies,6.03,3.00,2.95
US-2016-167339,21-01-2016,TD-20995,FUR-CH-10004289,Furniture,153.57,2.00,-5.76
US-2016-167339,21-01-2016,TD-20995,FUR-CH-10000785,Furniture,1013.49,7.00,76.01
CA-2016-152072,15-01-2016,Dp-13240,OFF-EN-10003040,Office Supplies,52.34,2.00,24.60
CA-2016-152072,15-01-2016,Dp-13240,OFF-AR-10001573,Office Supplies,4.66,2.00,1.35
CA-2016-152072,15-01-2016,Dp-13240,TEC-AC-10000844,Technology,254.97,3.00,91.79
CA-2016-102932,19-09-2016,SD-20485,OFF-BI-10000756,Office Supplies,25.44,6.00,12.72
CA-2016-102932,19-09-2016,SD-20485,OFF-SU-10000381,Office Supplies,27.93,3.00,8.10
CA-2014-165540,21-02-2014,TM-21010,OFF-BI-10004094,Office Supplies,8.85,5.00,-13.72
CA-2016-130799,11-11-2016,BK-11260,FUR-FU-10001852,Furniture,6.96,4.00,2.23
CA-2016-164483,30-01-2016,JF-15490,OFF-BI-10000014,Office Supplies,17.46,2.00,5.89
US-2016-159856,18-10-2016,EP-13915,FUR-CH-10003396,Furniture,307.92,5.00,-34.64
CA-2017-102099,18-12-2017,EP-13915,OFF-AR-10003811,Office Supplies,6.63,3.00,1.79
CA-2017-102099,18-12-2017,EP-13915,OFF-PA-10003172,Office Supplies,12.96,2.00,6.22
CA-2017-102099,18-12-2017,EP-13915,OFF-PA-10000289,Office Supplies,32.40,5.00,15.55
CA-2017-164049,02-11-2017,KH-16630,OFF-PA-10000791,Office Supplies,23.85,5.00,10.73
CA-2014-142727,29-04-2014,HG-14845,FUR-CH-10002304,Furniture,51.96,2.00,12.99
CA-2014-142727,29-04-2014,HG-14845,OFF-BI-10000136,Office Supplies,17.94,3.00,8.61
CA-2017-139913,23-10-2017,JC-16105,OFF-PA-10003739,Office Supplies,11.56,2.00,5.66
CA-2017-139913,23-10-2017,JC-16105,OFF-PA-10002479,Office Supplies,26.40,5.00,11.88
CA-2017-139913,23-10-2017,JC-16105,FUR-FU-10000771,Furniture,69.08,11.00,29.01
CA-2017-139913,23-10-2017,JC-16105,TEC-PH-10001552,Technology,35.88,3.00,10.05
CA-2014-169033,30-03-2014,KM-16720,OFF-AR-10001915,Office Supplies,49.65,5.00,20.85
US-2016-164630,04-01-2016,EB-13975,TEC-CO-10000971,Technology,959.97,4.00,120.00
US-2015-114839,26-04-2015,PW-19240,FUR-CH-10004086,Furniture,408.42,2.00,-5.83
CA-2015-166464,12-09-2015,PG-18895,TEC-CO-10000971,Technology,479.98,2.00,60.00
CA-2015-166464,12-09-2015,PG-18895,OFF-LA-10001317,Office Supplies,12.60,4.00,6.05
CA-2017-124898,11-09-2017,DB-12910,OFF-PA-10003656,Office Supplies,184.66,7.00,84.94
CA-2016-164035,12-06-2016,CR-12730,OFF-PA-10002160,Office Supplies,23.12,5.00,8.38
CA-2016-153577,27-06-2016,KH-16330,OFF-PA-10000575,Office Supplies,37.46,7.00,12.18
CA-2016-153577,27-06-2016,KH-16330,FUR-CH-10003981,Furniture,539.66,3.00,-7.71
CA-2014-127586,26-09-2014,CS-12400,OFF-ST-10002615,Office Supplies,310.12,2.00,80.63
CA-2017-121615,03-11-2017,DL-12925,OFF-PA-10000327,Office Supplies,8.56,2.00,3.85
CA-2017-121615,03-11-2017,DL-12925,OFF-ST-10001325,Office Supplies,52.40,5.00,14.15
CA-2017-121615,03-11-2017,DL-12925,OFF-LA-10001771,Office Supplies,14.94,3.00,6.87
CA-2017-166415,19-02-2017,ME-17725,OFF-FA-10004968,Office Supplies,11.22,3.00,0.22
CA-2015-118444,05-11-2015,VD-21670,OFF-AP-10000576,Office Supplies,387.14,4.00,24.20
CA-2014-113929,16-06-2014,CK-12205,OFF-EN-10003286,Office Supplies,41.40,5.00,19.46
CA-2014-113929,16-06-2014,CK-12205,OFF-AR-10003772,Office Supplies,35.00,4.00,10.50
CA-2014-113929,16-06-2014,CK-12205,OFF-BI-10002852,Office Supplies,39.55,3.00,14.34
CA-2015-134747,12-10-2015,DL-12925,TEC-PH-10002890,Technology,135.72,3.00,35.29
CA-2015-134747,12-10-2015,DL-12925,OFF-BI-10001308,Office Supplies,12.56,2.00,5.65
CA-2015-134747,12-10-2015,DL-12925,TEC-PH-10001750,Technology,263.96,4.00,71.27
CA-2017-155047,27-08-2017,SE-20110,OFF-AR-10003338,Office Supplies,5.95,1.00,0.37
CA-2016-160129,23-11-2016,LS-17200,OFF-FA-10002763,Office Supplies,15.80,5.00,2.37
CA-2016-160129,23-11-2016,LS-17200,FUR-FU-10002088,Furniture,14.37,2.00,3.95
CA-2016-160129,23-11-2016,LS-17200,FUR-FU-10003976,Furniture,70.45,7.00,12.33
CA-2017-164329,30-01-2017,MM-17920,OFF-ST-10001511,Office Supplies,129.30,2.00,6.47
US-2015-141453,30-11-2015,DB-13270,OFF-BI-10000301,Office Supplies,3.88,3.00,-5.82
CA-2014-156993,28-06-2014,RW-19630,OFF-FA-10003495,Office Supplies,6.08,1.00,3.04
CA-2014-157721,02-09-2014,JM-16195,OFF-AP-10001303,Office Supplies,19.90,1.00,8.96
CA-2014-157721,02-09-2014,JM-16195,FUR-FU-10002116,Furniture,70.71,1.00,4.95
CA-2017-128629,10-07-2017,BP-11155,FUR-FU-10000771,Furniture,18.84,3.00,7.91
CA-2017-158106,04-06-2017,CT-11995,OFF-AR-10002255,Office Supplies,8.64,3.00,2.51
US-2017-120390,19-10-2017,TH-21550,OFF-BI-10004995,Office Supplies,1633.19,4.00,-1306.55
CA-2017-143434,18-11-2017,ME-17320,FUR-FU-10002597,Furniture,19.76,4.00,8.30
CA-2015-168564,08-08-2015,TT-21220,OFF-BI-10004970,Office Supplies,6.61,2.00,2.23
CA-2015-168564,08-08-2015,TT-21220,OFF-BI-10002557,Office Supplies,7.28,2.00,2.73
CA-2015-168564,08-08-2015,TT-21220,FUR-CH-10000785,Furniture,144.78,1.00,10.86
US-2016-169040,06-12-2016,GT-14710,TEC-PH-10002310,Technology,156.79,1.00,13.72
US-2016-169040,06-12-2016,GT-14710,TEC-PH-10002834,Technology,431.98,3.00,27.00
US-2016-169040,06-12-2016,GT-14710,OFF-EN-10000927,Office Supplies,35.89,1.00,16.15
US-2016-169040,06-12-2016,GT-14710,OFF-BI-10001636,Office Supplies,47.21,7.00,15.34
US-2016-169040,06-12-2016,GT-14710,OFF-PA-10001736,Office Supplies,248.08,7.00,116.60
US-2016-169040,06-12-2016,GT-14710,OFF-PA-10000482,Office Supplies,189.70,5.00,89.16
US-2016-169040,06-12-2016,GT-14710,OFF-BI-10001658,Office Supplies,59.81,3.00,19.44
CA-2017-155880,25-03-2017,JD-16150,FUR-CH-10000422,Furniture,90.99,1.00,14.56
CA-2017-155880,25-03-2017,JD-16150,FUR-CH-10004675,Furniture,1526.56,7.00,427.44
CA-2017-155880,25-03-2017,JD-16150,FUR-CH-10002880,Furniture,368.97,3.00,40.59
CA-2017-126242,19-11-2017,MC-18100,OFF-ST-10000675,Office Supplies,305.01,9.00,76.25
CA-2017-126242,19-11-2017,MC-18100,FUR-FU-10002685,Furniture,18.70,1.00,7.11
CA-2016-166443,04-11-2016,LH-17020,FUR-FU-10004020,Furniture,38.29,7.00,16.46
CA-2017-169859,14-12-2017,MP-18175,FUR-FU-10004963,Furniture,26.25,3.00,11.03
CA-2017-169859,14-12-2017,MP-18175,OFF-BI-10000174,Office Supplies,64.96,14.00,22.74
CA-2017-169859,14-12-2017,MP-18175,OFF-EN-10000461,Office Supplies,43.70,5.00,20.54
CA-2017-134915,12-11-2017,EM-14140,TEC-AC-10001266,Technology,41.60,4.00,13.00
CA-2017-134915,12-11-2017,EM-14140,OFF-PA-10002160,Office Supplies,23.12,5.00,8.38
CA-2017-134915,12-11-2017,EM-14140,FUR-CH-10004875,Furniture,113.89,2.00,9.97
CA-2017-134915,12-11-2017,EM-14140,FUR-FU-10000305,Furniture,113.57,2.00,-5.68
CA-2017-134915,12-11-2017,EM-14140,TEC-PH-10000347,Technology,7.92,2.00,0.69
CA-2017-134915,12-11-2017,EM-14140,TEC-PH-10001459,Technology,671.98,2.00,50.40
CA-2016-153353,18-08-2016,GG-14650,TEC-PH-10000439,Technology,39.99,1.00,11.60
CA-2017-123638,27-06-2017,MA-17995,FUR-CH-10002647,Furniture,191.65,3.00,31.94
CA-2017-168900,04-05-2017,SH-20395,OFF-BI-10003910,Office Supplies,2.31,1.00,-1.93
CA-2015-158456,24-12-2015,KT-16465,OFF-BI-10001097,Office Supplies,19.94,4.00,7.23
CA-2015-158456,24-12-2015,KT-16465,OFF-FA-10004854,Office Supplies,45.92,4.00,21.58
CA-2017-143665,26-04-2017,PO-19180,OFF-PA-10003673,Office Supplies,20.34,3.00,9.36
CA-2017-143665,26-04-2017,PO-19180,OFF-LA-10002034,Office Supplies,39.28,8.00,19.25
CA-2017-137428,16-12-2017,AY-10555,FUR-CH-10002774,Furniture,81.57,2.00,9.18
CA-2017-137428,16-12-2017,AY-10555,FUR-CH-10003817,Furniture,97.18,2.00,6.07
CA-2017-137428,16-12-2017,AY-10555,OFF-BI-10002949,Office Supplies,24.32,5.00,8.21
CA-2017-137428,16-12-2017,AY-10555,FUR-FU-10002445,Furniture,18.96,2.00,7.58
CA-2014-162866,27-12-2014,Co-12640,FUR-FU-10001473,Furniture,32.95,6.00,-19.77
CA-2014-162866,27-12-2014,Co-12640,OFF-ST-10002562,Office Supplies,30.02,4.00,3.00
CA-2017-167941,06-11-2017,JF-15565,OFF-AP-10002118,Office Supplies,499.58,3.00,43.71
CA-2017-167941,06-11-2017,JF-15565,OFF-PA-10001800,Office Supplies,31.10,6.00,10.89
CA-2017-167941,06-11-2017,JF-15565,OFF-BI-10002827,Office Supplies,13.27,8.00,-10.62
CA-2017-167941,06-11-2017,JF-15565,FUR-FU-10004671,Furniture,28.27,2.00,6.36
CA-2017-167941,06-11-2017,JF-15565,OFF-ST-10000736,Office Supplies,259.14,4.00,-51.83
CA-2017-111808,16-12-2017,AR-10510,OFF-BI-10004656,Office Supplies,10.80,5.00,5.18
CA-2015-137512,07-05-2015,AG-10675,FUR-TA-10001095,Furniture,244.01,2.00,-31.37
CA-2015-137512,07-05-2015,AG-10675,OFF-PA-10000213,Office Supplies,15.94,4.00,5.38
CA-2017-139773,04-12-2017,DV-13045,FUR-CH-10001797,Furniture,188.55,7.00,-2.69
CA-2017-134607,03-10-2017,HL-15040,OFF-ST-10002214,Office Supplies,22.58,2.00,5.87
CA-2014-109232,13-01-2014,ND-18370,FUR-CH-10000422,Furniture,545.94,6.00,87.35
CA-2015-139850,12-06-2015,GB-14575,OFF-PA-10003848,Office Supplies,20.74,4.00,7.26
CA-2015-139850,12-06-2015,GB-14575,FUR-FU-10003623,Furniture,43.30,2.00,4.33
CA-2014-131310,12-07-2014,CL-12565,FUR-CH-10001797,Furniture,123.14,4.00,13.85
CA-2014-131310,12-07-2014,CL-12565,OFF-BI-10003094,Office Supplies,11.26,4.00,3.80
US-2014-112872,06-12-2014,RC-19960,OFF-ST-10002205,Office Supplies,53.42,3.00,4.67
US-2014-112872,06-12-2014,RC-19960,FUR-TA-10003238,Furniture,275.49,1.00,-170.80
CA-2016-139269,25-05-2016,JB-16045,FUR-FU-10000755,Furniture,24.96,4.00,6.24
CA-2016-139269,25-05-2016,JB-16045,OFF-PA-10002893,Office Supplies,19.36,2.00,9.29
CA-2016-139269,25-05-2016,JB-16045,OFF-ST-10000689,Office Supplies,1267.65,9.00,152.12
CA-2016-139010,21-02-2016,MC-17635,TEC-AC-10004227,Technology,12.99,1.00,0.78
CA-2016-139010,21-02-2016,MC-17635,OFF-BI-10000174,Office Supplies,18.56,4.00,6.50
CA-2016-139010,21-02-2016,MC-17635,OFF-ST-10001809,Office Supplies,449.15,5.00,8.98
CA-2016-139010,21-02-2016,MC-17635,OFF-BI-10002309,Office Supplies,31.25,7.00,10.94
CA-2016-134376,02-10-2016,TT-21265,OFF-AP-10004532,Office Supplies,61.44,3.00,16.59
CA-2017-147291,11-03-2017,MJ-17740,OFF-BI-10003091,Office Supplies,895.92,4.00,421.08
CA-2016-112893,09-09-2016,AT-10735,OFF-BI-10004654,Office Supplies,55.36,4.00,18.68
US-2014-150532,14-07-2014,PB-19150,OFF-ST-10000760,Office Supplies,55.92,5.00,6.29
CA-2014-138317,21-06-2014,NW-18400,OFF-EN-10001539,Office Supplies,24.90,4.00,8.40
CA-2014-138317,21-06-2014,NW-18400,FUR-FU-10000550,Furniture,3.98,1.00,0.65
CA-2014-138317,21-06-2014,NW-18400,TEC-AC-10003628,Technology,95.97,4.00,28.79
CA-2014-138317,21-06-2014,NW-18400,TEC-MA-10004521,Technology,206.99,3.00,-172.49
CA-2014-138317,21-06-2014,NW-18400,OFF-AP-10003860,Office Supplies,44.42,2.00,3.89
CA-2014-138317,21-06-2014,NW-18400,OFF-BI-10000069,Office Supplies,9.01,2.00,-7.20
CA-2015-130610,05-07-2015,VP-21730,OFF-BI-10003655,Office Supplies,19.00,5.00,8.93
CA-2017-104381,16-12-2017,RD-19810,OFF-BI-10001628,Office Supplies,33.38,4.00,10.43
CA-2016-131499,08-09-2016,MG-17875,OFF-AP-10003779,Office Supplies,207.48,1.00,62.24
CA-2014-148761,17-05-2014,PA-19060,OFF-BI-10000666,Office Supplies,91.68,3.00,45.84
CA-2017-116519,13-10-2017,CR-12730,OFF-AP-10000828,Office Supplies,904.90,5.00,253.37
CA-2014-130729,24-10-2014,AA-10375,OFF-BI-10002706,Office Supplies,34.27,3.00,11.14
CA-2016-124772,05-12-2016,JG-15160,FUR-FU-10004748,Furniture,191.82,3.00,74.81
CA-2016-115525,25-07-2016,RR-19525,OFF-AP-10000026,Office Supplies,243.88,5.00,27.44
CA-2017-134845,17-04-2017,SR-20425,OFF-BI-10000773,Office Supplies,12.03,5.00,-9.22
CA-2017-134845,17-04-2017,SR-20425,TEC-MA-10000822,Technology,2549.99,5.00,-3399.98
CA-2017-134845,17-04-2017,SR-20425,OFF-BI-10001543,Office Supplies,21.59,2.00,-15.84
CA-2017-134845,17-04-2017,SR-20425,OFF-BI-10003355,Office Supplies,8.96,6.00,-6.57
CA-2017-134845,17-04-2017,SR-20425,OFF-PA-10002005,Office Supplies,20.74,4.00,7.26
US-2015-138919,17-09-2015,LS-16975,FUR-TA-10004154,Furniture,344.22,2.00,-103.27
US-2016-160528,23-08-2016,MH-18115,OFF-ST-10002743,Office Supplies,727.30,8.00,-172.73
US-2016-160528,23-08-2016,MH-18115,FUR-FU-10004973,Furniture,22.61,3.00,-10.17
US-2016-160528,23-08-2016,MH-18115,TEC-AC-10002842,Technology,666.40,7.00,-33.32
CA-2015-123568,08-11-2015,SC-20095,OFF-FA-10002701,Office Supplies,5.04,3.00,0.20
CA-2015-123568,08-11-2015,SC-20095,OFF-PA-10001125,Office Supplies,92.94,3.00,41.82
CA-2015-123568,08-11-2015,SC-20095,FUR-FU-10004090,Furniture,66.69,3.00,22.01
CA-2015-123568,08-11-2015,SC-20095,OFF-BI-10001510,Office Supplies,91.68,5.00,28.65
CA-2017-124674,17-11-2017,JB-16000,FUR-BO-10002202,Furniture,327.73,2.00,-14.46
CA-2015-164441,08-11-2015,AC-10450,OFF-BI-10001922,Office Supplies,52.27,11.00,17.64
CA-2015-164441,08-11-2015,AC-10450,OFF-PA-10001667,Office Supplies,17.94,3.00,8.07
CA-2017-169054,22-04-2017,MO-17800,FUR-FU-10001488,Furniture,254.35,3.00,0.00
CA-2014-106719,24-08-2014,RB-19645,OFF-BI-10002799,Office Supplies,8.29,2.00,2.69
CA-2017-116855,17-12-2017,AI-10855,FUR-CH-10003846,Furniture,504.90,5.00,80.78
US-2016-164189,24-03-2016,DR-12880,TEC-PH-10003691,Technology,403.17,4.00,25.20
CA-2015-168480,21-09-2015,DM-12955,FUR-BO-10000468,Furniture,194.32,4.00,31.09
CA-2015-168480,21-09-2015,DM-12955,OFF-AR-10001044,Office Supplies,25.99,1.00,7.54
US-2016-114293,21-11-2016,JH-16180,FUR-CH-10003833,Furniture,195.14,4.00,-12.20
CA-2017-134173,16-09-2017,AB-10060,OFF-PA-10004355,Office Supplies,20.74,4.00,7.26
US-2015-123960,11-06-2015,BD-11605,TEC-AC-10003038,Technology,53.70,6.00,10.20
US-2015-123960,11-06-2015,BD-11605,OFF-BI-10002799,Office Supplies,36.26,7.00,16.68
US-2015-123960,11-06-2015,BD-11605,OFF-AR-10003582,Office Supplies,56.30,2.00,15.76
US-2015-123960,11-06-2015,BD-11605,OFF-PA-10004451,Office Supplies,32.40,5.00,15.55
US-2015-123960,11-06-2015,BD-11605,FUR-FU-10004666,Furniture,29.16,2.00,10.79
CA-2017-101749,03-10-2017,AS-10045,FUR-TA-10001520,Furniture,171.29,3.00,-6.42
US-2016-147991,05-05-2016,ZD-21925,FUR-FU-10004270,Furniture,16.72,5.00,3.34
CA-2017-149559,11-09-2017,KF-16285,OFF-PA-10003172,Office Supplies,12.96,2.00,6.22
CA-2017-149559,11-09-2017,KF-16285,OFF-EN-10002312,Office Supplies,22.18,2.00,10.87
CA-2017-149559,11-09-2017,KF-16285,FUR-CH-10002320,Furniture,2054.27,8.00,256.78
CA-2015-135174,30-04-2015,BP-11230,TEC-PH-10001530,Technology,1022.97,5.00,-255.74
CA-2017-125290,06-11-2017,CC-12430,OFF-AR-10001216,Office Supplies,13.90,5.00,3.61
CA-2017-125290,06-11-2017,CC-12430,OFF-PA-10003127,Office Supplies,26.38,1.00,12.13
CA-2014-137351,30-09-2014,DB-13615,OFF-BI-10003910,Office Supplies,43.18,7.00,13.49
CA-2017-121419,02-04-2017,TC-21475,FUR-TA-10004534,Furniture,411.80,2.00,70.01
CA-2017-121419,02-04-2017,TC-21475,TEC-AC-10000892,Technology,360.00,4.00,129.60
US-2017-148054,06-10-2017,NZ-18565,FUR-FU-10003247,Furniture,41.96,2.00,2.94
US-2017-148054,06-10-2017,NZ-18565,OFF-AP-10004336,Office Supplies,227.84,4.00,66.07
US-2017-148054,06-10-2017,NZ-18565,OFF-PA-10001295,Office Supplies,37.94,2.00,18.21
CA-2016-128517,09-04-2016,SW-20350,TEC-PH-10002555,Technology,517.90,2.00,134.65
CA-2016-128517,09-04-2016,SW-20350,OFF-BI-10000831,Office Supplies,5.28,2.00,2.43
US-2015-100377,28-08-2015,TS-21370,TEC-CO-10001046,Technology,2799.96,5.00,874.99
CA-2017-131492,19-10-2017,HH-15010,OFF-EN-10002973,Office Supplies,8.96,2.00,4.30
CA-2017-131492,19-10-2017,HH-15010,OFF-LA-10001641,Office Supplies,31.50,10.00,15.12
CA-2017-131492,19-10-2017,HH-15010,FUR-FU-10003878,Furniture,30.56,2.00,10.39
CA-2017-131492,19-10-2017,HH-15010,FUR-TA-10003837,Furniture,24.37,2.00,-3.35
CA-2016-144554,07-11-2016,DM-13345,TEC-AC-10002800,Technology,119.98,3.00,22.50
CA-2017-127621,03-03-2017,RE-19450,OFF-PA-10001307,Office Supplies,26.88,8.00,9.74
CA-2015-145184,27-11-2015,JD-16150,TEC-PH-10002350,Technology,83.97,3.00,23.51
CA-2015-145184,27-11-2015,JD-16150,TEC-AC-10000397,Technology,104.97,3.00,7.35
CA-2017-106859,13-03-2017,BF-11215,OFF-ST-10000615,Office Supplies,90.80,8.00,25.42
CA-2017-106859,13-03-2017,BF-11215,TEC-PH-10004531,Technology,140.74,8.00,49.26
CA-2017-106859,13-03-2017,BF-11215,TEC-AC-10004001,Technology,214.95,5.00,88.13
CA-2017-106859,13-03-2017,BF-11215,OFF-PA-10001534,Office Supplies,45.36,7.00,21.77
CA-2017-106859,13-03-2017,BF-11215,OFF-PA-10001815,Office Supplies,288.24,6.00,138.36
US-2017-120089,30-11-2017,ML-17755,OFF-AP-10003779,Office Supplies,663.94,4.00,82.99
CA-2014-119375,17-11-2014,YC-21895,OFF-ST-10002011,Office Supplies,2934.33,7.00,792.27
CA-2014-119375,17-11-2014,YC-21895,FUR-FU-10002379,Furniture,124.41,3.00,14.93
CA-2014-119375,17-11-2014,YC-21895,OFF-AR-10003752,Office Supplies,57.75,5.00,26.57
CA-2016-125206,03-01-2016,LR-16915,OFF-ST-10003692,Office Supplies,114.46,2.00,28.62
CA-2015-126137,03-10-2015,BS-11755,FUR-BO-10004409,Furniture,120.67,2.00,18.45
CA-2014-143903,20-07-2014,KM-16375,OFF-ST-10003306,Office Supplies,342.86,3.00,38.57
CA-2014-143903,20-07-2014,KM-16375,FUR-FU-10003724,Furniture,16.74,5.00,-14.23
CA-2014-143903,20-07-2014,KM-16375,FUR-CH-10002024,Furniture,981.37,2.00,-140.20
CA-2014-104780,21-05-2014,BT-11530,OFF-AR-10003514,Office Supplies,31.84,8.00,10.51
CA-2017-101182,04-09-2017,KB-16405,OFF-PA-10001800,Office Supplies,12.96,2.00,6.22
CA-2017-101182,04-09-2017,KB-16405,TEC-PH-10003589,Technology,43.18,3.00,15.11
US-2017-132297,27-05-2017,DW-13480,OFF-BI-10003364,Office Supplies,58.34,2.00,28.00
US-2017-132297,27-05-2017,DW-13480,TEC-PH-10002834,Technology,539.97,3.00,134.99
CA-2014-100328,28-01-2014,JC-15340,OFF-BI-10000343,Office Supplies,3.93,1.00,1.33
CA-2017-118773,09-02-2017,TP-21415,OFF-BI-10004584,Office Supplies,252.78,4.00,-417.09
CA-2017-118773,09-02-2017,TP-21415,TEC-AC-10002402,Technology,127.98,2.00,16.00
CA-2017-118773,09-02-2017,TP-21415,FUR-FU-10000550,Furniture,3.98,2.00,-2.69
CA-2017-118773,09-02-2017,TP-21415,OFF-AP-10000055,Office Supplies,12.99,2.00,-32.48
US-2017-159205,31-03-2017,DB-12910,FUR-FU-10001591,Furniture,61.00,5.00,25.62
US-2017-159205,31-03-2017,DB-12910,TEC-PH-10000526,Technology,671.93,7.00,188.14
CA-2016-112123,03-03-2016,BH-11710,OFF-BI-10001071,Office Supplies,447.86,7.00,219.45
CA-2016-112123,03-03-2016,BH-11710,TEC-PH-10001557,Technology,479.95,5.00,129.59
CA-2016-112123,03-03-2016,BH-11710,OFF-PA-10001977,Office Supplies,166.44,3.00,79.89
CA-2015-114468,23-08-2015,TD-20995,OFF-SU-10004231,Office Supplies,31.68,4.00,2.77
CA-2015-114468,23-08-2015,TD-20995,OFF-PA-10000809,Office Supplies,10.37,2.00,3.63
CA-2015-114468,23-08-2015,TD-20995,OFF-FA-10003021,Office Supplies,12.03,8.00,2.26
CA-2015-114468,23-08-2015,TD-20995,OFF-AP-10000696,Office Supplies,5.77,2.00,-13.55
CA-2017-135692,27-04-2017,CV-12805,OFF-LA-10001158,Office Supplies,33.12,4.00,11.59
CA-2017-135692,27-04-2017,CV-12805,FUR-BO-10002268,Furniture,220.27,4.00,-42.11
CA-2017-131233,14-04-2017,CS-12355,OFF-BI-10000829,Office Supplies,10.78,3.00,3.50
CA-2017-131233,14-04-2017,CS-12355,FUR-BO-10003441,Furniture,242.35,3.00,9.09
CA-2017-119578,22-12-2017,JG-15310,OFF-SU-10003505,Office Supplies,695.16,6.00,34.76
CA-2017-119578,22-12-2017,JG-15310,FUR-BO-10003660,Furniture,220.98,1.00,50.83
CA-2016-124562,08-12-2016,JP-16135,OFF-BI-10001267,Office Supplies,12.96,7.00,-9.50
US-2017-140074,23-03-2017,EC-14050,OFF-PA-10002741,Office Supplies,25.68,6.00,11.56
CA-2016-103037,25-07-2016,KH-16630,OFF-LA-10004345,Office Supplies,15.71,4.00,5.70
CA-2017-127460,10-07-2017,FG-14260,OFF-ST-10004340,Office Supplies,298.46,6.00,26.12
CA-2016-121671,17-07-2016,AA-10480,OFF-PA-10001471,Office Supplies,21.93,3.00,10.09
CA-2016-121671,17-07-2016,AA-10480,OFF-ST-10002344,Office Supplies,242.94,3.00,4.86
CA-2016-121671,17-07-2016,AA-10480,OFF-PA-10001892,Office Supplies,7.64,1.00,3.74
CA-2016-121671,17-07-2016,AA-10480,OFF-PA-10001934,Office Supplies,51.84,8.00,25.40
CA-2016-121671,17-07-2016,AA-10480,OFF-ST-10000078,Office Supplies,265.17,1.00,47.73
CA-2016-150350,23-08-2016,MS-17770,TEC-MA-10001972,Technology,837.60,3.00,62.82
CA-2016-150350,23-08-2016,MS-17770,OFF-EN-10002504,Office Supplies,135.90,5.00,63.87
CA-2016-150350,23-08-2016,MS-17770,OFF-PA-10002160,Office Supplies,34.68,6.00,16.99
CA-2016-150350,23-08-2016,MS-17770,FUR-CH-10001973,Furniture,532.70,6.00,-39.95
CA-2016-150350,23-08-2016,MS-17770,OFF-AP-10001492,Office Supplies,43.10,5.00,11.21
CA-2016-150350,23-08-2016,MS-17770,OFF-SU-10002189,Office Supplies,15.88,4.00,0.16
CA-2015-121720,11-06-2015,JE-15610,FUR-CH-10003312,Furniture,1123.92,5.00,-182.64
CA-2015-121720,11-06-2015,JE-15610,TEC-PH-10002496,Technology,249.58,2.00,31.20
CA-2015-121720,11-06-2015,JE-15610,FUR-FU-10003464,Furniture,48.67,3.00,7.30
CA-2015-121720,11-06-2015,JE-15610,OFF-AR-10000380,Office Supplies,60.77,2.00,7.60
CA-2015-121720,11-06-2015,JE-15610,OFF-BI-10004593,Office Supplies,78.60,5.00,-62.88
CA-2015-121720,11-06-2015,JE-15610,OFF-BI-10001308,Office Supplies,3.77,2.00,-3.14
CA-2015-121720,11-06-2015,JE-15610,OFF-ST-10001780,Office Supplies,1036.62,2.00,51.83
CA-2015-121720,11-06-2015,JE-15610,OFF-ST-10003816,Office Supplies,563.81,4.00,21.14
CA-2017-149895,08-09-2017,EB-14110,TEC-PH-10002200,Technology,258.53,2.00,-47.40
CA-2017-147564,02-10-2017,BP-11155,OFF-PA-10004438,Office Supplies,49.12,4.00,23.09
CA-2014-136399,16-12-2014,CC-12100,FUR-FU-10004090,Furniture,44.46,2.00,14.67
CA-2014-136399,16-12-2014,CC-12100,FUR-CH-10002602,Furniture,241.57,2.00,18.12
CA-2014-136399,16-12-2014,CC-12100,TEC-AC-10001142,Technology,395.00,5.00,39.50
CA-2014-136399,16-12-2014,CC-12100,TEC-PH-10004977,Technology,627.17,4.00,70.56
CA-2014-107916,24-08-2014,JP-15460,FUR-FU-10004586,Furniture,13.28,2.00,6.37
CA-2014-107916,24-08-2014,JP-15460,OFF-BI-10001116,Office Supplies,12.67,3.00,4.44
CA-2017-164168,12-11-2017,LS-16975,OFF-BI-10000666,Office Supplies,30.56,5.00,-45.84
CA-2017-164168,12-11-2017,LS-16975,OFF-ST-10002583,Office Supplies,77.95,3.00,-15.59
CA-2017-164168,12-11-2017,LS-16975,TEC-PH-10004908,Technology,67.99,1.00,8.50
CA-2017-164168,12-11-2017,LS-16975,OFF-EN-10001219,Office Supplies,12.22,2.00,4.43
CA-2017-164168,12-11-2017,LS-16975,TEC-AC-10004568,Technology,44.78,2.00,-0.56
CA-2017-164168,12-11-2017,LS-16975,FUR-FU-10001756,Furniture,22.85,3.00,-17.71
CA-2015-112557,25-04-2015,JL-15850,OFF-AP-10002311,Office Supplies,206.43,3.00,90.83
US-2014-122959,12-12-2014,CY-12745,OFF-BI-10003650,Office Supplies,210.39,2.00,-336.63
CA-2017-162572,25-09-2017,RB-19360,TEC-AC-10003628,Technology,119.96,5.00,35.99
CA-2017-162572,25-09-2017,RB-19360,OFF-AR-10001547,Office Supplies,10.61,6.00,0.93
US-2016-148110,05-09-2016,AR-10825,FUR-CH-10002647,Furniture,347.80,7.00,-24.84
CA-2017-131828,11-02-2017,CS-11845,FUR-CH-10004495,Furniture,963.14,4.00,108.35
CA-2017-131828,11-02-2017,CS-11845,TEC-PH-10002923,Technology,88.78,3.00,7.77
CA-2014-109218,30-06-2014,AR-10825,OFF-AR-10001374,Office Supplies,32.40,5.00,10.37
CA-2016-120558,07-06-2016,RD-19810,OFF-PA-10003441,Office Supplies,32.40,5.00,15.55
US-2014-109036,20-12-2014,KH-16510,OFF-LA-10002043,Office Supplies,31.05,3.00,14.90
CA-2015-147830,15-12-2015,NF-18385,TEC-AC-10002049,Technology,2025.36,6.00,607.61
CA-2015-147830,15-12-2015,NF-18385,TEC-MA-10000418,Technology,1799.99,2.00,-2639.99
CA-2015-147830,15-12-2015,NF-18385,TEC-PH-10004908,Technology,101.99,2.00,-17.00
CA-2015-147830,15-12-2015,NF-18385,FUR-FU-10004091,Furniture,262.86,7.00,69.00
CA-2017-150497,20-07-2017,SM-20950,OFF-BI-10004600,Office Supplies,735.98,2.00,331.19
CA-2014-128986,03-08-2014,GH-14410,OFF-PA-10001289,Office Supplies,93.02,3.00,33.72
CA-2015-139584,24-08-2015,EM-13810,FUR-TA-10001539,Furniture,284.36,2.00,-75.83
CA-2015-139584,24-08-2015,EM-13810,TEC-AC-10001266,Technology,26.00,2.00,11.70
US-2016-162677,26-03-2016,DB-13210,OFF-ST-10001291,Office Supplies,67.64,5.00,5.92
US-2016-162677,26-03-2016,DB-13210,TEC-AC-10001314,Technology,119.98,3.00,-18.00
US-2014-150924,12-09-2014,PT-19090,OFF-BI-10004040,Office Supplies,5.18,5.00,-8.03
CA-2014-153969,21-09-2014,HF-14995,OFF-EN-10001539,Office Supplies,15.56,2.00,7.31
CA-2014-153969,21-09-2014,HF-14995,OFF-EN-10004483,Office Supplies,78.35,5.00,36.82
CA-2014-153969,21-09-2014,HF-14995,OFF-AR-10001615,Office Supplies,59.52,3.00,15.48
CA-2014-153969,21-09-2014,HF-14995,OFF-PA-10000327,Office Supplies,38.52,9.00,17.33
CA-2014-153969,21-09-2014,HF-14995,TEC-PH-10001299,Technology,239.98,2.00,24.00
CA-2014-153969,21-09-2014,HF-14995,OFF-PA-10002246,Office Supplies,19.35,3.00,9.48
CA-2016-146682,29-10-2016,KW-16435,FUR-FU-10002671,Furniture,67.00,5.00,32.16
CA-2016-138695,28-05-2016,KC-16675,FUR-CH-10003833,Furniture,390.27,8.00,-24.39
CA-2016-138695,28-05-2016,KC-16675,OFF-PA-10001667,Office Supplies,62.19,13.00,19.44
CA-2017-107461,21-12-2017,PK-19075,OFF-BI-10002003,Office Supplies,23.88,6.00,11.22
US-2016-133879,21-03-2016,KT-16465,OFF-BI-10004465,Office Supplies,3.17,2.00,-4.75
US-2016-133879,21-03-2016,KT-16465,FUR-CH-10000665,Furniture,528.43,5.00,0.00
US-2016-133879,21-03-2016,KT-16465,OFF-AR-10004956,Office Supplies,13.39,3.00,1.51
CA-2017-157483,11-11-2017,EP-13915,OFF-AR-10004260,Office Supplies,181.86,7.00,50.92
US-2017-132059,23-09-2017,AP-10915,FUR-BO-10001811,Furniture,180.59,2.00,-240.78
US-2017-132059,23-09-2017,AP-10915,TEC-AC-10003280,Technology,47.98,2.00,0.60
CA-2017-122280,10-09-2017,SH-20395,OFF-PA-10004911,Office Supplies,18.76,2.00,9.00
CA-2017-105235,05-12-2017,SM-20950,FUR-FU-10001487,Furniture,20.94,3.00,6.07
CA-2017-105235,05-12-2017,SM-20950,FUR-FU-10000521,Furniture,58.68,2.00,18.19
CA-2017-105235,05-12-2017,SM-20950,OFF-AP-10001271,Office Supplies,254.90,5.00,68.82
CA-2017-152912,09-11-2017,BM-11650,OFF-BI-10004728,Office Supplies,9.64,2.00,4.43
CA-2017-152912,09-11-2017,BM-11650,TEC-AC-10004666,Technology,826.62,3.00,355.45
CA-2017-152912,09-11-2017,BM-11650,OFF-ST-10003208,Office Supplies,1633.14,9.00,473.61
CA-2017-152912,09-11-2017,BM-11650,OFF-ST-10003208,Office Supplies,544.38,3.00,157.87
CA-2014-123498,07-11-2014,TC-20980,OFF-BI-10000632,Office Supplies,26.05,3.00,-44.28
CA-2014-123498,07-11-2014,TC-20980,OFF-EN-10004773,Office Supplies,74.35,3.00,26.95
CA-2017-159352,12-03-2017,KB-16585,TEC-PH-10004700,Technology,69.93,7.00,32.17
US-2017-146416,20-10-2017,JE-16165,OFF-LA-10003714,Office Supplies,3.75,1.00,1.80
US-2017-146416,20-10-2017,JE-16165,OFF-BI-10001787,Office Supplies,20.93,4.00,7.59
US-2015-163783,27-12-2015,DR-12940,OFF-ST-10002957,Office Supplies,12.67,3.00,-3.17
CA-2017-123981,02-10-2017,RW-19630,TEC-PH-10002115,Technology,65.99,1.00,17.16
CA-2017-158953,04-06-2017,ML-18040,OFF-BI-10002557,Office Supplies,6.37,7.00,-9.56
CA-2014-165428,01-09-2014,JL-15130,OFF-BI-10002949,Office Supplies,3.65,3.00,-6.02
CA-2014-165428,01-09-2014,JL-15130,OFF-PA-10004100,Office Supplies,31.10,6.00,10.89
CA-2016-169026,08-08-2016,CM-12655,OFF-FA-10001883,Office Supplies,23.34,3.00,0.23
CA-2017-109750,22-07-2017,FH-14365,TEC-PH-10000702,Technology,29.97,3.00,14.09
CA-2015-149384,10-07-2015,EH-13945,OFF-BI-10003196,Office Supplies,3.37,3.00,-2.24
CA-2014-131527,01-12-2014,TB-21280,TEC-PH-10001644,Technology,95.97,4.00,9.60
CA-2017-164000,18-12-2017,AH-10030,OFF-AR-10003183,Office Supplies,18.70,7.00,2.34
CA-2014-164224,18-05-2014,TT-21070,FUR-FU-10000308,Furniture,149.23,3.00,3.73
CA-2014-164224,18-05-2014,TT-21070,OFF-PA-10001526,Office Supplies,15.94,4.00,5.78
CA-2014-158372,10-11-2014,RD-19900,TEC-PH-10002103,Technology,601.54,8.00,60.15
CA-2014-158372,10-11-2014,RD-19900,TEC-AC-10004209,Technology,10.99,1.00,4.29
CA-2014-158372,10-11-2014,RD-19900,FUR-FU-10000397,Furniture,39.88,2.00,11.17
CA-2014-158372,10-11-2014,RD-19900,OFF-PA-10002137,Office Supplies,62.24,8.00,28.01
CA-2014-158372,10-11-2014,RD-19900,FUR-FU-10001867,Furniture,53.20,5.00,14.90
CA-2014-158372,10-11-2014,RD-19900,OFF-LA-10000407,Office Supplies,39.84,8.00,18.33
CA-2016-108882,09-01-2016,LA-16780,TEC-AC-10000420,Technology,349.95,5.00,118.98
CA-2016-108882,09-01-2016,LA-16780,TEC-PH-10002726,Technology,377.93,9.00,141.72
US-2017-108245,22-09-2017,SH-19975,OFF-EN-10001415,Office Supplies,13.39,3.00,5.02
US-2017-108245,22-09-2017,SH-19975,OFF-BI-10000773,Office Supplies,11.23,7.00,-18.53
CA-2014-142314,23-12-2014,SF-20200,OFF-AP-10002350,Office Supplies,207.24,11.00,58.03
CA-2016-132409,26-05-2016,TH-21235,OFF-AR-10001919,Office Supplies,1.50,1.00,0.17
CA-2016-132409,26-05-2016,TH-21235,OFF-AP-10002082,Office Supplies,34.85,2.00,6.53
CA-2017-150189,08-07-2017,VG-21790,OFF-LA-10002762,Office Supplies,75.18,6.00,35.33
CA-2014-114433,13-05-2014,NP-18325,TEC-AC-10002800,Technology,149.97,3.00,52.49
CA-2017-104640,10-11-2017,FH-14275,OFF-BI-10003925,Office Supplies,931.18,3.00,314.27
CA-2017-104640,10-11-2017,FH-14275,TEC-PH-10002200,Technology,430.88,2.00,124.96
US-2015-137008,02-10-2015,JP-15460,OFF-PA-10001295,Office Supplies,94.85,5.00,45.53
US-2015-137008,02-10-2015,JP-15460,OFF-EN-10002500,Office Supplies,51.12,4.00,23.00
US-2015-137008,02-10-2015,JP-15460,TEC-AC-10000892,Technology,90.00,1.00,32.40
CA-2014-108189,02-10-2014,ES-14080,OFF-PA-10001838,Office Supplies,9.41,2.00,3.41
CA-2014-108189,02-10-2014,ES-14080,OFF-FA-10000735,Office Supplies,4.67,2.00,1.46
CA-2014-108189,02-10-2014,ES-14080,TEC-PH-10001760,Technology,318.40,2.00,107.46
CA-2014-108189,02-10-2014,ES-14080,OFF-EN-10004846,Office Supplies,12.77,6.00,4.63
CA-2014-108189,02-10-2014,ES-14080,OFF-SU-10003567,Office Supplies,15.36,2.00,-3.26
CA-2014-108189,02-10-2014,ES-14080,TEC-PH-10001557,Technology,230.38,3.00,20.16
CA-2014-108189,02-10-2014,ES-14080,TEC-AC-10003038,Technology,7.16,1.00,-0.09
CA-2014-154641,11-08-2014,KL-16645,OFF-ST-10004459,Office Supplies,375.34,1.00,18.77
CA-2017-131625,01-09-2017,BN-11515,FUR-FU-10004960,Furniture,114.90,5.00,39.07
US-2017-156356,16-04-2017,ND-18370,OFF-BI-10000632,Office Supplies,26.05,3.00,-44.28
US-2017-156356,16-04-2017,ND-18370,OFF-BI-10001107,Office Supplies,2.90,1.00,-4.78
US-2017-156356,16-04-2017,ND-18370,OFF-ST-10002301,Office Supplies,32.54,2.00,-7.73
CA-2016-138933,24-04-2016,JL-15130,OFF-BI-10003355,Office Supplies,3.98,1.00,1.39
CA-2016-140746,15-01-2016,RC-19825,FUR-TA-10002903,Furniture,181.80,1.00,-15.58
CA-2016-146836,02-05-2016,CC-12475,OFF-ST-10001580,Office Supplies,44.94,3.00,12.58
CA-2016-146836,02-05-2016,CC-12475,OFF-BI-10000315,Office Supplies,45.58,3.00,15.95
US-2016-127971,20-11-2016,DW-13195,FUR-CH-10003774,Furniture,318.43,5.00,-77.33
US-2016-127971,20-11-2016,DW-13195,TEC-PH-10003095,Technology,122.92,7.00,46.10
US-2016-127971,20-11-2016,DW-13195,FUR-FU-10000023,Furniture,7.07,3.00,-2.83
US-2016-140809,01-02-2016,CK-12760,OFF-ST-10002214,Office Supplies,56.45,5.00,14.68
CA-2017-114524,31-03-2017,EG-13900,OFF-BI-10002799,Office Supplies,13.47,13.00,-22.90
CA-2017-113355,01-12-2017,SJ-20215,TEC-PH-10004912,Technology,219.80,5.00,24.73
CA-2017-113355,01-12-2017,SJ-20215,FUR-CH-10002602,Furniture,317.06,3.00,-18.12
US-2017-140907,10-12-2017,BP-11185,TEC-AC-10004510,Technology,49.08,3.00,4.91
US-2017-140907,10-12-2017,BP-11185,OFF-ST-10000060,Office Supplies,324.90,5.00,38.99
US-2017-140907,10-12-2017,BP-11185,OFF-AR-10000799,Office Supplies,18.24,3.00,5.29
CA-2016-159730,17-09-2016,SJ-20125,FUR-CH-10004875,Furniture,113.89,2.00,9.97
CA-2016-159730,17-09-2016,SJ-20125,TEC-PH-10002085,Technology,105.58,2.00,7.92
CA-2016-157868,23-12-2016,MC-17590,OFF-FA-10000992,Office Supplies,24.85,7.00,11.68
CA-2017-119389,17-04-2017,BG-11740,FUR-FU-10001473,Furniture,60.31,3.00,5.28
CA-2017-110373,27-10-2017,MA-17560,OFF-AR-10003045,Office Supplies,7.06,3.00,2.21
CA-2017-110373,27-10-2017,MA-17560,TEC-PH-10001536,Technology,27.18,2.00,2.04
CA-2016-155474,08-07-2016,CC-12220,TEC-PH-10001580,Technology,107.98,1.00,9.45
CA-2016-155474,08-07-2016,CC-12220,OFF-BI-10004209,Office Supplies,19.30,3.00,6.03
CA-2015-155453,09-08-2015,RA-19885,OFF-LA-10001613,Office Supplies,4.61,2.00,1.67
US-2016-161844,09-12-2016,DK-12835,FUR-TA-10001676,Furniture,79.97,3.00,-29.32
US-2016-161844,09-12-2016,DK-12835,OFF-BI-10003712,Office Supplies,2.95,2.00,-2.06
US-2016-162103,13-11-2016,LB-16795,OFF-BI-10000285,Office Supplies,3.14,2.00,-4.70
CA-2014-151554,14-11-2014,CM-11815,OFF-PA-10004609,Office Supplies,20.74,4.00,7.26
CA-2014-140662,17-11-2014,TS-21205,TEC-AC-10001314,Technology,99.98,2.00,8.00
CA-2014-140662,17-11-2014,TS-21205,OFF-PA-10003395,Office Supplies,733.95,7.00,352.30
CA-2014-140662,17-11-2014,TS-21205,OFF-AP-10001242,Office Supplies,241.44,3.00,72.43
CA-2016-122518,04-03-2016,RF-19345,OFF-LA-10001641,Office Supplies,10.08,4.00,3.53
US-2014-126571,11-10-2014,JF-15565,OFF-ST-10003816,Office Supplies,281.90,2.00,10.57
US-2014-126571,11-10-2014,JF-15565,OFF-EN-10002230,Office Supplies,201.43,3.00,67.98
CA-2014-143840,22-05-2014,EH-14185,TEC-PH-10002660,Technology,135.98,2.00,34.00
CA-2014-143840,22-05-2014,EH-14185,TEC-PH-10003171,Technology,44.95,1.00,12.59
CA-2014-115980,15-07-2014,VW-21775,TEC-AC-10003709,Technology,2.97,3.00,1.31
CA-2014-115980,15-07-2014,VW-21775,OFF-FA-10000304,Office Supplies,6.54,3.00,2.68
CA-2015-155145,27-12-2015,KN-16450,TEC-AC-10003709,Technology,7.92,8.00,3.48
CA-2015-146038,09-02-2015,SJ-20215,FUR-CH-10002774,Furniture,203.92,5.00,22.94
CA-2017-133865,08-05-2017,PS-19045,TEC-CO-10001046,Technology,3359.95,6.00,1049.99
CA-2017-116358,02-11-2017,KM-16225,OFF-FA-10003495,Office Supplies,18.24,3.00,9.12
CA-2017-116358,02-11-2017,KM-16225,OFF-AR-10004685,Office Supplies,27.78,6.00,9.17
CA-2014-102988,05-04-2014,GM-14695,OFF-AR-10004757,Office Supplies,22.96,7.00,7.58
CA-2014-102988,05-04-2014,GM-14695,TEC-PH-10001615,Technology,28.99,1.00,8.41
CA-2014-102988,05-04-2014,GM-14695,OFF-PA-10003349,Office Supplies,12.96,2.00,6.35
CA-2014-102988,05-04-2014,GM-14695,OFF-AR-10000127,Office Supplies,22.96,7.00,6.66
CA-2014-102988,05-04-2014,GM-14695,OFF-SU-10002881,Office Supplies,4164.05,5.00,83.28
US-2014-117170,17-09-2014,KT-16465,TEC-AC-10001109,Technology,47.98,2.00,13.20
US-2014-117170,17-09-2014,KT-16465,OFF-PA-10000682,Office Supplies,4.62,1.00,1.68
CA-2014-159478,30-09-2014,MH-17785,FUR-FU-10000221,Furniture,15.24,3.00,5.18
CA-2014-103702,12-09-2014,AF-10885,OFF-BI-10002429,Office Supplies,63.92,7.00,-46.88
CA-2017-150525,20-02-2017,JP-16135,OFF-AR-10002375,Office Supplies,6.56,2.00,1.90
CA-2017-150525,20-02-2017,JP-16135,OFF-AP-10000595,Office Supplies,13.11,3.00,3.41
CA-2015-157770,13-12-2015,RD-19585,TEC-PH-10001530,Technology,494.38,3.00,49.44
CA-2015-157770,13-12-2015,RD-19585,OFF-BI-10000050,Office Supplies,29.20,5.00,9.86
CA-2015-157770,13-12-2015,RD-19585,TEC-AC-10001552,Technology,248.85,5.00,27.37
CA-2015-157770,13-12-2015,RD-19585,TEC-AC-10003399,Technology,36.24,1.00,15.22
CA-2016-167290,30-10-2016,JF-15295,OFF-AR-10004078,Office Supplies,11.68,2.00,3.50
CA-2014-106264,26-12-2014,CK-12595,OFF-SU-10002189,Office Supplies,11.91,3.00,0.12
CA-2014-106264,26-12-2014,CK-12595,FUR-FU-10001852,Furniture,3.48,2.00,1.11
CA-2014-138023,15-08-2014,KH-16510,OFF-BI-10003638,Office Supplies,30.96,8.00,-52.63
CA-2017-113418,01-10-2017,CM-12655,TEC-MA-10002428,Technology,1704.89,11.00,767.20
US-2015-110569,23-05-2015,EB-13870,OFF-BI-10001036,Office Supplies,19.19,7.00,-12.80
US-2015-110569,23-05-2015,EB-13870,OFF-AP-10004708,Office Supplies,121.79,4.00,13.70
CA-2017-136308,16-11-2017,MW-18235,TEC-MA-10000488,Technology,1919.98,3.00,216.00
US-2014-159926,18-11-2014,CS-11950,OFF-BI-10003656,Office Supplies,51.00,1.00,-40.80
US-2014-159926,18-11-2014,CS-11950,OFF-ST-10003656,Office Supplies,76.79,1.00,-16.32
US-2014-159926,18-11-2014,CS-11950,TEC-PH-10001128,Technology,539.96,6.00,-107.99
US-2014-159926,18-11-2014,CS-11950,FUR-FU-10001473,Furniture,60.31,3.00,5.28
US-2014-159926,18-11-2014,CS-11950,OFF-BI-10004656,Office Supplies,1.94,3.00,-1.43
CA-2014-104738,30-12-2014,SP-20620,OFF-EN-10004955,Office Supplies,12.98,3.00,4.71
CA-2014-104738,30-12-2014,SP-20620,TEC-PH-10002468,Technology,217.58,2.00,19.04
CA-2014-104738,30-12-2014,SP-20620,TEC-PH-10000576,Technology,328.78,3.00,28.77
CA-2014-104738,30-12-2014,SP-20620,OFF-BI-10002160,Office Supplies,2.29,3.00,-3.66
CA-2014-104738,30-12-2014,SP-20620,TEC-AC-10003628,Technology,47.98,2.00,14.40
CA-2015-144386,05-11-2015,GT-14635,OFF-BI-10001116,Office Supplies,25.34,6.00,8.87
CA-2016-111416,17-09-2016,LW-17215,OFF-BI-10002026,Office Supplies,232.40,5.00,78.44
CA-2016-162747,20-03-2016,AH-10030,FUR-FU-10003691,Furniture,86.45,7.00,38.04
US-2014-133130,27-09-2014,TH-21100,FUR-CH-10002602,Furniture,603.92,5.00,45.29
US-2014-133130,27-09-2014,TH-21100,OFF-PA-10000675,Office Supplies,81.98,2.00,40.17
CA-2017-169978,24-12-2017,HG-15025,FUR-CH-10002602,Furniture,271.76,2.00,48.31
CA-2017-169978,24-12-2017,HG-15025,OFF-BI-10001900,Office Supplies,14.38,3.00,4.85
CA-2017-161739,10-11-2017,EB-13750,FUR-FU-10001468,Furniture,341.96,5.00,-427.45
CA-2015-165057,11-09-2015,SC-20725,OFF-AR-10004648,Office Supplies,181.35,9.00,48.96
CA-2015-165057,11-09-2015,SC-20725,OFF-LA-10003190,Office Supplies,8.64,3.00,4.23
CA-2014-134551,20-12-2014,TS-21505,OFF-AP-10004868,Office Supplies,43.51,7.00,3.81
CA-2014-134551,20-12-2014,TS-21505,FUR-CH-10004287,Furniture,662.88,3.00,74.57
CA-2014-134551,20-12-2014,TS-21505,OFF-PA-10002689,Office Supplies,25.92,5.00,9.07
CA-2015-120810,23-07-2015,TH-21550,OFF-AP-10002892,Office Supplies,68.94,3.00,20.68
CA-2015-120810,23-07-2015,TH-21550,FUR-FU-10002253,Furniture,128.82,3.00,50.24
CA-2014-165309,11-11-2014,KD-16270,OFF-BI-10001359,Office Supplies,896.99,5.00,-1480.03
CA-2014-165309,11-11-2014,KD-16270,OFF-BI-10001267,Office Supplies,1.23,1.00,-1.97
CA-2014-165309,11-11-2014,KD-16270,OFF-AR-10003582,Office Supplies,67.56,3.00,6.76
CA-2014-165309,11-11-2014,KD-16270,OFF-PA-10003724,Office Supplies,21.72,5.00,7.87
CA-2014-165309,11-11-2014,KD-16270,OFF-PA-10001033,Office Supplies,262.34,8.00,95.10
CA-2014-165309,11-11-2014,KD-16270,TEC-PH-10003505,Technology,148.48,2.00,16.70
CA-2014-165309,11-11-2014,KD-16270,TEC-PH-10004959,Technology,241.18,3.00,15.07
CA-2017-122595,14-12-2017,GM-14455,TEC-AC-10000474,Technology,227.98,3.00,28.50
CA-2017-122595,14-12-2017,GM-14455,TEC-PH-10003095,Technology,52.68,3.00,19.76
CA-2017-122595,14-12-2017,GM-14455,FUR-FU-10002963,Furniture,2.03,1.00,-1.32
US-2017-109253,21-08-2017,PR-18880,OFF-AR-10000203,Office Supplies,17.12,4.00,4.96
US-2017-109253,21-08-2017,PR-18880,TEC-PH-10004667,Technology,431.97,4.00,37.80
US-2017-109253,21-08-2017,PR-18880,FUR-FU-10000193,Furniture,129.92,4.00,10.39
US-2017-109253,21-08-2017,PR-18880,FUR-TA-10001539,Furniture,568.73,3.00,28.44
US-2017-109253,21-08-2017,PR-18880,OFF-BI-10000962,Office Supplies,117.14,9.00,42.46
US-2017-109253,21-08-2017,PR-18880,OFF-AP-10002867,Office Supplies,203.52,3.00,54.95
US-2017-109253,21-08-2017,PR-18880,OFF-LA-10001158,Office Supplies,51.75,5.00,24.84
CA-2016-145982,27-08-2016,TB-21055,OFF-PA-10000675,Office Supplies,122.97,3.00,60.26
CA-2016-145982,27-08-2016,TB-21055,FUR-TA-10001307,Furniture,244.62,1.00,20.97
CA-2016-145982,27-08-2016,TB-21055,TEC-PH-10000011,Technology,59.97,3.00,28.79
CA-2016-145982,27-08-2016,TB-21055,OFF-PA-10002666,Office Supplies,81.54,9.00,36.69
CA-2016-145982,27-08-2016,TB-21055,OFF-FA-10000735,Office Supplies,11.68,4.00,5.26
CA-2016-145982,27-08-2016,TB-21055,OFF-BI-10000174,Office Supplies,29.00,5.00,13.92
CA-2015-112014,13-08-2015,ON-18715,OFF-AR-10003156,Office Supplies,50.80,5.00,13.21
CA-2017-154732,05-11-2017,AH-10195,OFF-BI-10000474,Office Supplies,16.03,5.00,-25.65
US-2016-157308,17-08-2016,NM-18520,OFF-BI-10003712,Office Supplies,15.71,4.00,5.70
CA-2016-147536,26-12-2016,AR-10510,TEC-AC-10003280,Technology,89.97,3.00,18.89
US-2014-134733,23-09-2014,BM-11650,FUR-BO-10002916,Furniture,436.00,3.00,20.52
US-2014-134733,23-09-2014,BM-11650,TEC-PH-10002726,Technology,83.98,2.00,31.49
US-2014-150434,19-07-2014,CA-12310,TEC-PH-10000895,Technology,359.98,2.00,93.59
US-2014-150434,19-07-2014,CA-12310,FUR-TA-10004152,Furniture,70.56,1.00,-4.03
US-2014-150434,19-07-2014,CA-12310,OFF-BI-10003694,Office Supplies,20.88,2.00,9.60
US-2014-150434,19-07-2014,CA-12310,OFF-BI-10002160,Office Supplies,3.81,1.00,1.83
CA-2017-100335,07-09-2017,NF-18595,OFF-PA-10001685,Office Supplies,73.01,9.00,26.47
CA-2016-139234,06-05-2016,AF-10870,OFF-BI-10000773,Office Supplies,3.21,2.00,-5.29
CA-2016-139234,06-05-2016,AF-10870,TEC-AC-10004510,Technology,26.18,2.00,-3.27
US-2015-142020,04-06-2015,TC-21535,OFF-PA-10004569,Office Supplies,30.44,4.00,14.31
US-2015-142020,04-06-2015,TC-21535,FUR-FU-10000672,Furniture,35.28,3.00,12.00
CA-2015-139962,13-12-2015,Dp-13240,OFF-PA-10004451,Office Supplies,19.44,3.00,9.33
CA-2015-139962,13-12-2015,Dp-13240,OFF-BI-10004738,Office Supplies,37.88,2.00,18.94
CA-2016-130050,16-07-2016,MC-17425,FUR-FU-10001940,Furniture,9.55,3.00,-3.82
CA-2014-115161,31-01-2014,LC-17050,FUR-BO-10003966,Furniture,290.67,2.00,3.42
CA-2014-165379,09-07-2014,BM-11650,OFF-PA-10003072,Office Supplies,10.37,2.00,3.63
CA-2014-165379,09-07-2014,BM-11650,OFF-PA-10002245,Office Supplies,14.35,3.00,4.49
CA-2015-115511,21-11-2015,NW-18400,FUR-BO-10002598,Furniture,141.96,2.00,41.17
CA-2015-115511,21-11-2015,NW-18400,OFF-BI-10002225,Office Supplies,66.05,4.00,23.12
CA-2016-134887,25-03-2016,TB-21280,TEC-AC-10003832,Technology,1287.45,5.00,244.62
CA-2017-123778,23-09-2017,BS-11755,OFF-BI-10000822,Office Supplies,25.82,6.00,9.04
CA-2017-123778,23-09-2017,BS-11755,OFF-AP-10001242,Office Supplies,160.96,2.00,48.29
CA-2015-161718,04-12-2015,SO-20335,FUR-FU-10002445,Furniture,28.44,3.00,11.38
CA-2015-161718,04-12-2015,SO-20335,FUR-CH-10002372,Furniture,364.41,5.00,8.10
CA-2015-161718,04-12-2015,SO-20335,TEC-PH-10000376,Technology,39.96,4.00,10.39
CA-2015-161718,04-12-2015,SO-20335,FUR-CH-10002965,Furniture,361.76,2.00,68.33
CA-2016-100671,01-11-2016,CS-12490,OFF-ST-10004950,Office Supplies,111.67,9.00,6.98
CA-2017-142867,17-03-2017,PO-19180,OFF-BI-10003166,Office Supplies,13.78,6.00,-22.04
CA-2017-142867,17-03-2017,PO-19180,OFF-PA-10004610,Office Supplies,10.27,3.00,3.21
CA-2017-103156,23-11-2017,TD-20995,FUR-FU-10000320,Furniture,24.05,9.00,7.21
US-2017-162208,27-08-2017,SP-20620,OFF-EN-10004030,Office Supplies,2.90,1.00,0.98
CA-2015-130659,04-12-2015,MS-17365,OFF-EN-10004147,Office Supplies,17.94,3.00,8.79
CA-2015-130659,04-12-2015,MS-17365,FUR-CH-10003535,Furniture,384.17,7.00,29.88
CA-2015-130659,04-12-2015,MS-17365,TEC-PH-10004586,Technology,1799.75,5.00,539.93
CA-2017-148404,07-10-2017,Dp-13240,OFF-ST-10003208,Office Supplies,580.67,4.00,65.33
CA-2017-148404,07-10-2017,Dp-13240,OFF-FA-10003112,Office Supplies,18.94,3.00,5.92
CA-2017-148404,07-10-2017,Dp-13240,TEC-PH-10004447,Technology,222.38,2.00,16.68
CA-2017-148404,07-10-2017,Dp-13240,OFF-BI-10002854,Office Supplies,50.45,6.00,-33.64
CA-2017-148404,07-10-2017,Dp-13240,FUR-TA-10001039,Furniture,154.76,3.00,-36.11
CA-2017-101077,25-03-2017,DB-13660,OFF-PA-10004239,Office Supplies,6.85,2.00,2.14
CA-2014-166471,09-08-2014,MG-17650,TEC-PH-10001530,Technology,1091.17,4.00,68.20
CA-2014-166471,09-08-2014,MG-17650,TEC-PH-10000038,Technology,219.17,2.00,-43.83
CA-2014-105340,22-11-2014,EH-14185,OFF-BI-10001765,Office Supplies,6.93,1.00,-11.08
US-2017-131583,10-06-2017,CL-11890,OFF-PA-10000380,Office Supplies,40.03,6.00,15.01
US-2017-148362,01-07-2017,KF-16285,OFF-ST-10001128,Office Supplies,443.92,4.00,13.32
US-2017-148362,01-07-2017,KF-16285,OFF-BI-10003656,Office Supplies,169.99,1.00,78.20
US-2017-148362,01-07-2017,KF-16285,OFF-PA-10003441,Office Supplies,25.92,4.00,12.44
CA-2014-102274,21-11-2014,DH-13075,TEC-PH-10002923,Technology,36.99,1.00,9.99
CA-2014-102274,21-11-2014,DH-13075,OFF-PA-10004359,Office Supplies,629.10,6.00,301.97
CA-2014-102274,21-11-2014,DH-13075,OFF-ST-10001511,Office Supplies,193.95,3.00,9.70
CA-2014-102274,21-11-2014,DH-13075,OFF-AR-10002833,Office Supplies,5.46,3.00,1.47
CA-2015-129700,04-05-2015,LA-16780,FUR-FU-10001940,Furniture,22.29,7.00,-8.92
CA-2017-168739,29-05-2017,HZ-14950,FUR-FU-10003919,Furniture,65.42,4.00,-52.34
CA-2015-152527,17-10-2015,CM-12190,OFF-ST-10003479,Office Supplies,77.88,2.00,3.89
US-2014-150119,23-04-2014,LB-16795,FUR-CH-10002965,Furniture,281.37,2.00,-12.06
US-2014-150119,23-04-2014,LB-16795,OFF-BI-10000145,Office Supplies,7.49,8.00,-5.24
US-2014-150119,23-04-2014,LB-16795,FUR-FU-10002191,Furniture,22.34,4.00,7.82
US-2017-150847,30-04-2017,JF-15490,OFF-PA-10004451,Office Supplies,10.37,2.00,3.63
CA-2016-100244,20-09-2016,GM-14695,OFF-PA-10001471,Office Supplies,65.79,9.00,30.26
CA-2016-100244,20-09-2016,GM-14695,OFF-BI-10003656,Office Supplies,271.98,2.00,88.39
CA-2016-100244,20-09-2016,GM-14695,OFF-AR-10000940,Office Supplies,11.76,4.00,3.18
CA-2016-100244,20-09-2016,GM-14695,OFF-PA-10002319,Office Supplies,77.52,2.00,37.98
CA-2016-100244,20-09-2016,GM-14695,OFF-BI-10000977,Office Supplies,48.64,2.00,15.81
CA-2016-116540,02-09-2016,SS-20590,OFF-FA-10002676,Office Supplies,1.81,1.00,0.65
CA-2016-116540,02-09-2016,SS-20590,OFF-BI-10004970,Office Supplies,8.26,2.00,3.88
CA-2015-151841,27-04-2015,TC-21475,OFF-AP-10003971,Office Supplies,43.56,5.00,3.27
CA-2015-151841,27-04-2015,TC-21475,OFF-SU-10001574,Office Supplies,5.84,2.00,0.73
CA-2015-150791,06-09-2015,CC-12430,FUR-CH-10000665,Furniture,271.76,2.00,60.39
CA-2016-134803,28-05-2016,CL-12565,OFF-AP-10000891,Office Supplies,262.24,2.00,78.67
CA-2016-134803,28-05-2016,CL-12565,OFF-PA-10003790,Office Supplies,182.72,8.00,84.05
CA-2016-134803,28-05-2016,CL-12565,TEC-AC-10002217,Technology,131.60,7.00,7.90
CA-2016-134803,28-05-2016,CL-12565,OFF-BI-10002215,Office Supplies,22.72,4.00,7.38
CA-2016-134803,28-05-2016,CL-12565,TEC-MA-10001972,Technology,558.40,2.00,41.88
CA-2015-153381,24-09-2015,DE-13255,OFF-BI-10001525,Office Supplies,15.24,4.00,6.86
CA-2015-153381,24-09-2015,DE-13255,FUR-CH-10000988,Furniture,1408.10,10.00,394.27
US-2017-111024,03-07-2017,SZ-20035,OFF-PA-10000174,Office Supplies,32.90,4.00,11.10
US-2017-111024,03-07-2017,SZ-20035,FUR-TA-10002041,Furniture,215.15,2.00,-103.99
US-2017-111024,03-07-2017,SZ-20035,OFF-PA-10002246,Office Supplies,30.96,6.00,11.22
CA-2017-148264,08-12-2017,LF-17185,OFF-ST-10003327,Office Supplies,29.79,3.00,8.64
CA-2017-148264,08-12-2017,LF-17185,FUR-FU-10002703,Furniture,128.90,2.00,15.47
CA-2017-148264,08-12-2017,LF-17185,OFF-PA-10003651,Office Supplies,60.12,9.00,28.86
CA-2017-131212,05-12-2017,AB-10165,OFF-BI-10001617,Office Supplies,24.82,3.00,8.38
CA-2017-131212,05-12-2017,AB-10165,OFF-BI-10000145,Office Supplies,14.98,6.00,5.43
US-2015-100531,27-09-2015,NM-18520,OFF-BI-10001670,Office Supplies,15.08,2.00,-22.62
US-2015-100531,27-09-2015,NM-18520,FUR-FU-10003849,Furniture,24.29,3.00,-12.75
CA-2017-152583,30-10-2017,RA-19945,FUR-FU-10003849,Furniture,16.19,2.00,-8.50
CA-2017-152583,30-10-2017,RA-19945,FUR-TA-10002041,Furniture,251.01,2.00,-68.13
CA-2017-152583,30-10-2017,RA-19945,OFF-ST-10002214,Office Supplies,54.19,6.00,4.06
CA-2015-144099,29-11-2015,PO-19195,OFF-BI-10001078,Office Supplies,4.30,1.00,1.56
CA-2014-158337,11-03-2014,KA-16525,OFF-PA-10002137,Office Supplies,108.92,14.00,49.01
CA-2017-168858,19-11-2017,JD-16150,OFF-EN-10001415,Office Supplies,16.74,3.00,8.37
CA-2017-168858,19-11-2017,JD-16150,OFF-AP-10003849,Office Supplies,2504.74,7.00,626.19
CA-2016-116344,29-07-2016,JO-15145,OFF-ST-10001713,Office Supplies,84.78,2.00,-16.96
CA-2015-131779,12-06-2015,LE-16810,OFF-ST-10001505,Office Supplies,29.90,5.00,5.08
CA-2016-158869,06-08-2016,AH-10690,OFF-PA-10000474,Office Supplies,70.88,2.00,33.31
CA-2017-102554,11-06-2017,KN-16705,OFF-AR-10001919,Office Supplies,3.76,2.00,1.09
CA-2016-162614,07-10-2016,TB-21250,OFF-BI-10004001,Office Supplies,27.26,2.00,8.86
CA-2014-168592,08-09-2014,DP-13390,OFF-AP-10004785,Office Supplies,56.65,5.00,24.36
CA-2014-168592,08-09-2014,DP-13390,OFF-ST-10002406,Office Supplies,14.97,1.00,4.19
CA-2014-168592,08-09-2014,DP-13390,OFF-FA-10002988,Office Supplies,4.02,2.00,1.97
CA-2014-157609,16-03-2014,KN-16705,TEC-PH-10002415,Technology,471.92,2.00,29.50
CA-2015-153325,01-03-2015,ST-20530,OFF-BI-10004236,Office Supplies,58.72,4.00,27.01
CA-2015-153626,09-07-2015,EB-13870,OFF-AR-10000657,Office Supplies,5.16,3.00,0.84
CA-2016-166485,20-02-2016,AH-10210,OFF-PA-10004996,Office Supplies,16.50,2.00,5.57
CA-2017-136448,16-09-2017,AS-10090,TEC-AC-10001109,Technology,71.98,3.00,19.79
CA-2017-136448,16-09-2017,AS-10090,FUR-FU-10003832,Furniture,22.51,3.00,2.25
CA-2017-136448,16-09-2017,AS-10090,OFF-BI-10002393,Office Supplies,3.44,2.00,-2.76
CA-2017-136448,16-09-2017,AS-10090,OFF-BI-10001359,Office Supplies,538.19,2.00,-412.62
CA-2017-136448,16-09-2017,AS-10090,TEC-AC-10003628,Technology,47.98,2.00,14.40
CA-2017-114258,05-11-2017,EM-13825,TEC-PH-10003012,Technology,492.77,4.00,55.44
CA-2015-152611,20-02-2015,KA-16525,OFF-AR-10003903,Office Supplies,286.79,7.00,74.57
CA-2016-165470,25-11-2016,HJ-14875,OFF-PA-10004675,Office Supplies,5.08,1.00,1.65
CA-2017-128699,03-12-2017,ND-18370,TEC-AC-10001990,Technology,47.99,1.00,7.20
US-2015-147242,10-09-2015,EH-13765,OFF-AP-10003842,Office Supplies,61.96,2.00,16.11
US-2015-147242,10-09-2015,EH-13765,FUR-BO-10004695,Furniture,361.96,2.00,83.25
US-2015-147242,10-09-2015,EH-13765,OFF-PA-10003039,Office Supplies,278.82,9.00,125.47
CA-2016-146143,14-12-2016,MC-17845,FUR-FU-10002045,Furniture,133.38,6.00,58.69
CA-2015-100888,06-04-2015,MH-17455,OFF-PA-10001019,Office Supplies,47.95,3.00,16.18
US-2016-150035,01-12-2016,CL-11890,FUR-FU-10003724,Furniture,16.74,2.00,4.35
CA-2017-122644,12-11-2017,SF-20965,OFF-PA-10003673,Office Supplies,10.85,2.00,3.53
CA-2017-122644,12-11-2017,SF-20965,TEC-AC-10003614,Technology,18.54,2.00,3.01
CA-2017-111815,03-03-2017,EP-13915,FUR-CH-10000785,Furniture,180.98,1.00,47.05
CA-2017-111815,03-03-2017,EP-13915,TEC-AC-10002926,Technology,99.98,2.00,42.99
CA-2016-144911,27-11-2016,RW-19630,TEC-AC-10004633,Technology,34.95,5.00,15.38
CA-2016-144911,27-11-2016,RW-19630,OFF-BI-10000977,Office Supplies,152.00,5.00,69.92
CA-2014-143385,31-08-2014,SJ-20500,TEC-AC-10001635,Technology,92.52,9.00,18.50
CA-2016-131289,08-12-2016,SP-20620,OFF-AR-10003056,Office Supplies,8.56,2.00,2.48
CA-2016-131289,08-12-2016,SP-20620,OFF-PA-10003363,Office Supplies,45.36,7.00,21.77
CA-2016-131289,08-12-2016,SP-20620,FUR-TA-10003954,Furniture,1421.66,6.00,-195.48
CA-2014-124023,07-04-2014,PJ-19015,FUR-FU-10004415,Furniture,8.96,2.00,2.78
CA-2014-124688,27-08-2014,CC-12610,TEC-PH-10000455,Technology,579.95,5.00,168.19
CA-2014-124688,27-08-2014,CC-12610,FUR-FU-10002456,Furniture,29.12,4.00,12.52
CA-2014-124688,27-08-2014,CC-12610,FUR-TA-10003569,Furniture,1202.94,3.00,300.74
CA-2016-151169,21-10-2016,MY-18295,OFF-BI-10002813,Office Supplies,7.92,4.00,3.56
US-2016-134761,30-11-2016,DB-13210,TEC-PH-10002890,Technology,36.19,1.00,2.71
CA-2017-120705,05-09-2017,MG-17875,OFF-ST-10001522,Office Supplies,147.18,2.00,-29.44
CA-2015-157322,02-07-2015,RH-19600,FUR-CH-10004086,Furniture,408.42,2.00,-5.83
CA-2015-157322,02-07-2015,RH-19600,FUR-CH-10003774,Furniture,382.12,6.00,-92.80
CA-2015-157322,02-07-2015,RH-19600,OFF-ST-10004507,Office Supplies,68.60,5.00,6.00
CA-2015-157322,02-07-2015,RH-19600,OFF-ST-10003208,Office Supplies,435.50,3.00,48.99
CA-2015-157322,02-07-2015,RH-19600,OFF-PA-10000659,Office Supplies,11.17,2.00,3.77
CA-2017-142034,24-09-2017,KB-16240,TEC-AC-10002305,Technology,72.00,4.00,12.96
CA-2017-142034,24-09-2017,KB-16240,TEC-AC-10000990,Technology,655.90,5.00,275.48
CA-2017-142034,24-09-2017,KB-16240,FUR-CH-10000665,Furniture,603.92,4.00,181.18
CA-2016-107328,08-08-2016,CA-12055,FUR-TA-10001932,Furniture,513.02,2.00,12.83
CA-2016-107328,08-08-2016,CA-12055,OFF-AP-10004487,Office Supplies,487.92,6.00,136.62
CA-2016-107328,08-08-2016,CA-12055,OFF-BI-10002160,Office Supplies,15.24,5.00,5.33
CA-2016-108616,29-09-2016,JK-15730,TEC-AC-10000420,Technology,209.97,3.00,71.39
CA-2016-108616,29-09-2016,JK-15730,OFF-BI-10001989,Office Supplies,62.94,3.00,30.21
CA-2016-108616,29-09-2016,JK-15730,OFF-AR-10001149,Office Supplies,25.92,9.00,7.78
CA-2017-125115,10-04-2017,RD-19930,OFF-PA-10004101,Office Supplies,10.37,2.00,3.63
CA-2017-125115,10-04-2017,RD-19930,TEC-AC-10001714,Technology,95.74,3.00,20.34
CA-2016-150945,18-12-2016,JK-16120,OFF-ST-10003716,Office Supplies,900.08,4.00,117.01
CA-2014-166863,20-06-2014,SC-20020,TEC-PH-10000369,Technology,201.58,2.00,20.16
CA-2014-166863,20-06-2014,SC-20020,OFF-BI-10000756,Office Supplies,3.39,4.00,-5.09
CA-2014-166863,20-06-2014,SC-20020,FUR-BO-10001608,Furniture,193.07,4.00,-19.87
CA-2014-166863,20-06-2014,SC-20020,OFF-PA-10001166,Office Supplies,15.55,3.00,5.44
CA-2014-166863,20-06-2014,SC-20020,OFF-PA-10000587,Office Supplies,11.65,2.00,4.08
CA-2014-166863,20-06-2014,SC-20020,TEC-MA-10001972,Technology,418.80,2.00,-97.72
CA-2014-166863,20-06-2014,SC-20020,OFF-ST-10004123,Office Supplies,509.49,7.00,-127.37
CA-2017-140326,04-09-2017,HW-14935,FUR-BO-10000112,Furniture,825.17,9.00,-117.88
CA-2017-140326,04-09-2017,HW-14935,OFF-PA-10004041,Office Supplies,17.76,3.00,5.55
CA-2017-140326,04-09-2017,HW-14935,OFF-AR-10001149,Office Supplies,6.91,3.00,0.86
CA-2016-168536,20-12-2016,SC-20800,TEC-AC-10002323,Technology,66.30,3.00,8.62
US-2016-113649,09-08-2016,HA-14920,OFF-PA-10000130,Office Supplies,30.82,9.00,9.63
US-2016-113649,09-08-2016,HA-14920,TEC-PH-10002350,Technology,44.78,2.00,4.48
US-2016-113649,09-08-2016,HA-14920,OFF-AP-10002518,Office Supplies,569.54,4.00,64.07
CA-2015-124975,22-06-2015,MG-17875,FUR-TA-10002645,Furniture,796.43,7.00,-525.64
CA-2015-168767,10-04-2015,DM-12955,OFF-BI-10000773,Office Supplies,12.83,2.00,4.33
CA-2016-114482,21-11-2016,DM-13345,OFF-PA-10003845,Office Supplies,40.46,7.00,19.83
CA-2016-114482,21-11-2016,DM-13345,TEC-PH-10001580,Technology,404.94,3.00,109.33
CA-2016-137673,05-09-2016,ML-17395,TEC-AC-10002345,Technology,116.00,8.00,29.00
CA-2016-132731,24-11-2016,GA-14515,TEC-PH-10004120,Technology,657.55,6.00,49.32
CA-2017-148922,10-12-2017,SU-20665,TEC-AC-10001838,Technology,599.97,3.00,257.99
CA-2017-148922,10-12-2017,SU-20665,TEC-PH-10000148,Technology,38.97,3.00,0.78
CA-2017-148922,10-12-2017,SU-20665,OFF-BI-10003476,Office Supplies,45.84,8.00,22.00
CA-2016-130680,24-06-2016,BD-11320,TEC-PH-10004833,Technology,38.24,4.00,-9.56
CA-2015-141145,17-09-2015,DB-13405,TEC-AC-10001465,Technology,87.17,3.00,10.90
US-2016-152835,19-05-2016,RP-19855,OFF-AR-10003056,Office Supplies,21.40,5.00,6.21
CA-2016-155565,28-05-2016,EH-13765,OFF-SU-10001218,Office Supplies,54.90,5.00,15.37
CA-2014-110849,18-04-2014,JL-15835,TEC-MA-10002859,Technology,287.97,4.00,97.19
CA-2014-110849,18-04-2014,JL-15835,OFF-AR-10002375,Office Supplies,13.12,4.00,3.80
CA-2014-110849,18-04-2014,JL-15835,OFF-AR-10000657,Office Supplies,10.75,5.00,3.55
CA-2014-110849,18-04-2014,JL-15835,OFF-FA-10000134,Office Supplies,11.62,2.00,3.60
CA-2016-145842,17-06-2016,FM-14380,OFF-ST-10000419,Office Supplies,40.74,3.00,0.41
CA-2014-158771,09-05-2014,SB-20290,OFF-ST-10000107,Office Supplies,83.25,3.00,14.99
CA-2014-158771,09-05-2014,SB-20290,OFF-LA-10001641,Office Supplies,9.45,3.00,4.54
CA-2014-158771,09-05-2014,SB-20290,OFF-LA-10003121,Office Supplies,20.65,5.00,9.50
CA-2014-158771,09-05-2014,SB-20290,OFF-PA-10002689,Office Supplies,45.36,7.00,21.77
CA-2016-157511,18-09-2016,SV-20365,FUR-FU-10002107,Furniture,5.35,3.00,1.61
CA-2016-157511,18-09-2016,SV-20365,FUR-CH-10002647,Furniture,99.37,2.00,-7.10
CA-2016-157511,18-09-2016,SV-20365,OFF-AR-10002257,Office Supplies,2.67,1.00,0.37
CA-2017-121216,23-12-2017,MM-17920,OFF-PA-10004519,Office Supplies,28.67,8.00,10.39
CA-2017-121216,23-12-2017,MM-17920,OFF-AP-10001947,Office Supplies,29.31,8.00,-74.75
CA-2017-155292,30-10-2017,RD-19810,OFF-ST-10004963,Office Supplies,105.98,7.00,4.24
CA-2017-155292,30-10-2017,RD-19810,OFF-SU-10002573,Office Supplies,35.06,2.00,10.52
CA-2017-155292,30-10-2017,RD-19810,FUR-CH-10000553,Furniture,33.94,1.00,9.16
CA-2017-155292,30-10-2017,RD-19810,OFF-LA-10001982,Office Supplies,30.00,8.00,14.40
CA-2016-152555,29-03-2016,ME-17320,OFF-PA-10001295,Office Supplies,45.53,3.00,15.93
CA-2016-152555,29-03-2016,ME-17320,FUR-CH-10002965,Furniture,844.12,6.00,-36.18
CA-2016-152555,29-03-2016,ME-17320,TEC-PH-10001254,Technology,812.74,8.00,60.96
CA-2017-107832,23-11-2017,FH-14275,OFF-BI-10001658,Office Supplies,7.48,1.00,-5.98
CA-2014-120838,23-03-2014,PO-18865,OFF-ST-10000585,Office Supplies,330.40,2.00,85.90
CA-2014-120838,23-03-2014,PO-18865,TEC-PH-10003484,Technology,604.75,6.00,37.80
CA-2017-118542,01-12-2017,CC-12550,OFF-PA-10004735,Office Supplies,45.36,7.00,21.77
CA-2017-118542,01-12-2017,CC-12550,OFF-BI-10003429,Office Supplies,10.13,2.00,3.67
CA-2017-152737,07-11-2017,TS-21505,OFF-BI-10002982,Office Supplies,21.79,4.00,7.63
CA-2017-152737,07-11-2017,TS-21505,TEC-AC-10004975,Technology,439.80,4.00,145.13
CA-2017-109757,04-09-2017,MD-17350,OFF-AR-10002335,Office Supplies,8.26,4.00,0.62
CA-2017-109757,04-09-2017,MD-17350,OFF-BI-10004001,Office Supplies,25.56,5.00,-20.45
CA-2017-109757,04-09-2017,MD-17350,OFF-BI-10001634,Office Supplies,4.37,2.00,-3.06
CA-2017-109757,04-09-2017,MD-17350,OFF-PA-10000007,Office Supplies,11.52,4.00,3.74
CA-2016-130029,03-07-2016,GT-14755,OFF-PA-10000552,Office Supplies,12.96,2.00,6.22
CA-2016-130029,03-07-2016,GT-14755,OFF-FA-10001135,Office Supplies,3.96,2.00,0.08
CA-2017-103877,07-09-2017,RD-19660,OFF-BI-10003650,Office Supplies,1577.94,3.00,757.41
CA-2016-137176,09-09-2016,DB-12910,FUR-FU-10003832,Furniture,15.01,4.00,-12.01
CA-2017-168109,03-07-2017,JK-15640,TEC-AC-10003628,Technology,59.98,2.00,26.39
CA-2017-168109,03-07-2017,JK-15640,TEC-MA-10001148,Technology,2395.20,6.00,209.58
CA-2017-168109,03-07-2017,JK-15640,TEC-AC-10002049,Technology,1687.80,4.00,742.63
CA-2017-168109,03-07-2017,JK-15640,TEC-PH-10000702,Technology,7.99,1.00,2.70
US-2017-126081,29-06-2017,FC-14335,OFF-PA-10003953,Office Supplies,5.18,1.00,1.81
CA-2017-117023,07-08-2017,JW-15955,OFF-AR-10003602,Office Supplies,11.68,2.00,5.49
CA-2017-117023,07-08-2017,JW-15955,OFF-AR-10004062,Office Supplies,104.80,10.00,26.20
CA-2015-143532,19-03-2015,DC-12850,OFF-PA-10001560,Office Supplies,14.50,3.00,4.89
CA-2016-103163,07-06-2016,FM-14290,OFF-BI-10003305,Office Supplies,4.78,1.00,1.55
CA-2016-103163,07-06-2016,FM-14290,OFF-PA-10004000,Office Supplies,4.73,1.00,2.32
CA-2016-104157,25-07-2016,MT-17815,OFF-ST-10000321,Office Supplies,7.89,1.00,0.32
CA-2016-104157,25-07-2016,MT-17815,OFF-PA-10004665,Office Supplies,65.50,5.00,32.10
CA-2016-104157,25-07-2016,MT-17815,FUR-TA-10004915,Furniture,2430.08,8.00,388.81
CA-2017-117807,01-10-2017,DK-13090,OFF-PA-10000994,Office Supplies,104.85,1.00,50.33
CA-2015-121650,10-12-2015,KD-16495,OFF-AR-10001149,Office Supplies,3.90,2.00,1.52
CA-2015-121650,10-12-2015,KD-16495,FUR-TA-10003569,Furniture,801.96,2.00,200.49
CA-2015-121650,10-12-2015,KD-16495,FUR-CH-10004289,Furniture,191.96,2.00,32.63
CA-2015-121650,10-12-2015,KD-16495,OFF-LA-10001045,Office Supplies,2.61,1.00,1.20
CA-2017-161823,03-09-2017,AG-10300,OFF-AR-10002053,Office Supplies,5.96,2.00,1.67
CA-2017-121839,24-09-2017,MH-18115,TEC-PH-10002885,Technology,1169.69,3.00,-253.43
CA-2017-158729,19-12-2017,AC-10450,OFF-SU-10002881,Office Supplies,1665.62,2.00,33.31
CA-2017-146535,24-11-2017,FM-14290,OFF-BI-10000546,Office Supplies,2.88,1.00,1.41
CA-2017-146535,24-11-2017,FM-14290,OFF-ST-10001526,Office Supplies,1443.96,12.00,375.43
CA-2014-154186,13-12-2014,RA-19285,OFF-SU-10001574,Office Supplies,2.92,1.00,0.37
CA-2016-108434,05-12-2016,JG-15160,OFF-ST-10002615,Office Supplies,465.18,3.00,120.95
CA-2016-164154,11-09-2016,NZ-18565,OFF-BI-10001658,Office Supplies,22.43,3.00,-17.94
CA-2016-164154,11-09-2016,NZ-18565,OFF-ST-10002562,Office Supplies,37.52,5.00,3.75
CA-2017-148012,09-12-2017,KM-16225,OFF-AR-10004757,Office Supplies,2.62,1.00,0.43
CA-2014-102869,09-09-2014,LC-17140,OFF-PA-10000788,Office Supplies,15.55,3.00,5.44
CA-2014-102869,09-09-2014,LC-17140,TEC-AC-10002134,Technology,64.70,6.00,-4.85
CA-2014-102869,09-09-2014,LC-17140,FUR-FU-10002456,Furniture,17.47,3.00,5.02
CA-2014-102869,09-09-2014,LC-17140,TEC-PH-10002549,Technology,135.52,1.00,-31.62
CA-2017-138310,26-06-2017,NP-18700,TEC-AC-10001990,Technology,431.93,9.00,64.79
CA-2014-159835,17-11-2014,RB-19330,OFF-PA-10002137,Office Supplies,12.45,2.00,3.89
CA-2014-159835,17-11-2014,RB-19330,FUR-CH-10004997,Furniture,657.93,5.00,-93.99
CA-2017-112956,21-08-2017,TH-21550,OFF-PA-10000357,Office Supplies,277.40,5.00,133.15
CA-2017-112956,21-08-2017,TH-21550,FUR-FU-10003976,Furniture,25.16,2.00,8.55
CA-2017-112956,21-08-2017,TH-21550,FUR-FU-10004960,Furniture,91.92,4.00,31.25
CA-2016-119683,12-03-2016,CK-12595,OFF-EN-10001099,Office Supplies,29.34,3.00,13.50
CA-2014-163559,23-09-2014,ST-20530,OFF-BI-10002026,Office Supplies,139.44,3.00,47.06
CA-2014-140228,28-04-2014,GB-14530,OFF-LA-10001613,Office Supplies,6.91,3.00,2.51
CA-2014-140228,28-04-2014,GB-14530,OFF-ST-10002214,Office Supplies,27.10,3.00,2.03
CA-2014-140228,28-04-2014,GB-14530,OFF-ST-10001128,Office Supplies,177.57,2.00,-37.73
US-2016-131674,29-11-2016,NC-18535,TEC-AC-10004864,Technology,58.42,2.00,16.79
CA-2015-110093,03-12-2015,AB-10255,OFF-PA-10000174,Office Supplies,16.45,2.00,5.55
CA-2015-110093,03-12-2015,AB-10255,TEC-AC-10000171,Technology,36.78,2.00,10.58
CA-2017-112529,19-11-2017,SC-20770,FUR-TA-10002622,Furniture,718.12,6.00,-71.81
CA-2017-112529,19-11-2017,SC-20770,OFF-AR-10001915,Office Supplies,31.78,4.00,8.74
CA-2016-154536,05-09-2016,JC-15340,OFF-BI-10004410,Office Supplies,9.56,5.00,-7.33
CA-2017-141929,04-09-2017,RA-19285,OFF-BI-10004632,Office Supplies,487.98,2.00,152.50
CA-2017-141929,04-09-2017,RA-19285,TEC-PH-10002185,Technology,5.56,1.00,1.74
CA-2017-141929,04-09-2017,RA-19285,OFF-ST-10002974,Office Supplies,217.85,5.00,65.36
CA-2016-109743,22-09-2016,SH-19975,OFF-AR-10003727,Office Supplies,40.78,3.00,4.59
CA-2016-109743,22-09-2016,SH-19975,TEC-PH-10004071,Technology,63.94,8.00,5.59
CA-2014-159184,14-09-2014,JC-15775,FUR-FU-10002878,Furniture,142.40,5.00,52.69
CA-2014-159184,14-09-2014,JC-15775,OFF-BI-10001890,Office Supplies,7.16,2.00,3.44
CA-2017-113530,19-05-2017,BC-11125,FUR-CH-10002647,Furniture,681.41,12.00,42.59
CA-2017-113530,19-05-2017,BC-11125,OFF-AR-10001315,Office Supplies,3.52,2.00,1.02
CA-2017-113530,19-05-2017,BC-11125,OFF-AR-10000122,Office Supplies,5.58,1.00,1.40
CA-2017-113530,19-05-2017,BC-11125,TEC-AC-10001465,Technology,36.32,1.00,10.90
CA-2014-169726,09-08-2014,JH-15985,OFF-BI-10004600,Office Supplies,2060.74,7.00,643.98
CA-2017-155957,26-11-2017,CC-12610,OFF-AP-10002082,Office Supplies,52.27,3.00,9.80
CA-2017-155957,26-11-2017,CC-12610,OFF-AP-10004708,Office Supplies,213.14,7.00,23.98
CA-2017-132178,03-05-2017,DB-12970,OFF-ST-10000464,Office Supplies,69.52,2.00,19.47
CA-2017-132178,03-05-2017,DB-12970,OFF-ST-10000025,Office Supplies,763.44,8.00,45.81
CA-2016-145177,10-11-2016,PP-18955,OFF-LA-10001613,Office Supplies,9.22,4.00,3.34
CA-2016-145177,10-11-2016,PP-18955,TEC-PH-10000376,Technology,41.96,7.00,-9.79
CA-2016-145177,10-11-2016,PP-18955,OFF-PA-10004039,Office Supplies,89.57,2.00,32.47
CA-2016-145177,10-11-2016,PP-18955,OFF-PA-10001776,Office Supplies,22.25,3.00,7.51
CA-2016-145177,10-11-2016,PP-18955,OFF-AP-10002457,Office Supplies,334.88,4.00,29.30
CA-2016-145177,10-11-2016,PP-18955,FUR-FU-10000758,Furniture,148.29,7.00,29.66
CA-2016-145177,10-11-2016,PP-18955,OFF-PA-10000682,Office Supplies,4.62,1.00,1.68
CA-2016-145177,10-11-2016,PP-18955,TEC-AC-10002550,Technology,178.92,7.00,-29.07
CA-2016-145177,10-11-2016,PP-18955,OFF-BI-10002082,Office Supplies,69.89,7.00,-46.59
CA-2014-156594,20-12-2014,MC-17845,OFF-BI-10004632,Office Supplies,487.98,2.00,152.50
CA-2014-156594,20-12-2014,MC-17845,OFF-AR-10001725,Office Supplies,47.30,2.00,12.30
CA-2014-156594,20-12-2014,MC-17845,OFF-AR-10004269,Office Supplies,4.13,1.00,1.16
CA-2014-156594,20-12-2014,MC-17845,OFF-BI-10003007,Office Supplies,155.12,5.00,50.41
CA-2014-146528,25-07-2014,VF-21715,OFF-PA-10002195,Office Supplies,6.48,1.00,3.18
CA-2014-146528,25-07-2014,VF-21715,OFF-SU-10002522,Office Supplies,15.52,4.00,4.50
CA-2015-168459,22-11-2015,MC-17275,OFF-BI-10003712,Office Supplies,2.95,2.00,-2.06
CA-2015-168459,22-11-2015,MC-17275,OFF-FA-10004854,Office Supplies,55.10,6.00,18.60
CA-2017-109960,09-12-2017,DB-13210,TEC-AC-10004859,Technology,104.88,6.00,41.95
CA-2017-109960,09-12-2017,DB-13210,OFF-AR-10001860,Office Supplies,34.70,5.00,12.49
CA-2017-109960,09-12-2017,DB-13210,OFF-BI-10001636,Office Supplies,33.72,4.00,15.51
CA-2017-109960,09-12-2017,DB-13210,OFF-PA-10000349,Office Supplies,14.94,3.00,7.02
CA-2017-133004,31-08-2017,AJ-10945,OFF-AP-10002439,Office Supplies,638.73,9.00,166.07
CA-2017-168102,24-04-2017,CP-12340,OFF-ST-10001370,Office Supplies,113.57,2.00,-21.29
CA-2017-158036,08-09-2017,DB-13555,TEC-AC-10002558,Technology,9.10,1.00,1.71
CA-2015-128083,12-03-2015,EB-13750,OFF-EN-10004030,Office Supplies,8.69,3.00,2.93
CA-2015-128083,12-03-2015,EB-13750,FUR-FU-10003194,Furniture,30.88,4.00,3.86
CA-2015-128083,12-03-2015,EB-13750,FUR-FU-10001731,Furniture,6.41,3.00,1.44
CA-2016-161676,18-07-2016,JP-15460,OFF-SU-10004782,Office Supplies,33.80,5.00,4.23
CA-2016-155005,13-06-2016,SC-20050,TEC-PH-10003484,Technology,377.97,3.00,94.49
US-2017-129777,03-07-2017,FM-14290,TEC-AC-10003590,Technology,258.90,10.00,93.20
US-2017-129777,03-07-2017,FM-14290,OFF-PA-10001970,Office Supplies,24.56,2.00,11.54
CA-2014-129364,08-12-2014,TB-21250,OFF-LA-10001569,Office Supplies,27.89,7.00,9.06
CA-2014-129364,08-12-2014,TB-21250,OFF-BI-10001132,Office Supplies,6.46,4.00,-4.52
CA-2014-129364,08-12-2014,TB-21250,TEC-PH-10003095,Technology,52.68,3.00,19.76
CA-2014-129364,08-12-2014,TB-21250,OFF-SU-10000432,Office Supplies,13.88,5.00,-2.60
CA-2014-129364,08-12-2014,TB-21250,TEC-AC-10004227,Technology,103.92,10.00,-18.19
CA-2014-129364,08-12-2014,TB-21250,OFF-LA-10004409,Office Supplies,11.52,5.00,3.74
CA-2014-129364,08-12-2014,TB-21250,OFF-PA-10001569,Office Supplies,10.37,2.00,3.63
CA-2014-129364,08-12-2014,TB-21250,OFF-ST-10001031,Office Supplies,39.07,3.00,2.93
CA-2016-104969,08-04-2016,EH-14125,OFF-EN-10002312,Office Supplies,8.87,1.00,3.22
CA-2016-104969,08-04-2016,EH-14125,OFF-BI-10004224,Office Supplies,121.10,6.00,-100.92
CA-2017-154109,06-11-2017,ML-17410,FUR-CH-10003774,Furniture,127.37,2.00,-30.93
CA-2017-154109,06-11-2017,ML-17410,OFF-PA-10000157,Office Supplies,47.95,3.00,16.18
CA-2015-156440,05-12-2015,MH-17620,FUR-FU-10004090,Furniture,44.46,2.00,14.67
CA-2015-132626,09-07-2015,BT-11680,OFF-FA-10002763,Office Supplies,15.80,4.00,5.06
CA-2015-132626,09-07-2015,BT-11680,TEC-MA-10002428,Technology,464.97,3.00,209.24
CA-2015-132626,09-07-2015,BT-11680,FUR-FU-10002918,Furniture,181.96,2.00,20.02
CA-2015-132626,09-07-2015,BT-11680,OFF-LA-10000476,Office Supplies,12.39,3.00,5.70
CA-2015-132626,09-07-2015,BT-11680,OFF-BI-10002854,Office Supplies,84.09,3.00,42.05
CA-2015-132626,09-07-2015,BT-11680,OFF-AR-10002987,Office Supplies,79.36,4.00,32.54
CA-2015-132626,09-07-2015,BT-11680,OFF-BI-10004001,Office Supplies,153.36,9.00,70.55
CA-2015-132626,09-07-2015,BT-11680,OFF-BI-10001634,Office Supplies,43.68,6.00,21.40
CA-2015-132626,09-07-2015,BT-11680,OFF-ST-10003722,Office Supplies,98.21,7.00,28.48
CA-2016-102792,13-12-2016,JC-15340,OFF-AR-10004757,Office Supplies,9.84,3.00,3.25
CA-2016-108567,20-05-2016,DB-13210,OFF-BI-10004140,Office Supplies,2.69,2.00,-2.25
CA-2017-140760,02-06-2017,DO-13435,OFF-PA-10002479,Office Supplies,25.34,6.00,7.92
CA-2017-140760,02-06-2017,DO-13435,OFF-EN-10001141,Office Supplies,43.92,5.00,15.92
US-2015-131359,30-10-2015,FA-14230,TEC-MA-10000597,Technology,59.99,2.00,-46.00
US-2015-131359,30-10-2015,FA-14230,TEC-CO-10001571,Technology,439.99,1.00,165.00
US-2015-131359,30-10-2015,FA-14230,TEC-PH-10004531,Technology,87.96,5.00,30.79
US-2015-131359,30-10-2015,FA-14230,FUR-FU-10003026,Furniture,15.49,4.00,3.68
CA-2016-142097,15-10-2016,QJ-19255,OFF-BI-10002082,Office Supplies,232.96,7.00,116.48
CA-2016-142097,15-10-2016,QJ-19255,OFF-EN-10002312,Office Supplies,66.54,6.00,32.60
CA-2016-142097,15-10-2016,QJ-19255,OFF-AP-10000696,Office Supplies,43.26,3.00,14.28
CA-2015-151680,19-11-2015,TC-21475,FUR-FU-10000305,Furniture,141.96,2.00,22.71
CA-2014-140039,13-09-2014,ON-18715,OFF-ST-10001034,Office Supplies,79.40,5.00,5.96
CA-2017-160416,13-11-2017,AD-10180,TEC-AC-10004114,Technology,163.96,4.00,70.50
CA-2017-169411,24-12-2017,AC-10615,FUR-FU-10001602,Furniture,37.93,1.00,6.83
CA-2016-126543,09-01-2016,MF-17665,FUR-FU-10002445,Furniture,15.17,2.00,3.79
CA-2015-104941,13-06-2015,DH-13075,OFF-AR-10004269,Office Supplies,24.78,6.00,6.94
CA-2015-104941,13-06-2015,DH-13075,OFF-BI-10001249,Office Supplies,19.14,3.00,8.80
CA-2015-104941,13-06-2015,DH-13075,TEC-CO-10004202,Technology,899.97,3.00,314.99
CA-2015-104941,13-06-2015,DH-13075,OFF-PA-10003363,Office Supplies,32.40,5.00,15.55
CA-2017-160087,18-03-2017,EN-13780,OFF-AR-10001915,Office Supplies,23.83,3.00,6.55
CA-2014-120544,23-11-2014,SS-20140,FUR-FU-10001940,Furniture,6.37,2.00,-2.55
CA-2014-120544,23-11-2014,SS-20140,OFF-AP-10004336,Office Supplies,34.18,3.00,-87.15
CA-2014-120544,23-11-2014,SS-20140,TEC-AC-10003709,Technology,5.54,7.00,1.66
CA-2017-113670,15-10-2017,RS-19765,FUR-TA-10001705,Furniture,510.24,3.00,6.38
CA-2017-113670,15-10-2017,RS-19765,OFF-PA-10000675,Office Supplies,204.95,5.00,100.43
CA-2017-166198,21-04-2017,JW-15955,TEC-AC-10000521,Technology,11.54,1.00,3.46
CA-2017-166198,21-04-2017,JW-15955,FUR-FU-10004622,Furniture,162.60,3.00,34.15
CA-2014-135608,08-12-2014,JK-15625,OFF-PA-10001954,Office Supplies,45.68,2.00,21.01
CA-2014-135608,08-12-2014,JK-15625,FUR-CH-10002602,Furniture,603.92,5.00,45.29
CA-2017-144568,29-05-2017,JO-15550,OFF-FA-10004395,Office Supplies,23.55,5.00,1.18
CA-2016-142370,19-09-2016,TP-21130,OFF-SU-10003002,Office Supplies,5.04,2.00,0.15
CA-2016-142370,19-09-2016,TP-21130,TEC-AC-10002926,Technology,249.95,5.00,107.48
CA-2016-105900,17-09-2016,BS-11590,OFF-AR-10002656,Office Supplies,33.40,5.00,12.36
CA-2016-151155,20-12-2016,AB-10255,FUR-FU-10001918,Furniture,18.92,4.00,7.38
CA-2016-151155,20-12-2016,AB-10255,OFF-BI-10003910,Office Supplies,15.42,2.00,6.94
CA-2017-144036,22-11-2017,FO-14305,OFF-AR-10000122,Office Supplies,35.71,8.00,2.23
US-2014-169789,30-12-2014,MF-17665,OFF-BI-10004600,Office Supplies,551.99,5.00,-459.99
CA-2017-127264,03-04-2017,SA-20830,OFF-AR-10003045,Office Supplies,7.06,3.00,2.21
CA-2016-151512,26-12-2016,SH-19975,OFF-AP-10000252,Office Supplies,18.72,2.00,3.51
CA-2016-165169,05-06-2016,JL-15235,OFF-ST-10001496,Office Supplies,360.38,2.00,93.70
CA-2016-165169,05-06-2016,JL-15235,OFF-AR-10000122,Office Supplies,11.16,2.00,2.79
CA-2016-165169,05-06-2016,JL-15235,OFF-LA-10000407,Office Supplies,14.94,3.00,6.87
CA-2015-109575,18-09-2015,KH-16630,OFF-ST-10004950,Office Supplies,41.96,2.00,7.97
CA-2015-109575,18-09-2015,KH-16630,OFF-ST-10004123,Office Supplies,636.86,7.00,0.00
CA-2015-109575,18-09-2015,KH-16630,TEC-PH-10000730,Technology,499.99,1.00,130.00
CA-2015-109575,18-09-2015,KH-16630,TEC-PH-10000895,Technology,1259.93,7.00,327.58
CA-2015-109575,18-09-2015,KH-16630,OFF-BI-10000962,Office Supplies,65.08,4.00,31.89
CA-2017-168193,06-03-2017,RM-19750,OFF-PA-10002254,Office Supplies,26.38,1.00,12.13
CA-2017-168193,06-03-2017,RM-19750,FUR-FU-10002554,Furniture,71.97,3.00,16.55
CA-2016-115476,17-03-2016,VM-21835,TEC-PH-10000673,Technology,129.98,2.00,62.39
CA-2016-115476,17-03-2016,VM-21835,OFF-BI-10000962,Office Supplies,32.54,2.00,15.94
CA-2016-133340,09-12-2016,LH-17155,TEC-PH-10003988,Technology,10.90,1.00,3.05
CA-2016-133340,09-12-2016,LH-17155,TEC-AC-10001109,Technology,59.98,2.00,25.19
CA-2016-133340,09-12-2016,LH-17155,OFF-AP-10002311,Office Supplies,61.93,1.00,23.40
CA-2016-137848,15-01-2016,WB-21850,OFF-EN-10001137,Office Supplies,16.52,4.00,7.60
CA-2016-137848,15-01-2016,WB-21850,OFF-PA-10004285,Office Supplies,60.12,9.00,28.86
CA-2016-137848,15-01-2016,WB-21850,OFF-BI-10002225,Office Supplies,49.54,3.00,17.34
CA-2014-113047,24-10-2014,AP-10915,OFF-FA-10002763,Office Supplies,11.85,3.00,3.79
CA-2016-149979,23-09-2016,RA-19915,OFF-ST-10003058,Office Supplies,118.25,5.00,34.29
CA-2016-149979,23-09-2016,RA-19915,FUR-CH-10002084,Furniture,368.97,3.00,81.17
CA-2017-161956,27-08-2017,DR-12880,FUR-FU-10002937,Furniture,198.46,2.00,99.23
CA-2017-161956,27-08-2017,DR-12880,OFF-AP-10001242,Office Supplies,321.92,4.00,96.58
CA-2017-161956,27-08-2017,DR-12880,TEC-CO-10001571,Technology,879.98,2.00,329.99
CA-2017-161956,27-08-2017,DR-12880,OFF-SU-10002503,Office Supplies,28.40,5.00,8.24
CA-2017-161956,27-08-2017,DR-12880,FUR-CH-10004886,Furniture,230.28,3.00,23.03
CA-2017-161956,27-08-2017,DR-12880,OFF-PA-10001289,Office Supplies,116.28,3.00,56.98
CA-2017-161956,27-08-2017,DR-12880,OFF-BI-10003650,Office Supplies,841.57,2.00,294.55
CA-2017-161956,27-08-2017,DR-12880,OFF-ST-10001370,Office Supplies,354.90,5.00,17.75
CA-2016-116799,03-03-2016,JG-15310,OFF-PA-10001892,Office Supplies,42.78,7.00,15.51
CA-2016-116799,03-03-2016,JG-15310,FUR-CH-10004983,Furniture,563.43,5.00,-56.34
CA-2016-111283,29-02-2016,LC-16870,OFF-AR-10001615,Office Supplies,111.10,7.00,8.33
CA-2015-167745,18-09-2015,GB-14530,OFF-AR-10003602,Office Supplies,11.68,2.00,5.49
CA-2015-167745,18-09-2015,GB-14530,OFF-SU-10004782,Office Supplies,16.90,2.00,5.07
CA-2015-167745,18-09-2015,GB-14530,FUR-FU-10001591,Furniture,24.40,2.00,10.25
CA-2017-104577,12-05-2017,CK-12205,OFF-PA-10000659,Office Supplies,87.60,5.00,42.05
CA-2016-156251,13-08-2016,TS-21160,FUR-BO-10001337,Furniture,241.96,2.00,24.20
CA-2016-156251,13-08-2016,TS-21160,OFF-BI-10003529,Office Supplies,8.52,3.00,4.17
CA-2017-125878,25-02-2017,MH-18025,OFF-BI-10002609,Office Supplies,1.79,3.00,-3.04
CA-2016-163153,21-03-2016,DM-12955,FUR-TA-10004767,Furniture,99.37,2.00,-1.42
CA-2016-163153,21-03-2016,DM-12955,OFF-AR-10001868,Office Supplies,1.34,1.00,0.50
CA-2015-103205,08-12-2015,JJ-15760,TEC-PH-10004896,Technology,119.96,5.00,12.00
CA-2014-153913,16-12-2014,KB-16585,FUR-CH-10000988,Furniture,1013.83,9.00,101.38
CA-2014-153913,16-12-2014,KB-16585,OFF-FA-10000490,Office Supplies,1.98,2.00,0.67
CA-2016-155530,17-12-2016,CM-12160,FUR-TA-10004256,Furniture,2003.52,6.00,-325.57
US-2016-101196,12-05-2016,FM-14215,OFF-ST-10004804,Office Supplies,82.37,2.00,-19.56
CA-2014-115357,06-08-2014,RF-19735,TEC-AC-10000023,Technology,62.91,3.00,22.65
US-2014-102715,11-04-2014,JK-15370,OFF-FA-10001332,Office Supplies,6.91,3.00,2.33
US-2014-102715,11-04-2014,JK-15370,TEC-AC-10002001,Technology,383.98,3.00,81.59
US-2014-102715,11-04-2014,JK-15370,OFF-PA-10000029,Office Supplies,10.37,2.00,3.63
US-2014-102715,11-04-2014,JK-15370,TEC-AC-10001874,Technology,335.94,7.00,41.99
CA-2015-107937,03-05-2015,JB-16045,FUR-FU-10002298,Furniture,665.88,6.00,106.54
US-2017-148768,30-11-2017,PN-18775,TEC-PH-10002564,Technology,71.98,3.00,9.00
CA-2017-118521,16-02-2017,LF-17185,OFF-PA-10003465,Office Supplies,37.94,2.00,18.21
CA-2014-149643,16-11-2014,RH-19510,TEC-PH-10000038,Technology,273.96,2.00,10.96
CA-2015-135314,09-07-2015,MC-17575,TEC-PH-10003072,Technology,269.98,3.00,40.50
CA-2017-165204,13-11-2017,MN-17935,OFF-PA-10003424,Office Supplies,8.90,3.00,3.34
CA-2017-165204,13-11-2017,MN-17935,OFF-ST-10003716,Office Supplies,720.06,4.00,-63.01
CA-2017-125752,31-07-2017,EH-14125,TEC-AC-10003590,Technology,41.42,2.00,8.28
CA-2017-112487,26-12-2017,TC-21535,OFF-BI-10000494,Office Supplies,3.13,2.00,-2.61
CA-2016-144218,31-10-2016,JD-15895,OFF-ST-10002615,Office Supplies,1085.42,7.00,282.21
CA-2016-169971,04-09-2016,IL-15100,OFF-AR-10002804,Office Supplies,3.91,1.00,1.03
CA-2016-169971,04-09-2016,IL-15100,OFF-AR-10001044,Office Supplies,62.38,3.00,7.02
US-2016-133508,17-04-2016,SW-20350,OFF-FA-10000134,Office Supplies,29.05,5.00,9.01
CA-2014-107139,05-07-2014,DP-13390,OFF-BI-10001670,Office Supplies,180.96,6.00,67.86
CA-2015-111325,27-02-2015,BT-11395,OFF-BI-10000343,Office Supplies,4.42,3.00,-3.39
CA-2015-111325,27-02-2015,BT-11395,OFF-AR-10002257,Office Supplies,16.03,6.00,2.20
CA-2015-163762,27-11-2015,JE-15475,OFF-AR-10001915,Office Supplies,29.79,3.00,12.51
US-2014-117163,27-01-2014,EJ-13720,OFF-ST-10003692,Office Supplies,57.23,1.00,14.31
US-2014-117163,27-01-2014,EJ-13720,FUR-TA-10003469,Furniture,333.00,3.00,-16.65
US-2014-117163,27-01-2014,EJ-13720,OFF-AR-10003179,Office Supplies,36.44,4.00,12.03
CA-2017-121314,23-09-2017,BE-11410,OFF-PA-10003395,Office Supplies,251.64,3.00,88.07
CA-2017-147760,04-11-2017,KL-16555,FUR-TA-10004575,Furniture,523.76,3.00,-192.05
CA-2017-147760,04-11-2017,KL-16555,TEC-PH-10002483,Technology,1359.96,5.00,119.00
CA-2016-156503,14-10-2016,NC-18415,FUR-CH-10003606,Furniture,102.59,1.00,10.26
CA-2016-156503,14-10-2016,NC-18415,TEC-AC-10002473,Technology,22.70,1.00,5.96
CA-2016-156503,14-10-2016,NC-18415,OFF-PA-10002319,Office Supplies,93.02,3.00,33.72
CA-2016-156503,14-10-2016,NC-18415,OFF-SU-10000946,Office Supplies,12.77,2.00,1.44
CA-2016-156503,14-10-2016,NC-18415,OFF-EN-10001335,Office Supplies,35.01,4.00,13.13
CA-2016-156503,14-10-2016,NC-18415,OFF-PA-10002377,Office Supplies,39.15,1.00,14.68
CA-2015-113628,12-11-2015,AH-10690,OFF-AR-10001246,Office Supplies,11.76,5.00,1.32
CA-2015-113628,12-11-2015,AH-10690,OFF-BI-10003291,Office Supplies,5.24,2.00,-4.02
CA-2015-113628,12-11-2015,AH-10690,OFF-BI-10002799,Office Supplies,4.66,3.00,-3.73
CA-2015-113628,12-11-2015,AH-10690,FUR-CH-10003298,Furniture,523.92,5.00,-72.04
CA-2015-113628,12-11-2015,AH-10690,TEC-PH-10000441,Technology,100.79,1.00,10.08
CA-2015-113628,12-11-2015,AH-10690,FUR-CH-10004477,Furniture,146.14,3.00,16.44
CA-2017-147753,05-03-2017,PK-19075,OFF-LA-10003537,Office Supplies,25.06,2.00,11.78
CA-2015-103961,05-11-2015,NG-18430,OFF-LA-10004484,Office Supplies,19.82,6.00,6.44
CA-2016-152471,08-07-2016,ZD-21925,TEC-PH-10002824,Technology,823.96,5.00,51.50
CA-2016-152471,08-07-2016,ZD-21925,OFF-PA-10004965,Office Supplies,15.98,2.00,5.00
CA-2015-102582,15-09-2015,NW-18400,FUR-TA-10003569,Furniture,801.96,2.00,200.49
CA-2015-102582,15-09-2015,NW-18400,TEC-PH-10003187,Technology,59.97,3.00,0.00
CA-2015-102582,15-09-2015,NW-18400,FUR-CH-10004853,Furniture,1056.86,7.00,306.49
CA-2017-141873,09-10-2017,HG-14845,OFF-BI-10001031,Office Supplies,12.82,3.00,4.33
CA-2017-141873,09-10-2017,HG-14845,FUR-BO-10003034,Furniture,314.35,3.00,-15.72
CA-2017-141873,09-10-2017,HG-14845,OFF-PA-10000069,Office Supplies,18.98,2.00,8.92
CA-2017-141873,09-10-2017,HG-14845,OFF-BI-10003655,Office Supplies,18.24,6.00,6.16
CA-2015-140984,14-09-2015,CC-12685,OFF-ST-10000585,Office Supplies,991.20,6.00,257.71
CA-2015-140984,14-09-2015,CC-12685,TEC-CO-10001571,Technology,879.98,2.00,329.99
CA-2015-140984,14-09-2015,CC-12685,OFF-BI-10002012,Office Supplies,12.96,9.00,4.54
CA-2014-132801,07-10-2014,JG-15805,OFF-ST-10001228,Office Supplies,107.44,10.00,10.74
CA-2017-141733,07-05-2017,RW-19540,FUR-CH-10004086,Furniture,1458.65,5.00,423.01
CA-2017-141733,07-05-2017,RW-19540,FUR-CH-10002017,Furniture,26.64,1.00,7.46
CA-2017-141733,07-05-2017,RW-19540,FUR-CH-10000595,Furniture,476.80,2.00,119.20
CA-2017-141733,07-05-2017,RW-19540,OFF-AP-10001563,Office Supplies,87.44,2.00,18.46
US-2015-111927,14-11-2015,LS-17230,FUR-FU-10004017,Furniture,76.14,3.00,26.65
US-2015-111927,14-11-2015,LS-17230,OFF-BI-10002571,Office Supplies,19.96,2.00,9.38
CA-2014-105984,24-11-2014,MY-18295,TEC-PH-10000560,Technology,1049.97,5.00,-209.99
CA-2014-105984,24-11-2014,MY-18295,FUR-CH-10000847,Furniture,611.06,3.00,-34.92
CA-2014-100363,08-04-2014,JM-15655,OFF-FA-10000611,Office Supplies,2.37,2.00,0.83
CA-2014-100363,08-04-2014,JM-15655,OFF-PA-10004733,Office Supplies,19.01,3.00,6.89
CA-2014-126760,26-07-2014,KM-16720,TEC-PH-10001363,Technology,911.98,2.00,114.00
CA-2014-126760,26-07-2014,KM-16720,FUR-CH-10003312,Furniture,674.35,3.00,-109.58
CA-2014-126760,26-07-2014,KM-16720,FUR-FU-10004018,Furniture,134.01,9.00,36.18
CA-2014-126760,26-07-2014,KM-16720,TEC-AC-10004814,Technology,170.97,3.00,70.10
US-2014-109162,08-06-2014,KE-16420,FUR-CH-10002647,Furniture,170.35,3.00,10.65
CA-2014-101931,28-10-2014,TS-21370,OFF-BI-10004140,Office Supplies,7.18,2.00,2.25
CA-2014-101931,28-10-2014,TS-21370,OFF-SU-10002301,Office Supplies,6.28,2.00,0.06
CA-2014-101931,28-10-2014,TS-21370,OFF-SU-10000646,Office Supplies,480.74,2.00,14.42
CA-2014-101931,28-10-2014,TS-21370,FUR-BO-10001337,Furniture,617.00,6.00,-36.29
CA-2014-101931,28-10-2014,TS-21370,OFF-ST-10003442,Office Supplies,141.40,5.00,38.18
CA-2017-129000,25-11-2017,SZ-20035,OFF-ST-10001097,Office Supplies,501.81,3.00,0.00
CA-2017-161053,22-09-2017,JE-15745,OFF-BI-10004318,Office Supplies,691.96,4.00,318.30
CA-2017-161053,22-09-2017,JE-15745,TEC-AC-10004633,Technology,34.95,5.00,15.38
CA-2015-142377,04-12-2015,MS-17980,OFF-PA-10001970,Office Supplies,85.96,7.00,40.40
CA-2015-127593,21-09-2015,DH-13675,FUR-FU-10004006,Furniture,85.30,2.00,14.50
CA-2017-130526,26-11-2017,GT-14755,OFF-BI-10001524,Office Supplies,33.57,8.00,-53.71
US-2017-131849,06-06-2017,GH-14410,FUR-FU-10004164,Furniture,4.95,1.00,2.18
US-2017-131849,06-06-2017,GH-14410,OFF-ST-10002957,Office Supplies,26.40,5.00,0.00
US-2017-105389,23-10-2017,DM-13015,OFF-BI-10004364,Office Supplies,3.56,3.00,-6.24
US-2017-105389,23-10-2017,DM-13015,TEC-PH-10002824,Technology,823.96,5.00,51.50
US-2017-105389,23-10-2017,DM-13015,OFF-AR-10000634,Office Supplies,10.27,3.00,0.90
CA-2014-140816,20-12-2014,TC-21295,TEC-AC-10001539,Technology,447.94,7.00,89.59
CA-2017-154039,17-02-2017,JK-16120,FUR-TA-10001932,Furniture,480.96,3.00,-269.34
CA-2017-154039,17-02-2017,JK-16120,TEC-PH-10002789,Technology,124.79,1.00,10.92
CA-2014-135755,03-05-2014,NC-18415,OFF-BI-10004828,Office Supplies,40.18,3.00,14.56
CA-2014-135755,03-05-2014,NC-18415,OFF-BI-10003981,Office Supplies,10.90,3.00,3.95
CA-2017-123246,17-10-2017,AJ-10960,OFF-AR-10001770,Office Supplies,10.64,4.00,2.77
CA-2015-157133,28-11-2015,LC-16885,FUR-FU-10004904,Furniture,151.96,5.00,-182.35
CA-2014-124709,27-07-2014,GW-14605,TEC-AC-10002842,Technology,238.00,2.00,38.08
CA-2017-146360,23-04-2017,SC-20305,TEC-AC-10003590,Technology,155.34,6.00,55.92
CA-2015-132486,23-10-2015,JF-15355,TEC-AC-10000710,Technology,148.32,9.00,63.78
CA-2015-132486,23-10-2015,JF-15355,FUR-CH-10004495,Furniture,240.78,1.00,27.09
CA-2015-132486,23-10-2015,JF-15355,FUR-CH-10004540,Furniture,191.97,7.00,16.80
CA-2015-132486,23-10-2015,JF-15355,OFF-PA-10004971,Office Supplies,11.56,2.00,5.66
CA-2015-132486,23-10-2015,JF-15355,OFF-EN-10002600,Office Supplies,11.80,4.00,5.66
CA-2015-132486,23-10-2015,JF-15355,FUR-CH-10001854,Furniture,842.35,3.00,42.12
CA-2016-136231,05-09-2016,DM-13015,OFF-EN-10001099,Office Supplies,23.47,3.00,7.63
CA-2016-136231,05-09-2016,DM-13015,OFF-BI-10001597,Office Supplies,86.06,7.00,-63.11
CA-2016-136231,05-09-2016,DM-13015,TEC-PH-10002660,Technology,108.78,2.00,6.80
CA-2016-136231,05-09-2016,DM-13015,OFF-PA-10000327,Office Supplies,10.27,3.00,3.21
CA-2016-140641,28-10-2016,EP-13915,OFF-BI-10001191,Office Supplies,38.19,5.00,-26.73
CA-2014-151001,05-04-2014,JG-15805,OFF-ST-10003455,Office Supplies,49.63,4.00,3.72
CA-2014-151001,05-04-2014,JG-15805,OFF-ST-10001031,Office Supplies,52.10,4.00,3.91
CA-2015-129896,15-06-2015,PF-19120,OFF-PA-10002245,Office Supplies,9.57,2.00,2.99
CA-2015-129896,15-06-2015,PF-19120,OFF-ST-10004804,Office Supplies,82.37,2.00,-19.56
CA-2015-129896,15-06-2015,PF-19120,FUR-FU-10004904,Furniture,364.70,6.00,-36.47
CA-2015-129896,15-06-2015,PF-19120,FUR-FU-10002396,Furniture,40.26,4.00,11.07
CA-2014-152849,05-07-2014,DW-13195,OFF-AR-10002833,Office Supplies,4.37,3.00,0.38
US-2017-127341,29-01-2017,CK-12595,OFF-BI-10001072,Office Supplies,12.13,4.00,-20.62
CA-2016-167759,03-03-2016,CC-12670,TEC-PH-10003171,Technology,134.85,3.00,37.76
CA-2014-100895,02-06-2014,SV-20785,OFF-AR-10004511,Office Supplies,8.56,2.00,2.65
CA-2014-100895,02-06-2014,SV-20785,TEC-PH-10001425,Technology,239.97,3.00,67.19
CA-2014-100895,02-06-2014,SV-20785,OFF-ST-10001490,Office Supplies,356.94,2.00,107.08
US-2016-163881,24-11-2016,SP-20860,TEC-AC-10003033,Technology,659.90,2.00,217.77
US-2016-163881,24-11-2016,SP-20860,FUR-CH-10001394,Furniture,1684.75,6.00,210.59
US-2016-163881,24-11-2016,SP-20860,TEC-AC-10000420,Technology,559.92,8.00,190.37
US-2016-144547,10-11-2016,MS-17770,TEC-AC-10004901,Technology,279.94,7.00,48.99
US-2014-112200,22-11-2014,TC-21475,OFF-BI-10002571,Office Supplies,9.98,5.00,-16.47
CA-2017-110212,01-05-2017,SJ-20125,TEC-AC-10002331,Technology,48.90,5.00,18.09
CA-2017-134285,07-12-2017,DS-13180,OFF-FA-10000611,Office Supplies,3.55,3.00,1.24
CA-2017-134285,07-12-2017,DS-13180,OFF-PA-10000304,Office Supplies,15.55,3.00,5.44
CA-2017-102267,30-11-2017,SC-20800,OFF-FA-10000611,Office Supplies,2.37,2.00,0.83
CA-2017-157980,07-12-2017,SH-20395,TEC-AC-10002567,Technology,127.98,2.00,25.60
CA-2015-121097,03-01-2015,SF-20965,OFF-PA-10001937,Office Supplies,10.37,2.00,3.63
CA-2015-151043,14-11-2015,MG-17680,TEC-AC-10001090,Technology,47.98,2.00,-1.20
US-2015-119312,02-10-2015,CS-12400,OFF-ST-10000943,Office Supplies,270.34,14.00,75.70
CA-2015-167010,05-04-2015,VT-21700,OFF-AP-10004036,Office Supplies,98.11,7.00,18.40
CA-2015-167010,05-04-2015,VT-21700,OFF-ST-10003816,Office Supplies,563.81,4.00,21.14
CA-2015-167010,05-04-2015,VT-21700,OFF-BI-10002072,Office Supplies,10.43,4.00,-6.95
CA-2015-167010,05-04-2015,VT-21700,FUR-FU-10001468,Furniture,547.14,4.00,-68.39
CA-2015-167010,05-04-2015,VT-21700,TEC-PH-10000347,Technology,14.85,5.00,-3.22
CA-2015-167010,05-04-2015,VT-21700,TEC-PH-10002844,Technology,41.99,2.00,-9.80
CA-2015-167010,05-04-2015,VT-21700,FUR-FU-10001037,Furniture,7.58,1.00,2.37
CA-2015-167010,05-04-2015,VT-21700,FUR-BO-10004218,Furniture,352.45,5.00,-211.47
CA-2017-126788,05-06-2017,AB-10105,TEC-PH-10001619,Technology,470.38,3.00,52.92
CA-2017-148068,18-09-2017,MM-18280,OFF-PA-10001639,Office Supplies,19.44,3.00,9.33
CA-2017-148068,18-09-2017,MM-18280,FUR-FU-10002268,Furniture,9.82,2.00,3.24
US-2017-142573,18-07-2017,ML-17410,FUR-TA-10001932,Furniture,801.60,5.00,-448.90
US-2017-142573,18-07-2017,ML-17410,FUR-CH-10004218,Furniture,161.57,2.00,10.10
US-2017-142573,18-07-2017,ML-17410,OFF-PA-10000246,Office Supplies,16.10,2.00,5.23
US-2017-142573,18-07-2017,ML-17410,OFF-BI-10003350,Office Supplies,7.66,4.00,-6.12
US-2017-142573,18-07-2017,ML-17410,FUR-CH-10000513,Furniture,311.98,3.00,-42.90
US-2015-148817,01-12-2015,KD-16495,OFF-ST-10001321,Office Supplies,61.68,4.00,16.65
US-2015-148817,01-12-2015,KD-16495,OFF-BI-10004233,Office Supplies,63.96,4.00,30.70
CA-2016-110044,28-06-2016,RF-19735,TEC-PH-10001299,Technology,359.98,3.00,36.00
CA-2017-146920,28-08-2017,SC-20305,OFF-PA-10002479,Office Supplies,25.34,6.00,7.92
CA-2017-146920,28-08-2017,SC-20305,OFF-PA-10001461,Office Supplies,26.72,5.00,9.35
CA-2014-103940,17-09-2014,BN-11515,OFF-ST-10004963,Office Supplies,30.28,2.00,1.21
CA-2014-103940,17-09-2014,BN-11515,OFF-ST-10000943,Office Supplies,57.93,3.00,16.22
CA-2014-103940,17-09-2014,BN-11515,FUR-FU-10004671,Furniture,35.34,2.00,13.43
CA-2014-103940,17-09-2014,BN-11515,OFF-BI-10002735,Office Supplies,137.24,5.00,46.32
CA-2016-162082,14-03-2016,JS-15880,FUR-BO-10004409,Furniture,241.33,5.00,-14.20
CA-2016-162082,14-03-2016,JS-15880,OFF-PA-10001934,Office Supplies,5.18,1.00,1.88
CA-2016-162082,14-03-2016,JS-15880,OFF-AR-10001044,Office Supplies,145.54,7.00,16.37
CA-2016-132094,26-08-2016,VG-21805,OFF-AR-10004165,Office Supplies,5.47,3.00,1.64
CA-2016-132094,26-08-2016,VG-21805,TEC-AC-10001109,Technology,47.98,2.00,13.20
CA-2017-123001,02-09-2017,AW-10840,OFF-AR-10001919,Office Supplies,9.40,5.00,2.73
CA-2017-123001,02-09-2017,AW-10840,OFF-LA-10004544,Office Supplies,74.00,5.00,37.00
CA-2017-123001,02-09-2017,AW-10840,TEC-PH-10003484,Technology,201.58,2.00,12.60
CA-2015-118955,16-06-2015,LS-17230,OFF-EN-10001028,Office Supplies,28.75,3.00,9.34
CA-2015-118955,16-06-2015,LS-17230,OFF-PA-10004156,Office Supplies,27.22,3.00,9.87
CA-2015-118955,16-06-2015,LS-17230,FUR-CH-10001708,Furniture,197.37,2.00,-25.38
US-2016-143448,10-12-2016,MH-17455,FUR-CH-10003379,Furniture,1424.90,5.00,356.23
CA-2017-117863,18-05-2017,TS-21340,FUR-FU-10002456,Furniture,14.56,2.00,6.26
CA-2017-117863,18-05-2017,TS-21340,OFF-BI-10000605,Office Supplies,3.05,1.00,1.03
CA-2017-160458,27-05-2017,EH-13945,OFF-PA-10001166,Office Supplies,25.92,5.00,9.07
US-2016-142685,23-06-2016,MG-17695,OFF-SU-10000157,Office Supplies,835.17,7.00,16.70
CA-2016-133144,16-05-2016,DO-13435,OFF-PA-10004971,Office Supplies,17.34,3.00,8.50
CA-2017-167871,18-11-2017,AF-10870,OFF-PA-10001977,Office Supplies,44.38,1.00,15.53
CA-2017-167871,18-11-2017,AF-10870,OFF-SU-10001225,Office Supplies,2.94,1.00,-0.66
CA-2016-119963,18-11-2016,SN-20710,OFF-AR-10003514,Office Supplies,6.37,2.00,1.03
CA-2016-119963,18-11-2016,SN-20710,OFF-LA-10003510,Office Supplies,48.85,2.00,15.88
CA-2016-119963,18-11-2016,SN-20710,OFF-PA-10001970,Office Supplies,19.65,2.00,6.63
CA-2016-119963,18-11-2016,SN-20710,FUR-CH-10003817,Furniture,255.11,6.00,-18.22
CA-2014-121167,28-11-2014,MO-17500,OFF-BI-10003676,Office Supplies,17.25,2.00,6.04
US-2016-151862,01-03-2016,ON-18715,TEC-PH-10003535,Technology,159.98,2.00,14.00
CA-2017-152961,15-01-2017,SC-20095,OFF-PA-10004675,Office Supplies,12.70,2.00,5.84
CA-2014-133228,04-04-2014,MS-17710,FUR-FU-10004020,Furniture,5.47,1.00,2.35
CA-2014-133228,04-04-2014,MS-17710,OFF-AR-10001955,Office Supplies,79.36,4.00,23.81
CA-2016-114951,26-06-2016,DN-13690,FUR-FU-10002364,Furniture,22.14,3.00,6.42
CA-2016-156573,29-05-2016,RB-19360,OFF-BI-10002414,Office Supplies,11.28,3.00,-8.65
CA-2016-156573,29-05-2016,RB-19360,OFF-AR-10003732,Office Supplies,4.45,2.00,0.33
CA-2016-156573,29-05-2016,RB-19360,FUR-FU-10001085,Furniture,44.76,3.00,14.55
CA-2015-113901,19-10-2015,NH-18610,OFF-BI-10001249,Office Supplies,38.28,6.00,17.61
CA-2015-113901,19-10-2015,NH-18610,TEC-PH-10002564,Technology,149.95,5.00,44.99
CA-2017-134838,19-02-2017,ED-13885,OFF-AR-10000634,Office Supplies,12.84,3.00,3.47
CA-2017-134838,19-02-2017,ED-13885,FUR-FU-10004018,Furniture,44.67,3.00,12.06
CA-2016-120257,22-09-2016,PW-19240,OFF-AR-10003481,Office Supplies,7.87,3.00,0.89
CA-2014-164910,12-11-2014,DM-13345,OFF-AR-10003651,Office Supplies,7.87,3.00,0.89
CA-2016-149902,01-04-2016,DW-13540,OFF-AR-10002956,Office Supplies,88.04,4.00,22.89
CA-2016-146010,20-05-2016,EH-14125,OFF-BI-10003638,Office Supplies,40.64,7.00,-32.51
US-2015-163685,01-06-2015,KE-16420,OFF-BI-10001890,Office Supplies,5.73,8.00,-9.16
US-2015-163685,01-06-2015,KE-16420,OFF-PA-10002606,Office Supplies,42.24,10.00,13.20
CA-2014-135090,22-11-2014,SP-20920,OFF-PA-10002245,Office Supplies,53.82,9.00,24.22
CA-2015-132374,22-02-2015,PS-19045,OFF-AR-10001615,Office Supplies,79.36,4.00,20.63
CA-2016-167556,29-03-2016,JM-15250,OFF-PA-10000466,Office Supplies,13.48,2.00,6.74
CA-2016-167556,29-03-2016,JM-15250,OFF-BI-10003708,Office Supplies,29.80,5.00,9.31
CA-2016-167556,29-03-2016,JM-15250,FUR-FU-10004848,Furniture,414.00,8.00,124.20
CA-2016-167556,29-03-2016,JM-15250,OFF-BI-10000320,Office Supplies,41.33,7.00,14.98
US-2016-116400,22-10-2016,EB-13930,FUR-FU-10003731,Furniture,39.92,4.00,11.18
CA-2017-101308,02-10-2017,FG-14260,OFF-FA-10002780,Office Supplies,8.94,3.00,4.11
CA-2017-101308,02-10-2017,FG-14260,TEC-PH-10003800,Technology,84.78,2.00,-20.14
CA-2014-114517,23-12-2014,TH-21235,FUR-TA-10001676,Furniture,53.32,2.00,-19.55
CA-2014-114517,23-12-2014,TH-21235,OFF-AP-10002350,Office Supplies,56.52,3.00,15.83
CA-2017-119564,15-12-2017,PL-18925,FUR-FU-10003096,Furniture,22.77,3.00,9.79
CA-2016-135265,07-07-2016,CC-12370,FUR-CH-10003061,Furniture,287.97,4.00,-3.60
CA-2016-135265,07-07-2016,CC-12370,TEC-CO-10003763,Technology,2799.96,5.00,944.99
CA-2016-135265,07-07-2016,CC-12370,OFF-PA-10002923,Office Supplies,48.94,1.00,24.47
CA-2016-108735,17-04-2016,JM-15535,FUR-BO-10003441,Furniture,257.50,3.00,24.24
CA-2017-112333,08-04-2017,KF-16285,OFF-ST-10001780,Office Supplies,2591.56,4.00,621.97
CA-2017-112333,08-04-2017,KF-16285,OFF-AP-10001962,Office Supplies,41.95,5.00,10.49
US-2016-159415,17-04-2016,CS-12175,FUR-FU-10003798,Furniture,79.12,5.00,13.85
CA-2014-122588,25-11-2014,AR-10540,FUR-FU-10001095,Furniture,52.96,2.00,20.12
CA-2014-137589,03-11-2014,MS-17770,OFF-SU-10000157,Office Supplies,286.34,3.00,-64.43
CA-2015-161998,01-05-2015,DB-13120,FUR-FU-10001095,Furniture,63.55,3.00,14.30
CA-2015-161998,01-05-2015,DB-13120,OFF-SU-10004261,Office Supplies,41.38,3.00,4.65
CA-2015-161998,01-05-2015,DB-13120,OFF-AR-10004022,Office Supplies,172.70,6.00,10.79
CA-2015-105627,08-03-2015,DK-12895,FUR-BO-10002916,Furniture,512.94,3.00,97.46
CA-2015-105627,08-03-2015,DK-12895,FUR-CH-10002084,Furniture,860.93,7.00,189.40
CA-2015-105627,08-03-2015,DK-12895,TEC-PH-10003012,Technology,769.95,5.00,223.29
CA-2015-105627,08-03-2015,DK-12895,OFF-AR-10002704,Office Supplies,14.98,1.00,4.49
CA-2015-105627,08-03-2015,DK-12895,FUR-FU-10000308,Furniture,373.08,6.00,82.08
US-2015-149629,17-07-2015,MP-17965,FUR-BO-10004709,Furniture,231.92,5.00,5.80
CA-2014-116834,11-10-2014,Dp-13240,FUR-FU-10001196,Furniture,63.47,11.00,19.04
CA-2014-116834,11-10-2014,Dp-13240,TEC-AC-10002942,Technology,345.00,5.00,58.65
CA-2016-145730,03-03-2016,CC-12220,FUR-TA-10004915,Furniture,637.90,3.00,-127.58
CA-2016-145730,03-03-2016,CC-12220,TEC-MA-10001016,Technology,287.91,3.00,33.59
CA-2016-145730,03-03-2016,CC-12220,OFF-EN-10000483,Office Supplies,36.60,3.00,11.90
US-2015-168732,10-12-2015,KM-16660,OFF-AR-10003087,Office Supplies,1.78,1.00,0.50
US-2015-168732,10-12-2015,KM-16660,OFF-PA-10000520,Office Supplies,25.92,4.00,12.44
US-2015-168732,10-12-2015,KM-16660,TEC-AC-10001553,Technology,101.94,6.00,21.41
CA-2015-107468,18-12-2015,MK-17905,OFF-AR-10000634,Office Supplies,6.85,2.00,0.60
CA-2017-144463,01-01-2017,SC-20725,FUR-FU-10001215,Furniture,474.43,11.00,199.26
CA-2017-100811,21-11-2017,CC-12475,OFF-PA-10001204,Office Supplies,8.45,2.00,2.64
CA-2017-100811,21-11-2017,CC-12475,OFF-ST-10002444,Office Supplies,39.30,4.00,3.93
CA-2015-153612,22-12-2015,BT-11305,OFF-AR-10000203,Office Supplies,17.12,4.00,4.96
CA-2015-165624,23-08-2015,FH-14350,OFF-AP-10000828,Office Supplies,542.94,3.00,152.02
CA-2015-165624,23-08-2015,FH-14350,OFF-LA-10003190,Office Supplies,8.64,3.00,4.23
CA-2015-165624,23-08-2015,FH-14350,OFF-PA-10002319,Office Supplies,193.80,5.00,94.96
CA-2015-165624,23-08-2015,FH-14350,OFF-PA-10003893,Office Supplies,21.40,5.00,9.63
CA-2015-165624,23-08-2015,FH-14350,OFF-PA-10002499,Office Supplies,97.88,2.00,48.94
CA-2015-165624,23-08-2015,FH-14350,TEC-AC-10004568,Technology,251.91,9.00,47.86
CA-2015-165624,23-08-2015,FH-14350,OFF-AP-10001492,Office Supplies,25.86,3.00,6.72
CA-2014-154963,22-06-2014,AA-10645,FUR-CH-10004698,Furniture,170.06,3.00,-4.86
CA-2014-154963,22-06-2014,AA-10645,TEC-PH-10004093,Technology,82.78,3.00,-15.18
CA-2014-154963,22-06-2014,AA-10645,FUR-CH-10000454,Furniture,853.93,5.00,0.00
CA-2017-130764,27-10-2017,JO-15145,FUR-BO-10003034,Furniture,556.67,5.00,6.55
CA-2017-130764,27-10-2017,JO-15145,TEC-PH-10003215,Technology,95.84,4.00,34.74
CA-2017-139311,11-08-2017,SF-20965,OFF-PA-10001776,Office Supplies,29.66,4.00,10.01
CA-2017-139311,11-08-2017,SF-20965,OFF-AR-10004582,Office Supplies,9.18,7.00,2.87
CA-2017-139311,11-08-2017,SF-20965,TEC-PH-10001557,Technology,153.58,2.00,13.44
CA-2017-139311,11-08-2017,SF-20965,OFF-BI-10004209,Office Supplies,12.86,8.00,-22.51
CA-2017-124296,24-12-2017,CS-12355,TEC-MA-10003183,Technology,479.97,3.00,239.99
CA-2017-124296,24-12-2017,CS-12355,FUR-CH-10002439,Furniture,232.88,4.00,60.55
CA-2016-169957,26-09-2016,SN-20710,OFF-AP-10000576,Office Supplies,236.88,6.00,66.33
CA-2016-169957,26-09-2016,SN-20710,OFF-PA-10004040,Office Supplies,29.90,5.00,14.65
CA-2016-169957,26-09-2016,SN-20710,TEC-AC-10003063,Technology,100.00,4.00,21.00
US-2016-108777,12-12-2016,JM-15655,OFF-BI-10003982,Office Supplies,18.69,3.00,-14.33
US-2016-108777,12-12-2016,JM-15655,TEC-AC-10002567,Technology,383.95,6.00,76.79
CA-2015-148859,28-12-2015,FH-14350,OFF-ST-10004950,Office Supplies,24.82,2.00,1.55
CA-2014-110786,29-12-2014,AJ-10795,FUR-FU-10000550,Furniture,24.90,5.00,8.22
CA-2014-110786,29-12-2014,AJ-10795,OFF-PA-10000528,Office Supplies,21.12,4.00,9.50
CA-2014-110786,29-12-2014,AJ-10795,TEC-MA-10003183,Technology,767.95,6.00,287.98
CA-2014-110786,29-12-2014,AJ-10795,OFF-BI-10003305,Office Supplies,14.35,3.00,4.66
CA-2014-110786,29-12-2014,AJ-10795,TEC-PH-10001425,Technology,191.98,3.00,19.20
CA-2014-110786,29-12-2014,AJ-10795,OFF-LA-10001474,Office Supplies,274.77,9.00,126.39
CA-2014-110786,29-12-2014,AJ-10795,FUR-FU-10000672,Furniture,70.56,6.00,23.99
CA-2015-137750,25-06-2015,JF-15565,FUR-FU-10001979,Furniture,204.85,5.00,57.36
CA-2015-136378,02-04-2015,CS-11845,OFF-BI-10003707,Office Supplies,9.16,3.00,-13.73
CA-2017-100356,21-10-2017,SP-20920,OFF-AP-10002191,Office Supplies,23.99,2.00,-62.38
US-2015-166520,16-07-2015,KE-16420,OFF-PA-10000501,Office Supplies,80.88,3.00,39.63
US-2015-166520,16-07-2015,KE-16420,TEC-AC-10001990,Technology,599.90,10.00,191.97
CA-2017-136350,24-06-2017,GA-14515,FUR-FU-10003601,Furniture,276.69,3.00,49.80
CA-2017-136350,24-06-2017,GA-14515,FUR-CH-10001891,Furniture,172.76,2.00,32.63
CA-2014-122931,29-09-2014,SM-20950,OFF-AR-10003469,Office Supplies,4.22,3.00,1.48
CA-2014-122931,29-09-2014,SM-20950,FUR-TA-10004175,Furniture,409.27,2.00,-81.85
CA-2014-122931,29-09-2014,SM-20950,OFF-LA-10002945,Office Supplies,55.44,11.00,18.02
CA-2014-122931,29-09-2014,SM-20950,OFF-PA-10000533,Office Supplies,20.93,4.00,6.80
CA-2014-122931,29-09-2014,SM-20950,OFF-ST-10004459,Office Supplies,1801.63,6.00,-337.81
CA-2014-122931,29-09-2014,SM-20950,FUR-TA-10004147,Furniture,67.18,1.00,-20.15
CA-2014-163034,24-11-2014,DK-12985,OFF-ST-10000046,Office Supplies,646.20,5.00,-8.08
CA-2015-124058,20-11-2015,LC-16885,TEC-PH-10004774,Technology,72.74,7.00,-15.46
CA-2015-124058,20-11-2015,LC-16885,FUR-CH-10000595,Furniture,572.16,3.00,35.76
CA-2016-129196,01-11-2016,XP-21865,TEC-AC-10002473,Technology,68.11,3.00,17.88
US-2015-138716,17-09-2015,CS-11845,OFF-BI-10001628,Office Supplies,25.03,3.00,7.82
US-2016-122182,10-03-2016,BD-11770,TEC-AC-10002800,Technology,39.99,1.00,7.50
US-2014-130358,23-06-2014,DL-13330,OFF-AR-10002766,Office Supplies,20.02,9.00,1.75
US-2014-130358,23-06-2014,DL-13330,OFF-SU-10002522,Office Supplies,3.10,1.00,0.35
CA-2014-102673,01-11-2014,KH-16630,OFF-FA-10003021,Office Supplies,7.52,5.00,1.41
CA-2014-102673,01-11-2014,KH-16630,OFF-AR-10000634,Office Supplies,10.27,3.00,0.90
CA-2014-102673,01-11-2014,KH-16630,OFF-LA-10001771,Office Supplies,47.81,12.00,15.54
CA-2014-102673,01-11-2014,KH-16630,TEC-PH-10004434,Technology,978.84,9.00,110.12
CA-2016-145303,28-08-2016,TP-21415,OFF-BI-10000050,Office Supplies,13.14,9.00,-21.68
CA-2016-145303,28-08-2016,TP-21415,OFF-BI-10002414,Office Supplies,10.02,4.00,-16.54
CA-2016-145303,28-08-2016,TP-21415,FUR-BO-10003159,Furniture,156.37,2.00,-52.89
CA-2015-156104,06-12-2015,NP-18685,TEC-CO-10002095,Technology,999.98,2.00,449.99
US-2015-164308,24-09-2015,SC-20680,TEC-PH-10004120,Technology,821.94,6.00,213.70
CA-2017-108112,15-11-2017,DK-12895,FUR-FU-10003553,Furniture,220.06,4.00,55.02
CA-2017-108112,15-11-2017,DK-12895,FUR-FU-10001488,Furniture,339.14,4.00,0.00
CA-2015-100685,19-12-2015,SM-20950,OFF-BI-10003094,Office Supplies,7.04,2.00,3.31
CA-2015-100685,19-12-2015,SM-20950,OFF-FA-10003472,Office Supplies,5.04,4.00,0.20
CA-2015-100685,19-12-2015,SM-20950,OFF-PA-10001289,Office Supplies,116.28,3.00,56.98
CA-2015-165414,21-12-2015,LS-17245,TEC-PH-10002293,Technology,47.98,3.00,4.80
CA-2016-140417,25-09-2016,KE-16420,OFF-PA-10000380,Office Supplies,60.05,9.00,22.52
CA-2016-140417,25-09-2016,KE-16420,OFF-BI-10004828,Office Supplies,5.02,1.00,-3.52
US-2017-151316,24-06-2017,MC-17635,OFF-BI-10004632,Office Supplies,182.99,3.00,-320.24
US-2017-151316,24-06-2017,MC-17635,OFF-PA-10000327,Office Supplies,10.27,3.00,3.21
CA-2017-163692,07-09-2017,Dp-13240,OFF-BI-10003291,Office Supplies,7.86,3.00,-6.02
CA-2016-111913,04-08-2016,LC-16930,TEC-PH-10002275,Technology,302.38,2.00,30.24
CA-2016-111913,04-08-2016,LC-16930,OFF-BI-10003291,Office Supplies,20.95,3.00,7.07
CA-2016-111913,04-08-2016,LC-16930,OFF-BI-10000343,Office Supplies,11.78,3.00,3.98
US-2014-156559,19-08-2014,LH-16900,FUR-BO-10000711,Furniture,638.82,9.00,172.48
CA-2016-161473,01-04-2016,TB-21175,OFF-LA-10001297,Office Supplies,20.70,2.00,9.94
CA-2016-161473,01-04-2016,TB-21175,OFF-SU-10001574,Office Supplies,10.95,3.00,3.29
CA-2016-161473,01-04-2016,TB-21175,OFF-BI-10003305,Office Supplies,14.35,3.00,4.66
CA-2017-166576,16-05-2017,JM-15865,OFF-ST-10002574,Office Supplies,221.02,2.00,-55.26
CA-2015-102491,24-08-2015,KW-16435,TEC-MA-10000864,Technology,3080.00,7.00,1416.80
CA-2015-102491,24-08-2015,KW-16435,TEC-AC-10003289,Technology,79.96,4.00,18.39
CA-2015-102491,24-08-2015,KW-16435,TEC-PH-10001619,Technology,587.97,3.00,170.51
CA-2014-116904,23-09-2014,SC-20095,OFF-PA-10004888,Office Supplies,32.40,5.00,15.55
CA-2014-116904,23-09-2014,SC-20095,OFF-ST-10000736,Office Supplies,404.90,5.00,16.20
CA-2014-116904,23-09-2014,SC-20095,OFF-BI-10001120,Office Supplies,9449.95,5.00,4630.48
CA-2014-116904,23-09-2014,SC-20095,OFF-BI-10000301,Office Supplies,12.94,2.00,6.47
US-2017-102288,19-06-2017,ZC-21910,OFF-AP-10004655,Office Supplies,2.26,1.00,-5.21
US-2017-102288,19-06-2017,ZC-21910,OFF-AP-10002906,Office Supplies,0.44,1.00,-1.11
US-2017-102288,19-06-2017,ZC-21910,OFF-PA-10000740,Office Supplies,146.18,8.00,47.51
CA-2017-137456,21-12-2017,RB-19465,FUR-FU-10001940,Furniture,15.92,2.00,7.00
US-2017-155999,07-08-2017,JK-15370,TEC-PH-10000439,Technology,159.96,5.00,18.00
US-2017-155999,07-08-2017,JK-15370,OFF-BI-10000404,Office Supplies,13.76,2.00,4.64
US-2016-148334,22-08-2016,DD-13570,OFF-BI-10003676,Office Supplies,4.31,2.00,-6.90
CA-2015-105599,07-09-2015,MC-17275,OFF-ST-10002486,Office Supplies,13.96,2.00,0.28
CA-2015-105599,07-09-2015,MC-17275,FUR-TA-10003837,Furniture,27.41,3.00,-14.16
CA-2015-153717,25-12-2015,DL-13495,TEC-PH-10002923,Technology,73.98,2.00,19.97
CA-2015-153717,25-12-2015,DL-13495,FUR-BO-10004360,Furniture,160.98,1.00,20.93
CA-2015-153717,25-12-2015,DL-13495,OFF-PA-10002160,Office Supplies,17.34,3.00,8.50
CA-2015-153717,25-12-2015,DL-13495,OFF-AR-10002375,Office Supplies,3.28,1.00,0.95
CA-2015-116687,02-05-2015,NC-18625,OFF-LA-10000443,Office Supplies,8.86,3.00,2.99
CA-2015-116687,02-05-2015,NC-18625,TEC-PH-10001750,Technology,158.38,3.00,13.86
CA-2016-163573,24-11-2016,AC-10450,OFF-BI-10004632,Office Supplies,1219.96,5.00,381.24
CA-2015-153416,24-11-2015,TS-21340,OFF-BI-10002813,Office Supplies,3.17,2.00,0.99
CA-2015-153416,24-11-2015,TS-21340,OFF-PA-10002005,Office Supplies,19.44,3.00,9.33
CA-2015-153416,24-11-2015,TS-21340,OFF-ST-10000060,Office Supplies,454.86,7.00,54.58
CA-2015-153416,24-11-2015,TS-21340,OFF-BI-10002706,Office Supplies,91.39,8.00,29.70
CA-2017-117394,04-09-2017,MM-17920,TEC-AC-10000199,Technology,19.04,4.00,-1.43
CA-2017-133823,11-05-2017,LP-17080,OFF-PA-10002870,Office Supplies,37.44,6.00,16.85
CA-2017-133823,11-05-2017,LP-17080,OFF-LA-10004545,Office Supplies,37.59,3.00,17.67
CA-2017-133823,11-05-2017,LP-17080,OFF-BI-10000962,Office Supplies,26.03,2.00,9.44
CA-2014-127523,11-05-2014,BG-11695,OFF-AP-10004249,Office Supplies,35.91,3.00,9.70
CA-2017-123239,27-07-2017,MG-18145,FUR-FU-10001602,Furniture,91.03,3.00,-2.28
CA-2017-156769,06-05-2017,GZ-14470,OFF-AR-10003179,Office Supplies,54.66,6.00,18.04
CA-2014-127299,19-09-2014,JL-15835,OFF-ST-10003722,Office Supplies,67.34,6.00,7.58
CA-2014-127299,19-09-2014,JL-15835,TEC-MA-10001127,Technology,2624.99,3.00,-944.99
CA-2015-121272,29-03-2015,DO-13435,OFF-AP-10001947,Office Supplies,73.28,4.00,21.25
CA-2014-115336,18-11-2014,AB-10600,OFF-BI-10001107,Office Supplies,14.48,5.00,-23.89
CA-2015-111703,02-07-2015,KB-16315,OFF-PA-10000349,Office Supplies,11.95,3.00,4.03
CA-2015-111703,02-07-2015,KB-16315,OFF-PA-10003349,Office Supplies,15.55,3.00,5.64
CA-2014-128839,08-09-2014,TT-21070,OFF-FA-10002280,Office Supplies,45.00,9.00,21.60
CA-2014-128839,08-09-2014,TT-21070,TEC-MA-10000029,Technology,209.97,3.00,90.29
CA-2017-105914,02-10-2017,PV-18985,OFF-BI-10002854,Office Supplies,112.12,5.00,42.05
CA-2017-105914,02-10-2017,PV-18985,OFF-ST-10003716,Office Supplies,1575.14,7.00,204.77
CA-2017-110926,19-11-2017,DD-13570,OFF-FA-10000624,Office Supplies,25.06,7.00,12.53
CA-2016-117226,30-12-2016,KD-16495,OFF-BI-10004654,Office Supplies,6.92,6.00,-10.39
CA-2017-127313,01-12-2017,RA-19285,OFF-ST-10001228,Office Supplies,37.39,3.00,2.34
CA-2017-127313,01-12-2017,RA-19285,FUR-FU-10003798,Furniture,79.12,5.00,13.85
CA-2016-136287,13-06-2016,SS-20590,OFF-LA-10003148,Office Supplies,18.90,3.00,8.69
US-2014-107699,19-05-2014,JH-15820,OFF-BI-10001249,Office Supplies,57.42,9.00,26.41
CA-2017-112725,30-01-2017,EH-14125,OFF-AR-10003759,Office Supplies,12.74,7.00,5.73
CA-2017-112725,30-01-2017,EH-14125,OFF-AR-10001227,Office Supplies,8.82,3.00,2.38
CA-2017-112725,30-01-2017,EH-14125,FUR-CH-10000863,Furniture,120.78,1.00,-13.59
CA-2015-136196,28-11-2015,TP-21415,FUR-FU-10004017,Furniture,322.59,3.00,64.52
CA-2017-106068,23-10-2017,RB-19330,OFF-BI-10000962,Office Supplies,9.76,3.00,-15.13
CA-2017-106068,23-10-2017,RB-19330,OFF-ST-10004507,Office Supplies,13.72,1.00,1.20
CA-2017-106068,23-10-2017,RB-19330,TEC-AC-10002942,Technology,55.20,1.00,-2.07
CA-2017-106068,23-10-2017,RB-19330,OFF-ST-10002344,Office Supplies,259.14,4.00,-58.31
CA-2017-100160,07-09-2017,CB-12025,OFF-LA-10002475,Office Supplies,29.24,5.00,9.87
CA-2017-100160,07-09-2017,CB-12025,OFF-PA-10003072,Office Supplies,15.55,3.00,5.44
CA-2017-100160,07-09-2017,CB-12025,OFF-EN-10001509,Office Supplies,4.90,3.00,1.65
CA-2016-139689,29-12-2016,MP-17965,OFF-BI-10004781,Office Supplies,38.09,4.00,-27.93
CA-2016-139689,29-12-2016,MP-17965,OFF-BI-10000145,Office Supplies,2.81,3.00,-1.97
CA-2015-101091,05-12-2015,SW-20245,TEC-AC-10003280,Technology,47.98,2.00,0.60
CA-2015-101091,05-12-2015,SW-20245,OFF-BI-10001107,Office Supplies,26.06,6.00,-19.98
CA-2014-126907,01-11-2014,SM-20950,OFF-PA-10000533,Office Supplies,15.70,3.00,5.10
US-2016-164588,16-04-2016,AP-10915,OFF-AR-10003056,Office Supplies,12.84,3.00,3.72
CA-2017-115546,14-05-2017,AH-10465,TEC-PH-10002834,Technology,539.97,3.00,134.99
CA-2017-115546,14-05-2017,AH-10465,OFF-ST-10002214,Office Supplies,22.58,2.00,5.87
CA-2015-163587,14-03-2015,EP-13915,OFF-LA-10004484,Office Supplies,16.52,4.00,7.60
CA-2015-163587,14-03-2015,EP-13915,OFF-BI-10003091,Office Supplies,671.94,3.00,315.81
US-2017-106131,14-01-2017,TP-21565,TEC-AC-10003027,Technology,169.06,7.00,-14.79
US-2017-106131,14-01-2017,TP-21565,OFF-ST-10003638,Office Supplies,168.62,9.00,14.75
CA-2015-160213,08-03-2015,AR-10825,OFF-PA-10003848,Office Supplies,19.44,3.00,9.33
CA-2014-157924,11-10-2014,HA-14920,OFF-ST-10002352,Office Supplies,31.92,4.00,8.30
CA-2014-157924,11-10-2014,HA-14920,FUR-CH-10000229,Furniture,433.57,2.00,-65.04
CA-2015-100216,13-04-2015,HJ-14875,OFF-PA-10000788,Office Supplies,31.10,6.00,10.89
CA-2015-100216,13-04-2015,HJ-14875,OFF-PA-10002968,Office Supplies,54.82,3.00,17.82
CA-2017-100601,16-11-2017,JK-15370,OFF-ST-10002486,Office Supplies,48.86,7.00,0.98
CA-2016-152163,01-07-2016,JF-15355,OFF-BI-10002215,Office Supplies,14.20,2.00,6.53
CA-2016-152163,01-07-2016,JF-15355,OFF-PA-10000788,Office Supplies,12.96,2.00,6.22
CA-2016-152163,01-07-2016,JF-15355,OFF-BI-10003364,Office Supplies,58.34,2.00,28.00
CA-2015-154340,29-11-2015,EK-13795,OFF-AR-10003582,Office Supplies,56.30,2.00,15.76
CA-2014-128846,07-04-2014,RS-19765,TEC-PH-10003273,Technology,629.95,5.00,163.79
CA-2014-128846,07-04-2014,RS-19765,OFF-PA-10000100,Office Supplies,122.97,3.00,60.26
CA-2016-148593,16-06-2016,BD-11320,OFF-PA-10001776,Office Supplies,46.35,5.00,21.78
US-2017-119039,06-03-2017,BF-11170,OFF-BI-10004182,Office Supplies,14.98,9.00,5.43
CA-2017-128426,07-10-2017,JK-15730,OFF-BI-10000756,Office Supplies,4.24,5.00,-6.36
US-2017-136868,06-10-2017,CR-12820,TEC-AC-10001539,Technology,319.96,4.00,115.19
US-2017-136868,06-10-2017,CR-12820,OFF-PA-10002377,Office Supplies,17.04,3.00,7.67
US-2017-136868,06-10-2017,CR-12820,OFF-ST-10000991,Office Supplies,344.91,3.00,10.35
CA-2016-143749,05-12-2016,AG-10300,FUR-BO-10002853,Furniture,81.94,1.00,20.49
CA-2016-111493,21-10-2016,CM-12160,TEC-AC-10004510,Technology,98.16,6.00,9.82
CA-2017-112536,18-05-2017,SG-20890,OFF-BI-10003712,Office Supplies,6.87,7.00,-10.65
CA-2017-112536,18-05-2017,SG-20890,OFF-BI-10002571,Office Supplies,2.00,1.00,-3.29
CA-2017-112536,18-05-2017,SG-20890,OFF-ST-10004835,Office Supplies,8.93,2.00,0.67
CA-2016-157714,26-09-2016,CS-12175,OFF-PA-10004022,Office Supplies,9.99,1.00,4.50
CA-2017-166709,17-11-2017,HL-15040,TEC-CO-10004722,Technology,10499.97,3.00,5039.99
CA-2015-129392,08-07-2015,DM-13015,OFF-PA-10004248,Office Supplies,21.12,5.00,6.60
CA-2015-150875,16-11-2015,HK-14890,FUR-TA-10000577,Furniture,696.42,2.00,160.18
CA-2015-150875,16-11-2015,HK-14890,TEC-PH-10001254,Technology,304.78,3.00,22.86
CA-2015-154200,18-06-2015,BG-11740,OFF-AR-10001044,Office Supplies,51.98,2.00,15.07
CA-2016-124233,08-04-2016,CK-12595,FUR-FU-10002597,Furniture,24.70,5.00,10.37
US-2015-134271,18-04-2015,RF-19735,OFF-LA-10004093,Office Supplies,21.93,3.00,10.31
US-2016-161683,03-12-2016,CJ-12010,OFF-AP-10000179,Office Supplies,394.82,4.00,93.77
US-2016-161683,03-12-2016,CJ-12010,OFF-BI-10001072,Office Supplies,18.19,4.00,-14.55
CA-2015-143105,10-12-2015,MA-17560,OFF-LA-10004093,Office Supplies,7.31,1.00,3.44
CA-2015-143105,10-12-2015,MA-17560,TEC-CO-10002095,Technology,799.98,2.00,250.00
CA-2015-143105,10-12-2015,MA-17560,OFF-PA-10002713,Office Supplies,41.28,6.00,18.99
CA-2015-143105,10-12-2015,MA-17560,OFF-PA-10002254,Office Supplies,184.66,7.00,84.94
CA-2014-145387,31-10-2014,AM-10705,OFF-AR-10001683,Office Supplies,49.25,5.00,18.72
CA-2014-145387,31-10-2014,AM-10705,OFF-PA-10002195,Office Supplies,10.16,2.00,4.78
CA-2014-145387,31-10-2014,AM-10705,FUR-FU-10002364,Furniture,14.76,2.00,4.28
CA-2014-145387,31-10-2014,AM-10705,OFF-BI-10004001,Office Supplies,34.08,2.00,15.68
CA-2014-145387,31-10-2014,AM-10705,FUR-FU-10000023,Furniture,17.67,3.00,7.77
CA-2014-145387,31-10-2014,AM-10705,FUR-CH-10002320,Furniture,1604.90,5.00,481.47
CA-2014-145387,31-10-2014,AM-10705,FUR-TA-10003238,Furniture,385.69,1.00,-60.61
CA-2017-109715,09-12-2017,AH-10585,OFF-PA-10004965,Office Supplies,15.98,2.00,5.00
CA-2014-166457,05-05-2014,PF-19120,OFF-PA-10003016,Office Supplies,9.42,3.00,4.24
CA-2014-166457,05-05-2014,PF-19120,OFF-AR-10003651,Office Supplies,6.56,2.00,1.90
CA-2014-166457,05-05-2014,PF-19120,OFF-PA-10001363,Office Supplies,24.56,2.00,11.54
CA-2016-164637,04-03-2016,RD-19480,OFF-BI-10003876,Office Supplies,128.40,3.00,64.20
CA-2014-103590,30-11-2014,JL-15505,OFF-EN-10004007,Office Supplies,62.28,4.00,29.27
CA-2015-111234,18-02-2015,AB-10600,OFF-LA-10002271,Office Supplies,9.24,3.00,4.44
CA-2017-149881,01-04-2017,NC-18535,FUR-BO-10003894,Furniture,482.66,8.00,85.18
CA-2017-149881,01-04-2017,NC-18535,TEC-MA-10000418,Technology,4799.98,2.00,360.00
CA-2017-134565,11-06-2017,TB-21400,OFF-PA-10004243,Office Supplies,37.94,2.00,18.21
CA-2017-134565,11-06-2017,TB-21400,OFF-BI-10001759,Office Supplies,18.29,6.00,6.63
CA-2017-134565,11-06-2017,TB-21400,TEC-MA-10001570,Technology,385.80,5.00,130.21
CA-2017-134565,11-06-2017,TB-21400,OFF-ST-10004804,Office Supplies,102.96,2.00,1.03
CA-2017-134565,11-06-2017,TB-21400,FUR-BO-10001519,Furniture,174.42,3.00,41.86
CA-2016-108644,30-09-2016,SJ-20215,OFF-BI-10000343,Office Supplies,1.96,2.00,-3.24
US-2014-102631,13-12-2014,EB-13840,FUR-FU-10003930,Furniture,94.43,3.00,-42.49
CA-2017-120327,11-11-2017,WB-21850,OFF-FA-10004854,Office Supplies,45.92,4.00,21.58
CA-2015-154970,05-01-2015,SR-20740,FUR-CH-10003396,Furniture,61.58,1.00,-6.93
CA-2016-113803,24-03-2016,VG-21805,OFF-PA-10001994,Office Supplies,22.48,1.00,10.34
CA-2017-100223,05-07-2017,LS-16945,FUR-FU-10003601,Furniture,332.03,9.00,-348.63
CA-2017-100223,05-07-2017,LS-16945,OFF-BI-10003429,Office Supplies,11.39,9.00,-17.66
CA-2017-100223,05-07-2017,LS-16945,OFF-PA-10000232,Office Supplies,15.55,3.00,5.64
CA-2017-100223,05-07-2017,LS-16945,OFF-PA-10002195,Office Supplies,31.10,6.00,11.28
CA-2017-100223,05-07-2017,LS-16945,OFF-BI-10004492,Office Supplies,6.32,1.00,-10.42
CA-2014-168823,21-09-2014,MA-17560,OFF-PA-10004000,Office Supplies,11.35,3.00,4.12
CA-2014-168823,21-09-2014,MA-17560,OFF-LA-10004425,Office Supplies,20.81,9.00,7.02
CA-2016-162404,23-07-2016,NF-18475,OFF-BI-10000948,Office Supplies,11.42,4.00,-18.84
CA-2017-104024,29-08-2017,MD-17860,OFF-AR-10001972,Office Supplies,9.41,7.00,0.71
CA-2017-147144,26-03-2017,MZ-17335,OFF-AR-10004587,Office Supplies,19.83,1.00,5.95
CA-2017-158673,29-12-2017,KB-16600,OFF-PA-10000994,Office Supplies,209.70,2.00,100.66
CA-2014-133704,20-09-2014,MA-17995,OFF-AP-10001366,Office Supplies,43.92,4.00,11.86
CA-2014-133704,20-09-2014,MA-17995,OFF-BI-10001636,Office Supplies,20.23,3.00,6.58
CA-2016-159142,04-04-2016,ME-17320,TEC-PH-10001448,Technology,149.97,3.00,6.00
CA-2016-159142,04-04-2016,ME-17320,OFF-PA-10001776,Office Supplies,27.81,3.00,13.07
CA-2014-138436,26-03-2014,JD-15895,TEC-AC-10002323,Technology,66.30,3.00,8.62
CA-2017-117702,28-11-2017,LS-16975,OFF-AR-10004582,Office Supplies,1.64,1.00,0.74
CA-2017-117702,28-11-2017,LS-16975,FUR-FU-10000576,Furniture,1049.20,5.00,272.79
CA-2017-117702,28-11-2017,LS-16975,FUR-FU-10004270,Furniture,20.90,5.00,7.52
CA-2016-157336,01-12-2016,SJ-20500,OFF-BI-10004236,Office Supplies,88.08,6.00,40.52
CA-2016-157336,01-12-2016,SJ-20500,FUR-CH-10004997,Furniture,751.92,4.00,150.38
CA-2014-168130,19-09-2014,BS-11365,FUR-CH-10000988,Furniture,887.10,7.00,177.42
CA-2015-155068,23-10-2015,RA-19285,TEC-PH-10004897,Technology,55.94,7.00,-13.29
CA-2015-155068,23-10-2015,RA-19285,OFF-AR-10002656,Office Supplies,10.69,2.00,2.27
CA-2015-155068,23-10-2015,RA-19285,TEC-PH-10004924,Technology,11.82,2.00,1.03
CA-2017-163160,13-10-2017,TS-21610,OFF-PA-10003127,Office Supplies,63.31,3.00,20.58
CA-2017-163160,13-10-2017,TS-21610,OFF-BI-10000778,Office Supplies,96.78,4.00,-145.18
CA-2017-163160,13-10-2017,TS-21610,FUR-FU-10001424,Furniture,10.48,3.00,-6.81
CA-2015-101924,04-09-2015,KB-16585,OFF-BI-10000962,Office Supplies,9.76,2.00,-6.83
CA-2016-124793,14-03-2016,MM-18280,FUR-CH-10002880,Furniture,196.78,2.00,-22.14
CA-2017-118367,28-10-2017,LO-17170,OFF-EN-10004386,Office Supplies,47.98,2.00,23.99
CA-2017-164819,15-10-2017,RS-19420,OFF-LA-10001045,Office Supplies,13.05,5.00,6.00
CA-2017-158344,07-08-2017,CC-12475,TEC-AC-10002006,Technology,63.96,4.00,19.83
CA-2017-123351,21-09-2017,KT-16480,OFF-AP-10001242,Office Supplies,80.48,1.00,24.14
CA-2017-110429,03-11-2017,DM-13015,OFF-BI-10000216,Office Supplies,11.67,3.00,-7.78
US-2016-131611,05-11-2016,EP-13915,FUR-TA-10002774,Furniture,863.13,8.00,-160.30
US-2016-131611,05-11-2016,EP-13915,OFF-BI-10004364,Office Supplies,3.56,3.00,-6.24
US-2016-131611,05-11-2016,EP-13915,FUR-BO-10000780,Furniture,956.66,7.00,-225.10
US-2016-131611,05-11-2016,EP-13915,OFF-BI-10001989,Office Supplies,12.59,3.00,-20.14
US-2016-131611,05-11-2016,EP-13915,TEC-AC-10004001,Technology,171.96,5.00,45.14
US-2017-124821,25-06-2017,AM-10705,FUR-TA-10000688,Furniture,871.40,4.00,148.14
CA-2015-166975,26-11-2015,SH-20635,FUR-FU-10003930,Furniture,692.47,11.00,190.43
CA-2016-123806,24-11-2016,LA-16780,FUR-FU-10000965,Furniture,207.76,4.00,85.18
US-2017-158505,21-07-2017,SF-20200,TEC-PH-10004071,Technology,71.93,9.00,6.29
US-2017-158505,21-07-2017,SF-20200,OFF-AR-10001044,Office Supplies,25.99,1.00,7.54
CA-2015-142692,23-10-2015,AG-10495,OFF-BI-10004140,Office Supplies,3.59,1.00,1.12
CA-2015-123456,09-07-2015,KN-16450,OFF-AP-10002684,Office Supplies,48.63,2.00,-121.58
CA-2017-151358,18-08-2017,NF-18595,OFF-ST-10000046,Office Supplies,323.10,2.00,61.39
US-2016-107440,16-04-2016,BS-11365,TEC-MA-10001047,Technology,9099.93,7.00,2365.98
US-2016-107440,16-04-2016,BS-11365,FUR-FU-10000550,Furniture,9.96,2.00,3.29
US-2016-107440,16-04-2016,BS-11365,OFF-BI-10002432,Office Supplies,25.30,5.00,11.89
CA-2014-166989,14-11-2014,RM-19675,OFF-PA-10004470,Office Supplies,11.36,2.00,5.23
CA-2014-166989,14-11-2014,RM-19675,FUR-CH-10001797,Furniture,69.26,2.00,14.62
CA-2014-103100,20-12-2014,AB-10105,OFF-LA-10003720,Office Supplies,3.69,1.00,1.73
CA-2014-103100,20-12-2014,AB-10105,OFF-BI-10004600,Office Supplies,1103.97,3.00,496.79
CA-2015-105690,21-11-2015,CA-11965,FUR-BO-10003965,Furniture,246.13,2.00,-76.01
CA-2015-105690,21-11-2015,CA-11965,OFF-LA-10000240,Office Supplies,11.70,2.00,3.95
CA-2015-105690,21-11-2015,CA-11965,TEC-CO-10001571,Technology,439.99,1.00,165.00
CA-2017-127516,28-12-2017,EH-14005,OFF-ST-10000736,Office Supplies,64.78,1.00,-12.96
US-2015-117184,17-05-2015,ON-18715,OFF-BI-10002082,Office Supplies,33.28,5.00,-49.92
US-2015-117184,17-05-2015,ON-18715,OFF-PA-10002250,Office Supplies,14.09,3.00,4.93
CA-2017-102407,09-12-2017,AT-10435,OFF-AR-10000122,Office Supplies,11.16,2.00,2.79
CA-2017-102407,09-12-2017,AT-10435,FUR-TA-10003748,Furniture,896.33,9.00,22.41
CA-2017-102407,09-12-2017,AT-10435,OFF-AP-10001394,Office Supplies,189.00,1.00,68.04
CA-2017-130967,10-03-2017,EB-13870,TEC-PH-10004896,Technology,53.98,3.00,-10.80
CA-2017-101581,22-10-2017,DW-13195,FUR-TA-10002607,Furniture,177.23,5.00,-120.51
CA-2017-169124,03-07-2017,MB-17305,FUR-FU-10001215,Furniture,129.39,3.00,54.34
CA-2017-117261,04-09-2017,TH-21235,OFF-ST-10000419,Office Supplies,54.32,4.00,0.54
CA-2017-129021,23-08-2017,PO-18850,TEC-PH-10001459,Technology,4367.90,13.00,327.59
CA-2017-129021,23-08-2017,PO-18850,OFF-PA-10000241,Office Supplies,49.57,2.00,15.49
CA-2017-129021,23-08-2017,PO-18850,OFF-AP-10003040,Office Supplies,161.38,6.00,12.10
CA-2017-129021,23-08-2017,PO-18850,FUR-FU-10001852,Furniture,2.78,2.00,0.42
CA-2017-129021,23-08-2017,PO-18850,OFF-PA-10000141,Office Supplies,8.72,5.00,2.94
CA-2014-123253,22-08-2014,DE-13255,OFF-AR-10002804,Office Supplies,3.91,1.00,1.03
CA-2016-121601,04-10-2016,MO-17500,OFF-EN-10003862,Office Supplies,59.75,7.00,19.42
CA-2014-162278,26-10-2014,AH-10585,FUR-FU-10000448,Furniture,63.92,4.00,3.20
CA-2014-162278,26-10-2014,AH-10585,TEC-PH-10000526,Technology,383.96,5.00,38.40
CA-2016-161095,28-06-2016,CS-12250,OFF-BI-10002764,Office Supplies,7.75,3.00,2.81
CA-2016-161095,28-06-2016,CS-12250,OFF-BI-10001524,Office Supplies,33.57,2.00,11.75
CA-2014-125829,04-11-2014,WB-21850,TEC-PH-10001079,Technology,666.34,7.00,66.63
CA-2014-125829,04-11-2014,WB-21850,FUR-TA-10002041,Furniture,573.73,4.00,-64.54
CA-2014-125829,04-11-2014,WB-21850,OFF-BI-10001036,Office Supplies,21.94,3.00,8.23
CA-2014-125829,04-11-2014,WB-21850,OFF-PA-10000223,Office Supplies,19.44,3.00,9.33
CA-2014-125829,04-11-2014,WB-21850,TEC-MA-10003246,Technology,447.97,4.00,139.99
CA-2014-123127,08-09-2014,SP-20620,OFF-AP-10001962,Office Supplies,16.78,2.00,4.20
CA-2015-115945,25-06-2015,AB-10165,OFF-AR-10004062,Office Supplies,20.96,2.00,5.24
CA-2015-115945,25-06-2015,AB-10165,OFF-BI-10004330,Office Supplies,88.75,3.00,27.74
CA-2015-115945,25-06-2015,AB-10165,OFF-ST-10001963,Office Supplies,304.23,3.00,9.13
CA-2015-136735,26-07-2015,HA-14920,OFF-EN-10002230,Office Supplies,167.86,2.00,78.89
US-2017-136189,07-12-2017,DC-13285,FUR-FU-10000175,Furniture,82.38,6.00,25.54
CA-2014-152345,29-12-2014,ST-20530,TEC-PH-10004897,Technology,23.98,3.00,-5.69
CA-2014-152345,29-12-2014,ST-20530,OFF-ST-10003123,Office Supplies,33.29,1.00,7.99
US-2015-147662,14-02-2015,KB-16315,OFF-BI-10001658,Office Supplies,14.95,2.00,-11.96
US-2015-147662,14-02-2015,KB-16315,TEC-PH-10002834,Technology,323.98,3.00,-81.00
US-2015-147662,14-02-2015,KB-16315,OFF-BI-10002160,Office Supplies,2.29,2.00,-1.68
US-2015-147662,14-02-2015,KB-16315,OFF-AR-10004999,Office Supplies,14.35,3.00,0.90
US-2015-147662,14-02-2015,KB-16315,TEC-AC-10003280,Technology,71.98,3.00,0.90
CA-2016-153346,25-01-2016,TB-21355,OFF-AR-10000315,Office Supplies,9.21,3.00,2.30
CA-2016-153346,25-01-2016,TB-21355,OFF-PA-10000007,Office Supplies,18.00,5.00,8.28
CA-2017-118360,01-04-2017,JC-15775,OFF-PA-10000791,Office Supplies,42.93,9.00,19.32
CA-2017-149853,03-10-2017,PO-18850,OFF-PA-10000556,Office Supplies,15.55,3.00,5.44
CA-2017-149853,03-10-2017,PO-18850,OFF-AP-10000804,Office Supplies,17.92,5.00,1.12
CA-2017-107909,01-09-2017,SS-20875,TEC-AC-10001998,Technology,19.99,1.00,6.80
CA-2017-107909,01-09-2017,SS-20875,OFF-BI-10003476,Office Supplies,22.92,5.00,8.02
CA-2015-112375,21-12-2015,RD-19720,TEC-AC-10003237,Technology,50.88,6.00,14.63
CA-2015-112375,21-12-2015,RD-19720,OFF-EN-10003798,Office Supplies,27.31,2.00,9.22
CA-2015-154795,20-12-2015,GZ-14470,OFF-EN-10003068,Office Supplies,7.92,1.00,2.77
CA-2015-154795,20-12-2015,GZ-14470,FUR-FU-10002088,Furniture,14.37,2.00,3.95
CA-2015-125234,27-11-2015,SN-20710,TEC-AC-10000158,Technology,107.97,3.00,22.67
CA-2015-125234,27-11-2015,SN-20710,OFF-PA-10000482,Office Supplies,113.82,3.00,53.50
CA-2017-133501,27-08-2017,DK-12895,OFF-PA-10004888,Office Supplies,5.18,1.00,1.81
US-2014-129609,22-03-2014,VM-21835,OFF-AR-10003478,Office Supplies,16.28,2.00,6.51
CA-2017-130309,17-12-2017,GB-14575,OFF-ST-10003208,Office Supplies,544.38,3.00,157.87
CA-2017-105410,19-03-2017,ND-18370,OFF-BI-10004970,Office Supplies,19.82,6.00,6.69
CA-2017-105410,19-03-2017,ND-18370,TEC-PH-10000038,Technology,657.50,6.00,-131.50
CA-2017-105410,19-03-2017,ND-18370,TEC-AC-10001552,Technology,99.54,2.00,10.95
CA-2017-105410,19-03-2017,ND-18370,TEC-AC-10002926,Technology,199.96,4.00,85.98
CA-2016-120355,18-09-2016,MM-17260,FUR-CH-10001394,Furniture,631.78,2.00,140.40
CA-2016-120355,18-09-2016,MM-17260,FUR-FU-10004053,Furniture,60.72,3.00,26.11
CA-2017-169894,24-11-2017,MV-17485,OFF-BI-10004230,Office Supplies,20.72,2.00,-15.20
CA-2017-169894,24-11-2017,MV-17485,OFF-ST-10000060,Office Supplies,415.87,8.00,-41.59
US-2017-100482,11-04-2017,JL-15130,OFF-ST-10001325,Office Supplies,16.77,2.00,1.47
US-2017-100482,11-04-2017,JL-15130,TEC-AC-10003441,Technology,27.12,2.00,-4.75
CA-2017-107748,10-12-2017,AG-10330,TEC-PH-10003215,Technology,95.84,4.00,34.74
CA-2017-107748,10-12-2017,AG-10330,OFF-PA-10002005,Office Supplies,12.96,2.00,6.22
CA-2017-153654,24-11-2017,MD-17860,OFF-BI-10004465,Office Supplies,19.01,8.00,-12.67
CA-2015-155600,04-12-2015,RO-19780,OFF-BI-10000545,Office Supplies,1598.06,7.00,-1065.37
CA-2015-155600,04-12-2015,RO-19780,OFF-AR-10003752,Office Supplies,36.96,4.00,12.01
CA-2017-162565,11-12-2017,RR-19315,OFF-PA-10001937,Office Supplies,10.37,2.00,3.63
CA-2017-162565,11-12-2017,RR-19315,FUR-FU-10004306,Furniture,77.72,1.00,-66.06
CA-2017-162565,11-12-2017,RR-19315,FUR-CH-10003973,Furniture,520.46,2.00,-14.87
CA-2016-127642,21-05-2016,CP-12340,OFF-PA-10000565,Office Supplies,111.96,2.00,54.86
US-2017-163195,17-02-2017,LL-16840,TEC-PH-10003875,Technology,29.16,3.00,8.46
CA-2017-111332,20-05-2017,NC-18340,OFF-AR-10001953,Office Supplies,131.94,3.00,35.62
CA-2017-111332,20-05-2017,NC-18340,OFF-AR-10001374,Office Supplies,25.92,4.00,8.29
CA-2017-111332,20-05-2017,NC-18340,OFF-ST-10003816,Office Supplies,704.76,4.00,162.09
CA-2017-111332,20-05-2017,NC-18340,OFF-FA-10001843,Office Supplies,7.41,3.00,3.48
CA-2017-111332,20-05-2017,NC-18340,OFF-AR-10000657,Office Supplies,21.50,10.00,7.10
CA-2017-117044,11-09-2017,HA-14920,OFF-FA-10000936,Office Supplies,10.53,4.00,3.29
CA-2017-117044,11-09-2017,HA-14920,OFF-PA-10003657,Office Supplies,20.54,6.00,6.42
US-2016-165078,05-11-2016,MA-17995,OFF-BI-10001989,Office Supplies,104.90,5.00,50.35
US-2016-165078,05-11-2016,MA-17995,OFF-AR-10002987,Office Supplies,39.68,2.00,16.27
US-2016-165078,05-11-2016,MA-17995,OFF-LA-10000414,Office Supplies,51.75,5.00,24.84
US-2017-169320,23-07-2017,LH-16900,OFF-AR-10003602,Office Supplies,11.68,2.00,5.49
US-2017-169320,23-07-2017,LH-16900,TEC-AC-10002550,Technology,159.75,5.00,11.18
CA-2016-158575,18-11-2016,SB-20290,OFF-AP-10002998,Office Supplies,103.97,6.00,16.89
CA-2014-166954,25-04-2014,BT-11305,FUR-FU-10003708,Furniture,303.25,5.00,63.68
CA-2014-166954,25-04-2014,BT-11305,OFF-AP-10001391,Office Supplies,270.72,3.00,78.51
CA-2014-166954,25-04-2014,BT-11305,FUR-CH-10003973,Furniture,1487.04,5.00,148.70
CA-2015-140830,30-11-2015,PS-18970,OFF-EN-10000461,Office Supplies,17.48,2.00,8.22
CA-2015-140830,30-11-2015,PS-18970,OFF-EN-10002831,Office Supplies,71.88,2.00,32.35
CA-2015-152891,25-10-2015,TB-21625,OFF-AR-10004648,Office Supplies,60.45,3.00,16.32
CA-2015-152891,25-10-2015,TB-21625,FUR-TA-10001857,Furniture,253.18,3.00,-31.65
US-2015-122784,20-07-2015,RA-19915,OFF-BI-10000546,Office Supplies,2.88,5.00,-4.46
US-2015-122784,20-07-2015,RA-19915,FUR-BO-10004690,Furniture,384.94,4.00,-126.48
US-2015-122784,20-07-2015,RA-19915,TEC-PH-10001557,Technology,153.58,2.00,13.44
US-2015-122784,20-07-2015,RA-19915,FUR-BO-10002545,Furniture,913.43,5.00,-52.20
CA-2016-156811,27-10-2016,BP-11095,OFF-AP-10001366,Office Supplies,43.92,4.00,11.86
CA-2016-156811,27-10-2016,BP-11095,OFF-BI-10001628,Office Supplies,25.03,3.00,7.82
CA-2017-111556,20-11-2017,CD-11920,OFF-PA-10003651,Office Supplies,46.76,7.00,22.44
CA-2017-111556,20-11-2017,CD-11920,FUR-BO-10003159,Furniture,183.97,2.00,-25.30
CA-2017-111556,20-11-2017,CD-11920,TEC-PH-10001459,Technology,1259.97,3.00,327.59
CA-2017-111556,20-11-2017,CD-11920,OFF-AR-10004602,Office Supplies,68.97,3.00,19.31
CA-2016-108868,08-09-2016,KB-16585,OFF-AR-10001953,Office Supplies,70.37,2.00,6.16
CA-2016-108868,08-09-2016,KB-16585,TEC-PH-10000923,Technology,59.96,5.00,21.74
CA-2014-142965,20-07-2014,SW-20245,OFF-ST-10002583,Office Supplies,25.98,1.00,-5.20
CA-2014-142965,20-07-2014,SW-20245,OFF-BI-10000977,Office Supplies,27.36,3.00,-21.89
CA-2016-148740,15-11-2016,AH-10690,TEC-PH-10002549,Technology,361.38,2.00,27.10
US-2014-138758,07-07-2014,JL-15835,FUR-CH-10002880,Furniture,172.19,2.00,-46.74
US-2014-138758,07-07-2014,JL-15835,FUR-FU-10003039,Furniture,69.01,2.00,12.08
CA-2016-131737,17-03-2016,GZ-14470,OFF-EN-10003055,Office Supplies,199.90,5.00,89.96
CA-2016-131737,17-03-2016,GZ-14470,OFF-AP-10002945,Office Supplies,901.95,3.00,297.64
CA-2016-131737,17-03-2016,GZ-14470,FUR-FU-10004306,Furniture,971.50,5.00,252.59
CA-2016-114538,26-12-2016,RC-19825,OFF-AR-10002445,Office Supplies,11.33,2.00,2.55
CA-2014-127936,02-09-2014,CL-12565,OFF-AR-10002445,Office Supplies,21.24,3.00,8.07
CA-2015-164336,05-07-2015,MW-18220,TEC-AC-10002345,Technology,34.80,3.00,2.18
CA-2015-164336,05-07-2015,MW-18220,OFF-ST-10001558,Office Supplies,38.98,3.00,-2.44
CA-2016-100041,20-11-2016,BF-10975,OFF-PA-10001622,Office Supplies,9.08,2.00,4.09
CA-2016-100041,20-11-2016,BF-10975,OFF-PA-10000418,Office Supplies,314.55,3.00,150.98
CA-2016-100041,20-11-2016,BF-10975,OFF-BI-10000343,Office Supplies,4.91,1.00,2.31
US-2014-154879,06-05-2014,SN-20710,OFF-LA-10004425,Office Supplies,5.78,2.00,2.72
US-2014-154879,06-05-2014,SN-20710,OFF-AR-10001897,Office Supplies,107.94,6.00,30.22
CA-2014-130624,21-06-2014,TB-21280,OFF-PA-10003883,Office Supplies,19.65,3.00,9.04
CA-2014-130624,21-06-2014,TB-21280,TEC-PH-10003963,Technology,617.97,3.00,160.67
CA-2014-130624,21-06-2014,TB-21280,OFF-AP-10001303,Office Supplies,59.70,3.00,26.87
CA-2017-132339,19-08-2017,JB-15400,OFF-BI-10003925,Office Supplies,387.99,1.00,182.36
CA-2014-153983,29-11-2014,AH-10210,TEC-PH-10004586,Technology,575.92,2.00,71.99
CA-2014-153983,29-11-2014,AH-10210,OFF-FA-10003495,Office Supplies,30.40,5.00,15.20
CA-2017-112900,09-04-2017,KL-16645,OFF-BI-10002867,Office Supplies,478.24,8.00,219.99
CA-2014-160157,20-12-2014,MH-17455,FUR-FU-10003773,Furniture,190.85,3.00,-21.47
CA-2014-139633,17-12-2014,EC-14050,OFF-BI-10002954,Office Supplies,5.48,4.00,-4.02
CA-2015-163090,17-11-2015,GH-14665,OFF-SU-10002537,Office Supplies,40.92,5.00,3.07
CA-2014-117016,04-03-2014,SC-20095,OFF-AR-10001374,Office Supplies,15.55,3.00,2.33
CA-2017-159464,18-05-2017,TB-21355,OFF-AP-10001492,Office Supplies,17.24,2.00,4.48
CA-2017-159464,18-05-2017,TB-21355,FUR-BO-10003546,Furniture,302.94,3.00,75.74
CA-2017-159464,18-05-2017,TB-21355,TEC-PH-10002185,Technology,34.75,5.00,15.64
CA-2017-159464,18-05-2017,TB-21355,OFF-BI-10000315,Office Supplies,113.94,6.00,54.69
CA-2017-159464,18-05-2017,TB-21355,TEC-PH-10002350,Technology,55.98,2.00,15.67
US-2017-103226,22-09-2017,DW-13195,OFF-PA-10002666,Office Supplies,27.18,3.00,12.23
CA-2017-119452,21-03-2017,CL-12565,FUR-CH-10004495,Furniture,1805.88,6.00,523.71
CA-2017-147725,14-09-2017,LT-17110,OFF-AR-10001725,Office Supplies,70.95,3.00,18.45
CA-2016-168893,03-11-2016,AP-10915,OFF-FA-10002280,Office Supplies,20.00,4.00,9.60
CA-2016-168893,03-11-2016,AP-10915,OFF-AR-10001770,Office Supplies,7.98,3.00,2.07
CA-2016-168893,03-11-2016,AP-10915,FUR-FU-10002885,Furniture,24.10,5.00,9.16
CA-2016-168893,03-11-2016,AP-10915,OFF-AR-10003772,Office Supplies,8.75,1.00,2.63
CA-2016-168893,03-11-2016,AP-10915,FUR-TA-10003392,Furniture,842.94,3.00,160.16
CA-2016-163398,03-05-2016,CB-12415,OFF-BI-10000014,Office Supplies,2.18,1.00,-3.60
CA-2016-163398,03-05-2016,CB-12415,OFF-AR-10003217,Office Supplies,27.38,7.00,2.74
CA-2016-163398,03-05-2016,CB-12415,OFF-AP-10002403,Office Supplies,26.41,3.00,-71.30
CA-2016-162726,27-12-2016,MT-17815,OFF-PA-10001972,Office Supplies,10.37,2.00,3.63
CA-2016-162726,27-12-2016,MT-17815,OFF-PA-10004041,Office Supplies,23.68,4.00,7.40
US-2016-111290,22-07-2016,DK-13375,TEC-AC-10004975,Technology,109.95,1.00,36.28
US-2016-111290,22-07-2016,DK-13375,OFF-ST-10001932,Office Supplies,965.85,5.00,135.22
US-2016-111290,22-07-2016,DK-13375,OFF-AR-10001761,Office Supplies,29.20,5.00,10.51
US-2016-111290,22-07-2016,DK-13375,OFF-PA-10002262,Office Supplies,32.40,5.00,15.55
US-2014-147704,16-11-2014,SR-20740,OFF-EN-10004483,Office Supplies,78.35,5.00,36.82
US-2014-147704,16-11-2014,SR-20740,OFF-PA-10003270,Office Supplies,31.68,6.00,14.26
US-2014-147704,16-11-2014,SR-20740,OFF-BI-10001634,Office Supplies,29.12,4.00,14.27
US-2014-147704,16-11-2014,SR-20740,OFF-ST-10000675,Office Supplies,169.45,5.00,42.36
CA-2015-121965,19-06-2015,LH-17155,FUR-FU-10000732,Furniture,12.56,2.00,4.02
CA-2015-121965,19-06-2015,LH-17155,OFF-PA-10004355,Office Supplies,6.48,1.00,3.11
CA-2015-121965,19-06-2015,LH-17155,OFF-EN-10000056,Office Supplies,186.69,3.00,87.74
CA-2016-147137,04-07-2016,AA-10645,FUR-FU-10000221,Furniture,25.40,5.00,8.64
CA-2016-147137,04-07-2016,AA-10645,OFF-EN-10003567,Office Supplies,43.96,2.00,20.66
CA-2016-147137,04-07-2016,AA-10645,FUR-BO-10001811,Furniture,1279.17,5.00,225.74
CA-2016-147137,04-07-2016,AA-10645,OFF-ST-10002486,Office Supplies,27.92,4.00,0.56
US-2015-146745,03-09-2015,AS-10630,FUR-CH-10002372,Furniture,129.57,2.00,-12.96
US-2015-146745,03-09-2015,AS-10630,OFF-BI-10003274,Office Supplies,6.37,2.00,2.15
CA-2017-115175,07-08-2017,MC-17575,OFF-PA-10001878,Office Supplies,244.55,5.00,114.94
CA-2017-105851,13-03-2017,SE-20110,OFF-SU-10002881,Office Supplies,1332.50,2.00,-299.81
US-2017-125717,28-09-2017,DS-13030,FUR-FU-10001979,Furniture,32.78,1.00,3.28
US-2017-125717,28-09-2017,DS-13030,OFF-ST-10001522,Office Supplies,147.18,2.00,-29.44
US-2017-125717,28-09-2017,DS-13030,TEC-AC-10003657,Technology,54.38,2.00,1.36
US-2017-125717,28-09-2017,DS-13030,OFF-BI-10001718,Office Supplies,76.78,4.00,-58.86
US-2017-125717,28-09-2017,DS-13030,OFF-PA-10003022,Office Supplies,14.35,3.00,5.20
US-2017-125717,28-09-2017,DS-13030,OFF-AP-10000891,Office Supplies,209.79,2.00,26.22
CA-2015-163895,07-08-2015,NS-18640,OFF-BI-10004970,Office Supplies,3.30,1.00,1.12
CA-2017-168641,24-11-2017,KA-16525,OFF-AR-10003759,Office Supplies,16.38,9.00,7.37
CA-2017-168641,24-11-2017,KA-16525,OFF-EN-10003001,Office Supplies,167.96,2.00,78.94
CA-2017-168641,24-11-2017,KA-16525,FUR-BO-10000780,Furniture,321.57,2.00,-16.08
CA-2017-168641,24-11-2017,KA-16525,OFF-PA-10001972,Office Supplies,12.96,2.00,6.22
CA-2017-156895,08-05-2017,DJ-13510,FUR-CH-10003535,Furniture,128.06,3.00,-23.78
CA-2017-121300,29-09-2017,MG-17680,FUR-CH-10003774,Furniture,63.69,1.00,-15.47
CA-2017-121300,29-09-2017,MG-17680,TEC-AC-10004571,Technology,239.98,3.00,65.99
CA-2017-121300,29-09-2017,MG-17680,FUR-TA-10004442,Furniture,344.22,2.00,-189.32
CA-2017-121300,29-09-2017,MG-17680,OFF-PA-10002787,Office Supplies,15.55,3.00,5.44
CA-2017-121300,29-09-2017,MG-17680,FUR-FU-10004586,Furniture,21.25,4.00,7.44
CA-2017-121300,29-09-2017,MG-17680,OFF-PA-10002606,Office Supplies,8.45,2.00,2.64
CA-2017-130211,22-10-2017,BD-11620,OFF-ST-10000129,Office Supplies,333.09,3.00,23.32
CA-2017-130211,22-10-2017,BD-11620,FUR-TA-10003748,Furniture,248.98,2.00,54.78
CA-2014-147235,24-03-2014,CD-11920,OFF-PA-10004948,Office Supplies,24.90,5.00,11.70
CA-2016-109365,03-11-2016,XP-21865,OFF-FA-10001561,Office Supplies,15.26,7.00,5.04
CA-2016-109365,03-11-2016,XP-21865,OFF-AP-10002998,Office Supplies,43.32,2.00,14.30
CA-2016-109365,03-11-2016,XP-21865,OFF-BI-10003981,Office Supplies,43.58,12.00,15.80
CA-2016-109365,03-11-2016,XP-21865,OFF-PA-10001725,Office Supplies,116.28,3.00,56.98
CA-2016-109365,03-11-2016,XP-21865,OFF-BI-10002071,Office Supplies,9.30,2.00,3.02
CA-2016-109365,03-11-2016,XP-21865,OFF-PA-10000477,Office Supplies,19.44,3.00,9.33
CA-2016-109365,03-11-2016,XP-21865,OFF-PA-10004359,Office Supplies,314.55,3.00,150.98
CA-2015-162621,05-09-2015,CA-12055,OFF-BI-10000962,Office Supplies,16.27,5.00,-25.22
CA-2015-162621,05-09-2015,CA-12055,OFF-SU-10003567,Office Supplies,69.12,9.00,-14.69
CA-2015-162621,05-09-2015,CA-12055,OFF-BI-10003708,Office Supplies,4.47,3.00,-7.82
CA-2017-105921,14-08-2017,JM-15250,FUR-TA-10001095,Furniture,418.30,3.00,5.23
CA-2014-150798,01-12-2014,JK-15730,TEC-CO-10001571,Technology,659.99,2.00,110.00
CA-2014-150798,01-12-2014,JK-15730,FUR-FU-10000221,Furniture,8.13,2.00,1.42
CA-2014-150798,01-12-2014,JK-15730,OFF-PA-10001972,Office Supplies,36.29,7.00,12.70
CA-2014-150798,01-12-2014,JK-15730,FUR-CH-10000015,Furniture,909.72,6.00,-51.98
CA-2017-112753,18-06-2017,CC-12670,FUR-BO-10004015,Furniture,917.92,9.00,75.59
CA-2017-112753,18-06-2017,CC-12670,OFF-PA-10002036,Office Supplies,38.88,6.00,19.05
CA-2017-155075,02-12-2017,GW-14605,OFF-BI-10003650,Office Supplies,631.18,4.00,-462.86
CA-2014-103401,21-11-2014,GR-14560,OFF-PA-10003309,Office Supplies,12.96,2.00,6.22
CA-2016-124814,10-04-2016,FM-14215,OFF-PA-10002787,Office Supplies,12.96,2.00,6.22
CA-2016-124814,10-04-2016,FM-14215,OFF-BI-10000174,Office Supplies,23.20,5.00,8.12
CA-2014-116757,30-06-2014,MS-17980,OFF-PA-10002005,Office Supplies,25.92,5.00,9.07
CA-2014-116757,30-06-2014,MS-17980,OFF-FA-10002815,Office Supplies,21.31,6.00,7.19
US-2014-138247,24-12-2014,BF-11170,TEC-PH-10000213,Technology,173.66,7.00,17.37
US-2014-138247,24-12-2014,BF-11170,OFF-AP-10000828,Office Supplies,361.96,2.00,101.35
US-2014-138247,24-12-2014,BF-11170,TEC-AC-10004708,Technology,62.85,3.00,13.20
US-2014-138247,24-12-2014,BF-11170,TEC-PH-10001530,Technology,818.38,3.00,51.15
US-2014-138247,24-12-2014,BF-11170,OFF-ST-10002301,Office Supplies,20.34,1.00,0.20
US-2014-138247,24-12-2014,BF-11170,FUR-FU-10002554,Furniture,23.99,1.00,5.52
CA-2017-167003,23-05-2017,VS-21820,FUR-TA-10001520,Furniture,171.29,3.00,-6.42
CA-2016-119935,10-11-2016,KM-16225,FUR-FU-10001085,Furniture,37.30,2.00,17.16
CA-2016-119935,10-11-2016,KM-16225,OFF-BI-10001597,Office Supplies,81.96,2.00,39.34
CA-2016-118969,02-10-2016,LP-17095,OFF-BI-10002429,Office Supplies,54.79,6.00,-40.18
CA-2016-145240,06-09-2016,BG-11740,OFF-ST-10001590,Office Supplies,10.78,1.00,0.81
CA-2016-120873,27-10-2016,BW-11200,FUR-CH-10000847,Furniture,290.98,1.00,75.65
US-2017-111920,22-10-2017,PS-18970,OFF-AR-10003179,Office Supplies,36.44,4.00,12.03
US-2016-128678,15-09-2016,RB-19570,OFF-PA-10000807,Office Supplies,21.40,5.00,10.06
US-2016-128678,15-09-2016,RB-19570,OFF-BI-10002103,Office Supplies,48.66,7.00,15.82
CA-2016-101385,25-09-2016,JW-16075,OFF-AR-10004441,Office Supplies,16.56,4.00,6.96
CA-2017-107167,10-06-2017,ND-18460,OFF-ST-10003805,Office Supplies,1347.52,8.00,84.22
CA-2014-109491,20-02-2014,LC-16930,TEC-AC-10001284,Technology,62.31,3.00,22.43
CA-2014-109491,20-02-2014,LC-16930,FUR-FU-10000221,Furniture,20.32,4.00,6.91
CA-2017-105445,20-02-2017,BP-11095,OFF-FA-10001229,Office Supplies,9.43,3.00,3.07
CA-2014-107454,02-11-2014,RD-19720,OFF-LA-10001569,Office Supplies,34.86,7.00,16.04
CA-2014-107454,02-11-2014,RD-19720,FUR-FU-10004018,Furniture,89.34,6.00,24.12
US-2017-105046,17-07-2017,BE-11335,TEC-PH-10004536,Technology,269.98,2.00,67.50
US-2017-105046,17-07-2017,BE-11335,OFF-PA-10004353,Office Supplies,99.90,5.00,47.95
US-2017-105046,17-07-2017,BE-11335,FUR-FU-10004848,Furniture,39.08,4.00,14.46
CA-2017-152856,08-09-2017,RS-19765,TEC-AC-10004864,Technology,116.83,4.00,33.59
CA-2016-134691,14-11-2016,KC-16540,OFF-BI-10002393,Office Supplies,2.30,2.00,-3.90
CA-2016-118759,14-11-2016,MB-17305,FUR-CH-10002335,Furniture,408.01,2.00,72.53
CA-2016-118759,14-11-2016,MB-17305,OFF-ST-10001590,Office Supplies,40.44,3.00,10.51
CA-2014-140403,10-10-2014,TN-21040,FUR-CH-10002774,Furniture,122.35,3.00,13.76
CA-2014-140403,10-10-2014,TN-21040,OFF-EN-10001219,Office Supplies,15.28,2.00,7.49
CA-2015-163104,19-03-2015,MC-18130,OFF-PA-10001947,Office Supplies,11.96,2.00,5.86
CA-2017-138464,08-07-2017,VF-21715,FUR-FU-10003142,Furniture,15.84,3.00,4.91
CA-2017-138464,08-07-2017,VF-21715,OFF-BI-10001543,Office Supplies,86.38,3.00,30.23
CA-2017-138464,08-07-2017,VF-21715,OFF-AR-10003560,Office Supplies,18.24,3.00,6.20
CA-2017-138464,08-07-2017,VF-21715,OFF-AR-10004757,Office Supplies,13.12,4.00,4.33
CA-2015-104129,27-02-2015,ES-14080,TEC-PH-10003800,Technology,105.98,2.00,1.06
CA-2015-104129,27-02-2015,ES-14080,FUR-TA-10004152,Furniture,493.92,7.00,-28.22
US-2017-132206,16-06-2017,MK-17905,OFF-BI-10000756,Office Supplies,5.94,7.00,-8.90
CA-2017-113474,30-03-2017,TM-21490,OFF-EN-10004206,Office Supplies,325.86,2.00,149.90
CA-2015-126557,12-07-2015,RL-19615,FUR-CH-10004477,Furniture,383.61,9.00,-5.48
CA-2015-126557,12-07-2015,RL-19615,TEC-PH-10003505,Technology,148.48,2.00,16.70
CA-2015-126557,12-07-2015,RL-19615,TEC-PH-10000526,Technology,537.54,7.00,53.75
CA-2015-126557,12-07-2015,RL-19615,OFF-BI-10003314,Office Supplies,1.93,2.00,-2.99
CA-2015-126557,12-07-2015,RL-19615,OFF-AR-10003190,Office Supplies,6.91,3.00,0.69
CA-2015-126557,12-07-2015,RL-19615,FUR-FU-10001861,Furniture,7.76,1.00,-2.13
CA-2015-126557,12-07-2015,RL-19615,TEC-PH-10003963,Technology,659.17,4.00,49.44
US-2017-107636,30-04-2017,NM-18520,OFF-LA-10003388,Office Supplies,5.76,2.00,2.82
US-2014-165862,13-07-2014,GK-14620,FUR-TA-10002855,Furniture,351.22,3.00,4.39
US-2014-106334,27-12-2014,JF-15490,FUR-CH-10004886,Furniture,230.28,3.00,23.03
US-2014-106334,27-12-2014,JF-15490,OFF-PA-10003657,Office Supplies,12.84,3.00,5.78
CA-2016-101448,27-02-2016,EB-13930,OFF-BI-10004738,Office Supplies,56.82,3.00,28.41
CA-2015-130218,23-03-2015,SG-20470,OFF-FA-10003112,Office Supplies,31.56,4.00,14.20
CA-2015-130218,23-03-2015,SG-20470,OFF-ST-10002486,Office Supplies,27.92,4.00,0.56
US-2017-117331,21-10-2017,ND-18370,OFF-BI-10003984,Office Supplies,8.56,1.00,-6.56
CA-2014-127383,31-12-2014,CM-11815,OFF-EN-10004773,Office Supplies,49.57,2.00,17.97
CA-2014-110219,05-05-2014,EB-13870,FUR-CH-10001146,Furniture,127.87,3.00,-9.13
CA-2015-118871,04-12-2015,HM-14860,OFF-EN-10003296,Office Supplies,271.44,3.00,122.15
CA-2015-118871,04-12-2015,HM-14860,TEC-PH-10000193,Technology,110.35,3.00,8.28
CA-2015-118871,04-12-2015,HM-14860,FUR-FU-10002111,Furniture,36.40,5.00,13.83
CA-2017-129490,26-09-2017,SJ-20125,FUR-CH-10003298,Furniture,419.14,4.00,-57.63
CA-2014-101175,09-12-2014,DM-12955,OFF-ST-10004950,Office Supplies,100.70,6.00,-1.26
US-2017-149510,03-12-2017,MC-17575,OFF-AP-10002350,Office Supplies,45.22,3.00,4.52
US-2017-149510,03-12-2017,MC-17575,OFF-BI-10004233,Office Supplies,28.78,6.00,-21.11
US-2017-149510,03-12-2017,MC-17575,OFF-PA-10001892,Office Supplies,24.45,4.00,8.86
CA-2015-111990,08-11-2015,DB-13660,OFF-BI-10003291,Office Supplies,10.48,6.00,-17.29
CA-2014-169460,19-04-2014,NF-18595,FUR-FU-10004017,Furniture,76.14,3.00,26.65
US-2015-152128,25-05-2015,NM-18445,OFF-AR-10002445,Office Supplies,21.24,3.00,8.07
US-2015-152128,25-05-2015,NM-18445,OFF-BI-10001718,Office Supplies,127.96,2.00,60.14
CA-2017-126662,17-07-2017,AB-10255,TEC-CO-10004202,Technology,479.98,2.00,90.00
CA-2016-139395,12-12-2016,MG-17650,TEC-PH-10002103,Technology,657.93,7.00,184.22
CA-2016-139395,12-12-2016,MG-17650,FUR-FU-10003724,Furniture,33.48,4.00,8.70
CA-2016-139395,12-12-2016,MG-17650,OFF-AR-10003732,Office Supplies,13.90,5.00,3.61
CA-2016-139395,12-12-2016,MG-17650,OFF-ST-10000885,Office Supplies,26.86,2.00,6.72
US-2014-121734,11-04-2014,SE-20110,OFF-BI-10004817,Office Supplies,9.58,1.00,3.35
CA-2015-110947,09-06-2015,AG-10765,OFF-BI-10001670,Office Supplies,113.10,3.00,56.55
US-2014-150126,27-07-2014,AS-10045,OFF-PA-10002709,Office Supplies,65.78,11.00,32.23
CA-2015-164427,31-07-2015,AR-10405,TEC-AC-10004469,Technology,239.70,6.00,105.47
CA-2016-120250,19-09-2016,AP-10720,FUR-FU-10003424,Furniture,25.63,3.00,3.84
CA-2016-121993,10-06-2016,JB-16000,OFF-LA-10003720,Office Supplies,23.62,8.00,7.97
US-2016-100405,26-08-2016,TS-21430,OFF-AR-10000390,Office Supplies,8.26,2.00,3.80
US-2017-163790,02-11-2017,NL-18310,OFF-EN-10001335,Office Supplies,76.58,7.00,38.29
US-2017-163790,02-11-2017,NL-18310,OFF-AR-10003469,Office Supplies,8.80,5.00,4.22
US-2017-163790,02-11-2017,NL-18310,OFF-BI-10003718,Office Supplies,590.35,6.00,206.62
US-2017-163790,02-11-2017,NL-18310,OFF-FA-10004838,Office Supplies,5.58,3.00,0.17
US-2017-163790,02-11-2017,NL-18310,FUR-FU-10002508,Furniture,25.02,3.00,10.51
US-2017-163790,02-11-2017,NL-18310,OFF-ST-10001511,Office Supplies,452.55,7.00,22.63
CA-2016-129868,26-12-2016,MC-18130,OFF-SU-10000952,Office Supplies,17.76,2.00,4.97
CA-2016-129868,26-12-2016,MC-18130,TEC-PH-10002275,Technology,302.38,2.00,30.24
CA-2016-129868,26-12-2016,MC-18130,FUR-CH-10003535,Furniture,146.35,3.00,-5.49
CA-2016-129868,26-12-2016,MC-18130,OFF-AP-10004052,Office Supplies,7.90,2.00,2.05
CA-2016-129868,26-12-2016,MC-18130,FUR-TA-10003473,Furniture,902.71,3.00,33.85
CA-2016-129868,26-12-2016,MC-18130,OFF-AR-10001897,Office Supplies,53.97,3.00,15.11
CA-2016-140564,05-12-2016,TC-21475,OFF-AR-10000034,Office Supplies,33.92,8.00,13.23
US-2017-169502,28-08-2017,MG-17650,OFF-SU-10004115,Office Supplies,21.81,3.00,5.89
US-2017-169502,28-08-2017,MG-17650,OFF-AP-10001947,Office Supplies,91.60,5.00,26.56
CA-2015-146948,16-07-2015,MG-17890,FUR-CH-10004853,Furniture,150.98,1.00,43.78
CA-2015-146948,16-07-2015,MG-17890,OFF-EN-10000483,Office Supplies,137.25,9.00,63.14
CA-2015-146948,16-07-2015,MG-17890,OFF-FA-10001332,Office Supplies,11.52,4.00,5.41
US-2015-113327,26-05-2015,BF-11170,OFF-PA-10003790,Office Supplies,18.27,1.00,5.94
US-2015-113327,26-05-2015,BF-11170,OFF-PA-10003134,Office Supplies,153.73,4.00,53.80
US-2015-113327,26-05-2015,BF-11170,OFF-EN-10004459,Office Supplies,12.22,2.00,4.43
US-2015-113327,26-05-2015,BF-11170,TEC-AC-10003628,Technology,167.94,7.00,50.38
CA-2015-135020,28-05-2015,MS-17770,TEC-PH-10004093,Technology,45.99,1.00,13.34
CA-2015-135020,28-05-2015,MS-17770,OFF-ST-10001490,Office Supplies,535.41,3.00,160.62
CA-2015-135020,28-05-2015,MS-17770,OFF-BI-10000605,Office Supplies,6.10,2.00,2.06
CA-2015-135020,28-05-2015,MS-17770,OFF-PA-10004255,Office Supplies,45.36,7.00,21.77
US-2017-141852,09-11-2017,JE-15745,FUR-FU-10000023,Furniture,47.12,8.00,20.73
CA-2016-109407,24-01-2016,HG-14965,OFF-BI-10000285,Office Supplies,31.36,4.00,15.68
US-2017-165953,31-12-2016,EP-13915,OFF-AR-10000588,Office Supplies,47.62,3.00,3.57
US-2017-165953,31-12-2016,EP-13915,OFF-PA-10002250,Office Supplies,23.48,5.00,8.22
CA-2016-144540,05-09-2016,GH-14410,OFF-AP-10002457,Office Supplies,62.79,3.00,-166.39
CA-2016-144540,05-09-2016,GH-14410,OFF-FA-10002763,Office Supplies,28.44,9.00,4.27
CA-2015-159863,04-09-2015,DS-13180,TEC-AC-10000109,Technology,134.38,3.00,6.72
CA-2015-117800,21-09-2015,TH-21550,TEC-PH-10002415,Technology,589.90,2.00,147.48
CA-2015-117800,21-09-2015,TH-21550,FUR-CH-10000785,Furniture,542.94,3.00,141.16
CA-2017-145219,24-12-2017,RM-19675,TEC-CO-10001449,Technology,2879.95,6.00,1007.98
CA-2017-145219,24-12-2017,RM-19675,OFF-BI-10001670,Office Supplies,90.48,3.00,33.93
CA-2015-161214,05-10-2015,SF-20965,OFF-ST-10001328,Office Supplies,77.55,5.00,21.71
CA-2017-147228,09-09-2017,SO-20335,OFF-SU-10001225,Office Supplies,8.83,3.00,-1.99
CA-2017-147228,09-09-2017,SO-20335,OFF-PA-10000357,Office Supplies,177.54,4.00,62.14
CA-2017-147228,09-09-2017,SO-20335,OFF-ST-10000046,Office Supplies,258.48,2.00,-3.23
CA-2017-147228,09-09-2017,SO-20335,FUR-FU-10000023,Furniture,14.14,3.00,4.24
CA-2016-101336,13-11-2016,CK-12760,OFF-ST-10003455,Office Supplies,77.55,5.00,20.16
CA-2016-101336,13-11-2016,CK-12760,OFF-ST-10000876,Office Supplies,24.88,2.00,6.97
CA-2016-101336,13-11-2016,CK-12760,OFF-AR-10003582,Office Supplies,140.75,5.00,39.41
CA-2016-101336,13-11-2016,CK-12760,OFF-ST-10004258,Office Supplies,36.63,3.00,9.89
US-2015-126235,15-10-2015,GA-14725,FUR-FU-10000719,Furniture,17.14,2.00,6.17
CA-2017-168396,03-08-2017,BD-11725,OFF-LA-10001297,Office Supplies,51.75,5.00,24.84
CA-2017-168396,03-08-2017,BD-11725,FUR-FU-10000723,Furniture,123.96,3.00,11.16
CA-2015-130456,21-08-2015,DS-13180,FUR-BO-10003893,Furniture,586.40,6.00,34.49
CA-2015-130456,21-08-2015,DS-13180,OFF-ST-10000736,Office Supplies,80.98,1.00,3.24
CA-2017-116288,12-03-2017,BS-11380,OFF-ST-10000736,Office Supplies,242.94,3.00,9.72
CA-2017-168228,27-04-2017,AP-10915,OFF-AR-10003373,Office Supplies,123.92,4.00,33.46
CA-2017-168228,27-04-2017,AP-10915,OFF-AR-10000390,Office Supplies,12.39,3.00,5.70
CA-2017-168228,27-04-2017,AP-10915,OFF-AR-10001725,Office Supplies,47.30,2.00,12.30
CA-2016-102162,11-09-2016,JF-15565,TEC-CO-10001943,Technology,1599.92,8.00,751.96
CA-2016-102162,11-09-2016,JF-15565,OFF-EN-10002312,Office Supplies,11.09,1.00,5.43
CA-2017-130141,22-10-2017,HA-14905,OFF-BI-10000831,Office Supplies,3.17,4.00,-2.53
CA-2017-130141,22-10-2017,HA-14905,FUR-CH-10000749,Furniture,579.14,4.00,-28.96
CA-2015-147501,02-08-2015,Co-12640,OFF-BI-10002003,Office Supplies,6.37,2.00,2.15
CA-2015-147501,02-08-2015,Co-12640,TEC-MA-10001972,Technology,558.40,2.00,41.88
CA-2016-143910,12-08-2016,BC-11125,FUR-CH-10000225,Furniture,145.76,2.00,-8.10
CA-2014-146885,30-05-2014,EB-13840,OFF-PA-10001622,Office Supplies,13.62,3.00,6.13
CA-2016-139556,26-04-2016,DB-13360,FUR-CH-10004983,Furniture,434.65,3.00,62.78
CA-2017-129357,14-05-2017,KB-16585,OFF-PA-10003228,Office Supplies,440.19,9.00,206.89
CA-2017-129357,14-05-2017,KB-16585,OFF-SU-10004498,Office Supplies,64.40,5.00,1.93
CA-2017-150987,08-04-2017,AH-10120,OFF-PA-10001878,Office Supplies,244.55,5.00,114.94
CA-2017-150987,08-04-2017,AH-10120,OFF-PA-10002923,Office Supplies,195.76,4.00,97.88
CA-2017-132647,17-02-2017,GH-14410,OFF-PA-10001838,Office Supplies,11.76,2.00,5.76
CA-2017-132647,17-02-2017,GH-14410,OFF-ST-10003123,Office Supplies,166.45,5.00,39.95
CA-2017-159107,24-06-2017,KT-16480,OFF-FA-10001332,Office Supplies,2.88,1.00,1.35
CA-2014-160738,05-05-2014,KH-16330,OFF-ST-10003442,Office Supplies,45.25,2.00,3.96
CA-2015-112130,03-05-2015,SV-20785,OFF-AR-10001468,Office Supplies,59.90,2.00,14.23
CA-2015-112130,03-05-2015,SV-20785,OFF-AP-10003266,Office Supplies,23.70,2.00,6.52
CA-2015-112130,03-05-2015,SV-20785,OFF-PA-10002230,Office Supplies,7.97,2.00,2.89
CA-2015-112130,03-05-2015,SV-20785,OFF-AP-10003622,Office Supplies,18.20,7.00,2.05
CA-2015-112130,03-05-2015,SV-20785,TEC-AC-10001542,Technology,27.55,3.00,-0.34
CA-2015-112130,03-05-2015,SV-20785,FUR-CH-10002965,Furniture,844.12,6.00,-36.18
CA-2015-112130,03-05-2015,SV-20785,OFF-ST-10000563,Office Supplies,76.75,3.00,-9.59
CA-2016-111409,18-09-2016,PO-18850,OFF-LA-10002787,Office Supplies,3.00,1.00,1.05
CA-2016-116232,22-09-2016,AC-10450,OFF-BI-10004022,Office Supplies,7.51,9.00,-6.00
CA-2016-116232,22-09-2016,AC-10450,OFF-LA-10001158,Office Supplies,16.56,2.00,5.80
CA-2016-116547,10-01-2016,KB-16585,FUR-FU-10000076,Furniture,79.92,4.00,34.37
CA-2016-116547,10-01-2016,KB-16585,TEC-AC-10002335,Technology,69.98,2.00,13.30
US-2017-133200,06-05-2017,DB-13555,OFF-BI-10002827,Office Supplies,11.06,10.00,-18.80
US-2017-133200,06-05-2017,DB-13555,FUR-BO-10001601,Furniture,623.46,7.00,-119.19
US-2017-133200,06-05-2017,DB-13555,OFF-ST-10001932,Office Supplies,772.68,5.00,-57.95
CA-2016-133550,31-07-2016,KL-16645,OFF-AP-10001005,Office Supplies,283.14,4.00,72.36
CA-2016-133550,31-07-2016,KL-16645,TEC-PH-10004042,Technology,635.96,4.00,165.35
CA-2016-133550,31-07-2016,KL-16645,TEC-PH-10001079,Technology,118.99,1.00,33.32
CA-2016-133550,31-07-2016,KL-16645,FUR-FU-10002918,Furniture,272.94,3.00,30.02
CA-2017-139416,27-03-2017,AG-10270,FUR-FU-10003832,Furniture,15.01,2.00,1.50
CA-2014-114510,14-03-2014,JF-15295,OFF-BI-10001617,Office Supplies,33.09,4.00,11.17
CA-2014-114510,14-03-2014,JF-15295,OFF-ST-10000736,Office Supplies,80.98,1.00,3.24
CA-2014-114510,14-03-2014,JF-15295,TEC-AC-10004877,Technology,82.80,12.00,6.62
CA-2014-114510,14-03-2014,JF-15295,OFF-ST-10003221,Office Supplies,21.36,2.00,5.77
CA-2014-114510,14-03-2014,JF-15295,OFF-BI-10003007,Office Supplies,62.05,2.00,20.17
CA-2016-169215,14-07-2016,RE-19450,OFF-FA-10000936,Office Supplies,29.61,9.00,13.32
CA-2016-127698,01-12-2016,MV-18190,TEC-PH-10003811,Technology,863.93,9.00,86.39
CA-2016-159912,29-08-2016,GB-14530,FUR-TA-10004152,Furniture,241.92,4.00,-56.45
CA-2016-159912,29-08-2016,GB-14530,FUR-BO-10002853,Furniture,163.88,4.00,-81.94
CA-2016-159912,29-08-2016,GB-14530,OFF-BI-10002071,Office Supplies,3.49,2.00,-2.79
CA-2016-159912,29-08-2016,GB-14530,OFF-FA-10000053,Office Supplies,10.58,7.00,-2.38
CA-2016-101987,24-06-2016,HL-15040,TEC-PH-10001305,Technology,440.91,9.00,123.45
US-2017-154851,30-03-2017,BP-11155,OFF-BI-10001525,Office Supplies,5.72,5.00,-4.76
CA-2014-138681,20-12-2014,CT-11995,FUR-FU-10001876,Furniture,51.97,2.00,10.39
CA-2014-138681,20-12-2014,CT-11995,TEC-AC-10003628,Technology,71.98,3.00,21.59
CA-2014-138681,20-12-2014,CT-11995,FUR-CH-10004860,Furniture,242.35,3.00,-42.41
CA-2014-138681,20-12-2014,CT-11995,OFF-PA-10000357,Office Supplies,221.92,5.00,77.67
CA-2014-138681,20-12-2014,CT-11995,OFF-PA-10003270,Office Supplies,8.45,2.00,2.64
US-2015-138121,17-12-2015,JL-15835,OFF-BI-10000320,Office Supplies,29.52,4.00,14.46
US-2015-138121,17-12-2015,JL-15835,FUR-CH-10003846,Furniture,302.94,3.00,48.47
US-2015-138121,17-12-2015,JL-15835,FUR-CH-10004875,Furniture,142.36,2.00,38.44
US-2015-138121,17-12-2015,JL-15835,FUR-CH-10003817,Furniture,546.66,9.00,136.67
US-2015-138121,17-12-2015,JL-15835,FUR-FU-10002116,Furniture,212.13,3.00,14.85
CA-2017-140298,11-05-2017,JK-16120,OFF-AR-10003481,Office Supplies,5.25,2.00,0.59
CA-2017-140298,11-05-2017,JK-16120,OFF-ST-10004180,Office Supplies,74.42,2.00,-14.88
CA-2017-140298,11-05-2017,JK-16120,OFF-PA-10003657,Office Supplies,6.85,2.00,2.14
CA-2017-140298,11-05-2017,JK-16120,FUR-FU-10001967,Furniture,8.00,1.00,-7.00
CA-2016-166240,24-06-2016,DH-13075,OFF-AP-10002082,Office Supplies,8.71,2.00,-19.60
CA-2016-158435,17-05-2016,AG-10900,OFF-SU-10000381,Office Supplies,65.17,7.00,18.90
CA-2016-158435,17-05-2016,AG-10900,OFF-LA-10002475,Office Supplies,14.62,2.00,6.87
CA-2016-158435,17-05-2016,AG-10900,FUR-FU-10003975,Furniture,173.24,4.00,17.32
CA-2017-138149,29-06-2017,WB-21850,OFF-BI-10003091,Office Supplies,895.92,5.00,302.37
CA-2017-138149,29-06-2017,WB-21850,OFF-ST-10002974,Office Supplies,130.71,3.00,39.21
CA-2017-138149,29-06-2017,WB-21850,OFF-AR-10000255,Office Supplies,11.68,2.00,3.04
CA-2017-138149,29-06-2017,WB-21850,TEC-AC-10001284,Technology,62.31,3.00,22.43
CA-2014-112403,31-03-2014,JO-15280,OFF-BI-10003529,Office Supplies,0.85,1.00,-0.60
CA-2014-108273,16-12-2014,EJ-13720,OFF-PA-10000029,Office Supplies,36.29,7.00,12.70
CA-2014-108273,16-12-2014,EJ-13720,FUR-FU-10002116,Furniture,56.57,2.00,-74.95
CA-2017-121643,18-05-2017,AB-10105,TEC-PH-10002200,Technology,344.70,2.00,38.78
US-2015-122910,12-05-2015,LT-16765,TEC-PH-10000441,Technology,201.58,2.00,20.16
CA-2017-143126,03-12-2017,CM-12655,FUR-TA-10002958,Furniture,521.96,2.00,88.73
CA-2015-129042,12-12-2015,EM-13960,OFF-AR-10001662,Office Supplies,8.22,3.00,2.22
CA-2015-109736,10-10-2015,DJ-13420,OFF-PA-10004101,Office Supplies,45.36,7.00,21.77
CA-2015-142601,18-04-2015,DE-13255,OFF-ST-10002756,Office Supplies,947.17,7.00,9.47
CA-2015-142601,18-04-2015,DE-13255,OFF-PA-10000483,Office Supplies,61.96,2.00,27.88
CA-2014-106229,07-06-2014,NR-18550,FUR-TA-10002041,Furniture,268.94,3.00,-209.77
US-2017-135230,01-09-2017,CK-12325,OFF-AR-10001166,Office Supplies,7.58,1.00,2.96
CA-2016-159653,22-05-2016,JF-15490,OFF-LA-10004345,Office Supplies,14.73,3.00,7.22
CA-2016-131968,11-11-2016,LB-16795,OFF-BI-10002852,Office Supplies,9.89,2.00,-6.92
CA-2016-131968,11-11-2016,LB-16795,OFF-AP-10001058,Office Supplies,671.54,3.00,50.37
CA-2014-119151,25-11-2014,MP-18175,OFF-ST-10003470,Office Supplies,1117.92,4.00,55.90
CA-2014-119151,25-11-2014,MP-18175,FUR-BO-10003159,Furniture,275.95,3.00,-37.94
CA-2014-123323,07-11-2014,LH-16900,OFF-BI-10003684,Office Supplies,123.14,7.00,46.18
CA-2016-124681,18-07-2016,SV-20935,TEC-AC-10000487,Technology,15.58,3.00,3.31
US-2015-103996,29-03-2015,RB-19435,OFF-PA-10001736,Office Supplies,212.64,6.00,99.94
US-2015-103996,29-03-2015,RB-19435,OFF-PA-10001609,Office Supplies,9.87,3.00,4.54
US-2015-103996,29-03-2015,RB-19435,TEC-AC-10003116,Technology,53.25,3.00,20.77
US-2015-103996,29-03-2015,RB-19435,FUR-FU-10004586,Furniture,19.92,3.00,9.56
CA-2016-120530,07-04-2016,Dl-13600,FUR-CH-10000454,Furniture,658.75,3.00,146.39
CA-2015-155054,13-06-2015,PS-19045,OFF-BI-10004970,Office Supplies,8.26,2.00,3.88
CA-2015-155054,13-06-2015,PS-19045,OFF-BI-10002824,Office Supplies,29.84,2.00,13.43
CA-2015-155054,13-06-2015,PS-19045,TEC-AC-10003657,Technology,67.98,2.00,14.96
CA-2015-105725,18-02-2015,GT-14755,OFF-LA-10003510,Office Supplies,61.06,2.00,28.09
CA-2015-105725,18-02-2015,GT-14755,FUR-TA-10001676,Furniture,35.54,1.00,-0.89
CA-2017-164364,12-11-2017,CS-12355,OFF-LA-10004853,Office Supplies,9.96,2.00,4.58
CA-2017-164364,12-11-2017,CS-12355,OFF-AR-10000315,Office Supplies,9.21,3.00,2.30
CA-2017-164364,12-11-2017,CS-12355,OFF-SU-10000381,Office Supplies,27.93,3.00,8.10
CA-2017-168123,05-03-2017,JD-16060,OFF-FA-10002763,Office Supplies,7.90,2.00,2.53
CA-2017-168123,05-03-2017,JD-16060,OFF-ST-10000877,Office Supplies,221.16,4.00,57.50
CA-2017-168123,05-03-2017,JD-16060,OFF-BI-10001071,Office Supplies,127.96,2.00,62.70
CA-2017-168123,05-03-2017,JD-16060,OFF-BI-10001097,Office Supplies,18.69,3.00,9.16
CA-2016-120005,03-03-2016,TS-21160,OFF-SU-10004782,Office Supplies,25.35,3.00,7.61
CA-2016-120005,03-03-2016,TS-21160,FUR-FU-10000672,Furniture,35.28,3.00,12.00
CA-2016-123526,24-12-2016,BV-11245,OFF-PA-10002986,Office Supplies,33.40,5.00,16.03
CA-2016-127649,07-10-2016,DL-13495,TEC-MA-10001972,Technology,837.60,3.00,62.82
CA-2016-159989,09-12-2016,EB-13870,TEC-PH-10000169,Technology,40.68,3.00,-9.15
CA-2017-103499,20-11-2017,ES-14020,FUR-CH-10001482,Furniture,209.57,2.00,-23.58
US-2015-167220,12-12-2015,JB-15925,TEC-AC-10002018,Technology,22.37,4.00,6.43
CA-2017-126354,03-02-2017,SC-20380,OFF-BI-10000301,Office Supplies,3.88,2.00,-2.59
CA-2017-126354,03-02-2017,SC-20380,OFF-PA-10004381,Office Supplies,115.30,3.00,40.35
CA-2017-169817,21-09-2017,EB-13870,OFF-BI-10004141,Office Supplies,1.91,2.00,-1.53
US-2017-144582,30-04-2017,TC-21475,OFF-BI-10001575,Office Supplies,43.37,7.00,-69.40
CA-2014-121573,03-11-2014,SG-20605,TEC-PH-10000984,Technology,783.96,4.00,219.51
CA-2014-121573,03-11-2014,SG-20605,OFF-BI-10000666,Office Supplies,48.90,2.00,18.34
CA-2014-121573,03-11-2014,SG-20605,OFF-BI-10003712,Office Supplies,7.86,2.00,2.85
CA-2016-117660,30-12-2016,BM-11785,OFF-LA-10003720,Office Supplies,5.90,2.00,1.99
CA-2016-117660,30-12-2016,BM-11785,OFF-SU-10001664,Office Supplies,13.71,2.00,1.03
CA-2014-112851,17-09-2014,NR-18550,OFF-EN-10001453,Office Supplies,182.94,3.00,85.98
CA-2017-123701,24-11-2017,PG-18820,OFF-AR-10001860,Office Supplies,27.76,4.00,9.99
CA-2015-118227,24-04-2015,DB-13270,OFF-AR-10001044,Office Supplies,25.99,1.00,7.54
CA-2015-123155,09-03-2015,NS-18640,TEC-AC-10002473,Technology,113.52,5.00,29.80
CA-2015-123155,09-03-2015,NS-18640,TEC-PH-10001809,Technology,359.88,3.00,22.49
CA-2017-158883,02-06-2017,CS-11860,OFF-PA-10004733,Office Supplies,25.34,4.00,9.19
US-2016-114888,19-09-2016,CC-12430,OFF-BI-10003355,Office Supplies,11.95,3.00,4.18
US-2016-114888,19-09-2016,CC-12430,OFF-SU-10001212,Office Supplies,6.24,3.00,1.87
US-2014-167262,31-10-2014,AC-10450,TEC-PH-10000486,Technology,742.34,8.00,83.51
CA-2017-119746,23-11-2017,CM-12385,FUR-FU-10004909,Furniture,6.46,1.00,-4.04
CA-2017-119746,23-11-2017,CM-12385,OFF-LA-10001613,Office Supplies,11.52,5.00,4.18
CA-2017-119746,23-11-2017,CM-12385,TEC-PH-10004447,Technology,222.38,2.00,16.68
CA-2017-108091,16-11-2017,EK-13795,OFF-AR-10000255,Office Supplies,23.36,4.00,6.07
CA-2016-101630,19-02-2016,CK-12760,OFF-LA-10004425,Office Supplies,8.67,3.00,4.07
CA-2016-101630,19-02-2016,CK-12760,OFF-SU-10001664,Office Supplies,25.71,3.00,6.68
CA-2017-132346,07-11-2017,PK-19075,OFF-AP-10000696,Office Supplies,100.94,7.00,33.31
CA-2014-150301,08-07-2014,MH-18025,FUR-CH-10002647,Furniture,63.88,1.00,10.65
CA-2014-159310,07-11-2014,SC-20725,FUR-CH-10002758,Furniture,683.14,4.00,0.00
CA-2014-159310,07-11-2014,SC-20725,OFF-BI-10000201,Office Supplies,1.48,3.00,-2.21
CA-2014-159310,07-11-2014,SC-20725,OFF-SU-10004115,Office Supplies,40.71,7.00,3.56
US-2017-147984,28-01-2017,GB-14575,OFF-PA-10000806,Office Supplies,279.90,5.00,137.15
CA-2015-104346,11-12-2015,IM-15070,OFF-AR-10001473,Office Supplies,13.12,5.00,1.15
CA-2015-104346,11-12-2015,IM-15070,FUR-BO-10003450,Furniture,69.58,4.00,-143.79
CA-2015-104346,11-12-2015,IM-15070,OFF-AR-10001545,Office Supplies,4.22,3.00,0.48
CA-2015-104346,11-12-2015,IM-15070,TEC-AC-10004396,Technology,58.08,4.00,-6.53
CA-2015-104346,11-12-2015,IM-15070,FUR-FU-10002456,Furniture,52.42,9.00,15.07
CA-2015-104346,11-12-2015,IM-15070,FUR-FU-10001473,Furniture,54.92,5.00,10.98
CA-2015-104346,11-12-2015,IM-15070,FUR-TA-10000849,Furniture,364.95,5.00,-248.17
CA-2015-104346,11-12-2015,IM-15070,OFF-PA-10001166,Office Supplies,85.06,3.00,28.71
CA-2015-104346,11-12-2015,IM-15070,OFF-PA-10003256,Office Supplies,27.70,3.00,9.69
US-2015-141684,29-06-2015,MM-18055,OFF-PA-10002870,Office Supplies,24.96,4.00,11.23
CA-2015-144722,16-03-2015,MF-18250,FUR-FU-10001215,Furniture,43.13,1.00,18.11
CA-2015-120516,13-08-2015,CK-12595,OFF-BI-10004187,Office Supplies,5.64,3.00,2.71
US-2016-148901,14-05-2016,MK-17905,OFF-BI-10001718,Office Supplies,57.58,3.00,-44.15
US-2016-148901,14-05-2016,MK-17905,OFF-PA-10004983,Office Supplies,31.10,6.00,10.89
US-2016-148901,14-05-2016,MK-17905,FUR-FU-10002396,Furniture,30.19,3.00,8.30
US-2016-148901,14-05-2016,MK-17905,TEC-PH-10003988,Technology,43.60,5.00,4.36
US-2016-148901,14-05-2016,MK-17905,OFF-AR-10002467,Office Supplies,4.77,2.00,0.42
US-2016-148901,14-05-2016,MK-17905,OFF-BI-10004002,Office Supplies,10.38,2.00,-7.61
US-2016-148901,14-05-2016,MK-17905,OFF-BI-10002309,Office Supplies,13.39,8.00,-9.82
CA-2017-136364,13-07-2017,MH-17455,TEC-PH-10003885,Technology,39.59,1.00,-7.26
CA-2017-136364,13-07-2017,MH-17455,FUR-FU-10002501,Furniture,91.01,9.00,19.34
CA-2015-137708,22-11-2015,NG-18430,OFF-PA-10000176,Office Supplies,37.94,2.00,18.21
CA-2015-137708,22-11-2015,NG-18430,OFF-PA-10000327,Office Supplies,42.80,10.00,19.26
CA-2015-137708,22-11-2015,NG-18430,OFF-ST-10004634,Office Supplies,33.63,3.00,10.09
CA-2014-149055,23-11-2014,PB-19210,OFF-EN-10003040,Office Supplies,62.81,3.00,21.20
CA-2015-151589,27-12-2015,RE-19450,OFF-PA-10003228,Office Supplies,195.64,4.00,91.95
CA-2015-151589,27-12-2015,RE-19450,TEC-PH-10004345,Technology,239.90,2.00,71.97
CA-2016-121370,14-11-2016,EB-14110,FUR-CH-10000785,Furniture,380.06,3.00,-21.72
CA-2016-121370,14-11-2016,EB-14110,TEC-CO-10004115,Technology,1199.98,4.00,180.00
CA-2016-121370,14-11-2016,EB-14110,FUR-FU-10002813,Furniture,48.58,3.00,9.72
CA-2016-111696,08-05-2016,TB-21625,OFF-PA-10002751,Office Supplies,17.94,3.00,8.07
CA-2014-139598,26-12-2014,MG-17695,OFF-PA-10004569,Office Supplies,18.26,3.00,6.16
CA-2014-139598,26-12-2014,MG-17695,OFF-AP-10002998,Office Supplies,34.66,2.00,5.63
CA-2014-139598,26-12-2014,MG-17695,OFF-AP-10003287,Office Supplies,81.55,2.00,8.16
CA-2014-139598,26-12-2014,MG-17695,OFF-ST-10001370,Office Supplies,227.14,4.00,-42.59
CA-2017-117436,08-06-2017,LW-17125,OFF-BI-10004040,Office Supplies,10.36,2.00,5.08
CA-2015-140025,07-04-2015,PF-19120,OFF-AP-10002651,Office Supplies,463.25,8.00,-1181.28
CA-2015-140025,07-04-2015,PF-19120,TEC-AC-10002402,Technology,383.95,6.00,47.99
CA-2016-134222,10-07-2016,NZ-18565,OFF-BI-10001658,Office Supplies,44.86,6.00,-35.88
CA-2016-140018,21-11-2016,CK-12205,TEC-MA-10000752,Technology,30.35,7.00,-24.28
CA-2016-140018,21-11-2016,CK-12205,FUR-CH-10003817,Furniture,127.55,3.00,-9.11
CA-2016-140018,21-11-2016,CK-12205,FUR-FU-10001876,Furniture,77.95,3.00,15.59
US-2017-136707,12-11-2017,JE-15610,OFF-BI-10003460,Office Supplies,14.02,4.00,4.91
CA-2014-152562,01-11-2014,JO-15145,OFF-ST-10000464,Office Supplies,69.52,2.00,19.47
CA-2014-152562,01-11-2014,JO-15145,OFF-AR-10001919,Office Supplies,5.64,3.00,1.64
CA-2016-152408,15-05-2016,TT-21220,OFF-BI-10002393,Office Supplies,13.78,3.00,4.48
CA-2014-120278,07-11-2014,MS-17365,OFF-AP-10001293,Office Supplies,245.88,6.00,68.85
CA-2014-120278,07-11-2014,MS-17365,OFF-ST-10004258,Office Supplies,36.63,3.00,9.89
CA-2014-120278,07-11-2014,MS-17365,OFF-ST-10002214,Office Supplies,22.58,2.00,5.87
CA-2014-120278,07-11-2014,MS-17365,OFF-BI-10004970,Office Supplies,12.39,3.00,5.82
CA-2017-167661,05-10-2017,MP-18175,OFF-BI-10002571,Office Supplies,39.92,5.00,13.47
CA-2017-167661,05-10-2017,MP-18175,OFF-PA-10002581,Office Supplies,61.96,2.00,27.88
CA-2017-167661,05-10-2017,MP-18175,OFF-BI-10001097,Office Supplies,19.94,4.00,7.23
CA-2017-106831,01-06-2017,FH-14350,OFF-BI-10003429,Office Supplies,3.80,2.00,-2.66
CA-2017-106831,01-06-2017,FH-14350,OFF-PA-10000682,Office Supplies,27.74,6.00,10.06
CA-2017-106831,01-06-2017,FH-14350,TEC-PH-10001700,Technology,158.38,4.00,-34.31
CA-2017-154123,20-11-2017,SC-20050,FUR-FU-10000629,Furniture,27.58,2.00,11.58
CA-2016-136049,23-12-2016,NM-18520,OFF-BI-10001267,Office Supplies,5.55,3.00,-4.07
CA-2017-118402,29-09-2017,JO-15280,OFF-ST-10001418,Office Supplies,243.92,5.00,-54.88
US-2016-139388,07-11-2016,CC-12475,OFF-FA-10004968,Office Supplies,14.96,4.00,0.30
US-2014-128685,04-04-2014,MZ-17515,OFF-BI-10004140,Office Supplies,7.18,2.00,2.25
CA-2015-124044,23-07-2015,MS-17830,OFF-BI-10003460,Office Supplies,10.51,3.00,3.68
CA-2014-164469,25-06-2014,GK-14620,TEC-PH-10002115,Technology,263.96,5.00,19.80
CA-2014-164469,25-06-2014,GK-14620,OFF-AR-10003478,Office Supplies,71.63,11.00,17.91
CA-2014-164469,25-06-2014,GK-14620,OFF-AR-10000475,Office Supplies,9.33,1.00,0.82
CA-2014-107818,08-09-2014,MC-17275,OFF-AR-10003045,Office Supplies,5.88,2.00,2.65
CA-2014-107818,08-09-2014,MC-17275,FUR-CH-10000454,Furniture,975.92,5.00,121.99
CA-2014-107818,08-09-2014,MC-17275,OFF-AR-10000380,Office Supplies,303.84,8.00,91.15
CA-2014-107818,08-09-2014,MC-17275,OFF-ST-10000736,Office Supplies,485.88,6.00,19.44
CA-2014-113320,12-12-2014,LH-17155,FUR-FU-10004270,Furniture,12.54,3.00,4.51
CA-2014-113320,12-12-2014,LH-17155,OFF-ST-10000617,Office Supplies,8.94,3.00,0.63
CA-2014-113320,12-12-2014,LH-17155,FUR-FU-10001706,Furniture,9.24,3.00,4.44
CA-2015-137526,13-01-2015,PB-19150,OFF-BI-10003364,Office Supplies,70.01,3.00,24.50
CA-2015-137526,13-01-2015,PB-19150,FUR-FU-10001861,Furniture,77.60,4.00,38.02
CA-2015-137526,13-01-2015,PB-19150,FUR-FU-10004845,Furniture,464.85,9.00,92.97
CA-2017-136063,15-12-2017,SS-20140,OFF-AR-10000823,Office Supplies,10.19,7.00,1.02
CA-2016-101546,18-12-2016,GK-14620,OFF-BI-10001359,Office Supplies,1793.98,2.00,843.17
CA-2014-138940,11-04-2014,GM-14455,TEC-PH-10001835,Technology,758.35,6.00,265.42
CA-2016-125164,10-11-2016,SH-19975,OFF-BI-10001191,Office Supplies,20.37,1.00,7.38
CA-2016-125164,10-11-2016,SH-19975,OFF-BI-10003982,Office Supplies,49.85,3.00,16.82
CA-2017-163531,26-06-2017,SC-20725,TEC-PH-10001425,Technology,239.97,3.00,67.19
CA-2017-122490,13-11-2017,TT-21070,FUR-CH-10001215,Furniture,2404.70,6.00,150.29
CA-2017-122490,13-11-2017,TT-21070,OFF-BI-10001718,Office Supplies,563.02,11.00,190.02
CA-2017-122490,13-11-2017,TT-21070,OFF-ST-10000991,Office Supplies,344.91,3.00,10.35
CA-2017-122490,13-11-2017,TT-21070,OFF-LA-10001613,Office Supplies,8.64,3.00,4.23
CA-2017-131366,24-11-2017,SC-20440,TEC-PH-10003437,Technology,89.99,2.00,-15.00
CA-2017-131366,24-11-2017,SC-20440,OFF-PA-10000675,Office Supplies,229.54,7.00,83.21
CA-2017-164042,23-05-2017,KL-16645,OFF-FA-10000840,Office Supplies,1.82,2.00,0.62
CA-2017-164042,23-05-2017,KL-16645,OFF-AP-10001947,Office Supplies,18.32,5.00,-46.72
CA-2017-164042,23-05-2017,KL-16645,OFF-ST-10002301,Office Supplies,48.82,3.00,-11.59
CA-2017-164042,23-05-2017,KL-16645,OFF-BI-10001922,Office Supplies,1.19,1.00,-1.96
CA-2014-132864,02-12-2014,KN-16390,TEC-AC-10001267,Technology,119.80,5.00,29.95
US-2014-155817,03-10-2014,SL-20155,OFF-ST-10000532,Office Supplies,61.57,2.00,4.62
US-2014-155817,03-10-2014,SL-20155,OFF-AR-10002335,Office Supplies,6.19,3.00,0.46
US-2016-131891,29-07-2016,PW-19240,OFF-BI-10000201,Office Supplies,2.21,3.00,-1.48
CA-2017-143567,02-11-2017,TB-21175,OFF-EN-10004846,Office Supplies,5.32,2.00,2.61
CA-2017-143567,02-11-2017,TB-21175,FUR-CH-10000454,Furniture,975.92,4.00,292.78
CA-2017-143567,02-11-2017,TB-21175,TEC-AC-10004145,Technology,2249.91,9.00,517.48
CA-2017-143567,02-11-2017,TB-21175,OFF-ST-10001580,Office Supplies,59.92,4.00,16.78
CA-2017-104080,08-03-2017,AH-10210,OFF-BI-10003876,Office Supplies,171.20,5.00,64.20
CA-2017-104080,08-03-2017,AH-10210,OFF-AR-10001972,Office Supplies,3.36,2.00,0.87
CA-2014-151379,16-12-2014,SC-20695,OFF-PA-10000595,Office Supplies,114.20,5.00,52.53
CA-2016-163167,28-11-2016,RF-19345,FUR-CH-10004477,Furniture,182.67,3.00,52.97
CA-2016-163167,28-11-2016,RF-19345,TEC-AC-10003441,Technology,101.70,6.00,6.10
CA-2016-163167,28-11-2016,RF-19345,OFF-ST-10004459,Office Supplies,1126.02,3.00,56.30
CA-2016-163167,28-11-2016,RF-19345,OFF-ST-10003805,Office Supplies,1263.30,6.00,315.83
CA-2016-135776,23-12-2016,EH-13765,OFF-AR-10001246,Office Supplies,8.82,3.00,2.56
CA-2016-135776,23-12-2016,EH-13765,OFF-PA-10001295,Office Supplies,37.94,2.00,18.21
CA-2016-135776,23-12-2016,EH-13765,OFF-AR-10001231,Office Supplies,4.20,2.00,1.18
CA-2016-135776,23-12-2016,EH-13765,OFF-ST-10002743,Office Supplies,227.28,2.00,2.27
CA-2016-135776,23-12-2016,EH-13765,OFF-PA-10004327,Office Supplies,47.90,1.00,22.99
CA-2016-135776,23-12-2016,EH-13765,OFF-EN-10004773,Office Supplies,61.96,2.00,30.36
CA-2016-135776,23-12-2016,EH-13765,OFF-ST-10003470,Office Supplies,1117.92,4.00,55.90
US-2014-122021,15-10-2014,AC-10660,FUR-CH-10003761,Furniture,183.37,2.00,-7.86
US-2014-122021,15-10-2014,AC-10660,OFF-PA-10002230,Office Supplies,7.97,2.00,2.89
CA-2016-130484,22-08-2016,SG-20470,OFF-BI-10000088,Office Supplies,26.35,8.00,-18.45
CA-2017-120936,17-12-2017,CA-12310,OFF-ST-10001526,Office Supplies,481.32,4.00,125.14
CA-2017-120936,17-12-2017,CA-12310,OFF-SU-10002557,Office Supplies,13.98,1.00,3.63
CA-2017-110884,07-03-2017,SH-20395,OFF-BI-10003669,Office Supplies,25.92,6.00,9.07
CA-2017-110884,07-03-2017,SH-20395,OFF-LA-10003510,Office Supplies,91.59,3.00,42.13
US-2014-161613,01-12-2014,MC-17605,FUR-CH-10003746,Furniture,674.06,3.00,-19.26
US-2014-146353,14-10-2014,JE-15610,OFF-BI-10003476,Office Supplies,22.92,4.00,11.00
US-2014-146353,14-10-2014,JE-15610,OFF-ST-10001469,Office Supplies,269.90,5.00,16.19
CA-2014-133809,18-11-2014,MS-17530,OFF-BI-10001757,Office Supplies,11.81,8.00,-8.66
CA-2014-133809,18-11-2014,MS-17530,TEC-PH-10004875,Technology,9.59,2.00,-2.08
CA-2017-127306,14-01-2017,BH-11710,OFF-EN-10001219,Office Supplies,18.34,3.00,6.65
CA-2017-127306,14-01-2017,BH-11710,OFF-PA-10000019,Office Supplies,36.29,7.00,12.70
CA-2017-127306,14-01-2017,BH-11710,TEC-PH-10001924,Technology,111.98,2.00,7.00
CA-2017-127306,14-01-2017,BH-11710,OFF-BI-10002003,Office Supplies,5.97,5.00,-4.58
CA-2017-127306,14-01-2017,BH-11710,OFF-BI-10003727,Office Supplies,2.51,2.00,-1.84
CA-2015-161830,24-09-2015,ME-17725,OFF-AR-10004042,Office Supplies,35.96,2.00,10.43
CA-2015-161830,24-09-2015,ME-17725,OFF-BI-10001097,Office Supplies,14.95,3.00,5.42
CA-2017-163125,09-10-2017,MB-17305,OFF-AR-10004344,Office Supplies,67.14,7.00,5.88
CA-2017-163125,09-10-2017,MB-17305,FUR-CH-10001802,Furniture,254.06,3.00,-32.66
CA-2016-160304,02-01-2016,BM-11575,FUR-BO-10004709,Furniture,173.94,3.00,38.27
CA-2016-160304,02-01-2016,BM-11575,TEC-PH-10000455,Technology,231.98,2.00,67.27
CA-2017-101728,19-08-2017,SC-20575,OFF-BI-10002393,Office Supplies,2.30,2.00,-3.90
CA-2017-114055,25-12-2017,MH-18115,OFF-PA-10004381,Office Supplies,96.08,2.00,46.12
CA-2017-114055,25-12-2017,MH-18115,OFF-FA-10003059,Office Supplies,3.62,2.00,1.19
CA-2017-114055,25-12-2017,MH-18115,OFF-PA-10000994,Office Supplies,629.10,6.00,301.97
CA-2017-114055,25-12-2017,MH-18115,TEC-PH-10002890,Technology,90.48,2.00,23.52
CA-2017-126438,10-09-2017,AR-10345,OFF-AR-10003338,Office Supplies,14.88,2.00,3.72
CA-2017-117653,19-10-2017,MO-17500,FUR-TA-10003008,Furniture,91.28,1.00,-67.54
CA-2017-143245,01-12-2017,AD-10180,OFF-PA-10001972,Office Supplies,19.44,3.00,9.33
CA-2017-143245,01-12-2017,AD-10180,FUR-CH-10000155,Furniture,897.15,3.00,251.20
US-2014-138828,02-09-2014,KD-16345,OFF-AR-10000658,Office Supplies,57.75,5.00,16.17
US-2014-138828,02-09-2014,KD-16345,OFF-PA-10000349,Office Supplies,14.94,3.00,7.02
CA-2017-143651,25-03-2017,FM-14215,OFF-AR-10001446,Office Supplies,23.10,2.00,6.93
CA-2015-106978,28-09-2015,ZC-21910,OFF-EN-10004483,Office Supplies,12.54,1.00,4.23
CA-2015-106978,28-09-2015,ZC-21910,OFF-BI-10002012,Office Supplies,1.08,2.00,-0.79
CA-2015-106978,28-09-2015,ZC-21910,OFF-FA-10003021,Office Supplies,4.51,3.00,0.85
CA-2015-155124,15-03-2015,KS-16300,TEC-PH-10003356,Technology,16.78,3.00,1.68
CA-2017-150931,06-01-2017,DP-13390,OFF-BI-10004728,Office Supplies,33.74,7.00,15.52
CA-2014-157147,13-01-2014,BD-11605,OFF-ST-10000078,Office Supplies,1325.85,5.00,238.65
CA-2014-157147,13-01-2014,BD-11605,FUR-BO-10003034,Furniture,334.00,3.00,3.93
CA-2014-157147,13-01-2014,BD-11605,OFF-AR-10003514,Office Supplies,19.90,5.00,6.57
CA-2015-156482,06-02-2015,IL-15100,FUR-CH-10001708,Furniture,1268.82,9.00,266.45
CA-2015-156482,06-02-2015,IL-15100,FUR-BO-10002598,Furniture,283.92,4.00,82.34
CA-2015-156482,06-02-2015,IL-15100,OFF-AR-10001022,Office Supplies,5.68,2.00,1.76
CA-2017-106782,21-12-2017,LP-17095,OFF-ST-10004459,Office Supplies,375.34,1.00,18.77
CA-2016-151372,05-09-2016,JH-15985,OFF-PA-10004381,Office Supplies,96.08,2.00,46.12
CA-2016-151372,05-09-2016,JH-15985,OFF-BI-10000050,Office Supplies,11.68,2.00,3.94
CA-2016-151372,05-09-2016,JH-15985,OFF-FA-10000304,Office Supplies,4.36,2.00,1.79
CA-2014-102085,04-10-2014,JD-16015,OFF-LA-10002475,Office Supplies,29.24,4.00,13.74
CA-2017-107125,27-11-2017,BD-11320,OFF-BI-10001989,Office Supplies,117.49,7.00,41.12
CA-2017-107125,27-11-2017,BD-11320,FUR-FU-10000732,Furniture,18.84,3.00,6.03
CA-2016-125815,28-10-2016,DL-13330,OFF-AR-10004441,Office Supplies,12.42,3.00,5.22
CA-2015-144190,09-06-2015,NC-18415,OFF-PA-10000304,Office Supplies,12.96,2.00,6.22
CA-2017-117926,08-12-2017,AS-10225,OFF-AP-10002670,Office Supplies,69.48,1.00,20.84
CA-2015-153906,16-03-2015,MS-17980,TEC-PH-10001527,Technology,85.90,2.00,2.58
CA-2014-160262,09-06-2014,TS-21205,OFF-AR-10002335,Office Supplies,18.06,7.00,4.70
CA-2014-160262,09-06-2014,TS-21205,OFF-PA-10003641,Office Supplies,79.14,3.00,36.40
CA-2014-160262,09-06-2014,TS-21205,FUR-FU-10002685,Furniture,37.40,2.00,14.21
CA-2015-127607,20-03-2015,JK-15730,OFF-BI-10001308,Office Supplies,2.51,2.00,-4.40
CA-2015-127607,20-03-2015,JK-15730,OFF-FA-10003485,Office Supplies,18.86,9.00,6.13
CA-2016-166226,18-11-2016,TC-21535,TEC-PH-10003357,Technology,61.19,1.00,6.12
CA-2016-166226,18-11-2016,TC-21535,OFF-AP-10002867,Office Supplies,67.84,1.00,18.32
CA-2014-156587,07-03-2014,AB-10015,FUR-CH-10004477,Furniture,48.71,1.00,5.48
CA-2014-156587,07-03-2014,AB-10015,OFF-AR-10001427,Office Supplies,17.94,3.00,4.66
CA-2014-156587,07-03-2014,AB-10015,OFF-ST-10002344,Office Supplies,242.94,3.00,4.86
CA-2016-141180,15-05-2016,DP-13000,OFF-BI-10000301,Office Supplies,7.76,4.00,-5.18
CA-2015-109708,25-05-2015,CY-12745,TEC-PH-10001944,Technology,467.04,4.00,58.38
CA-2015-122406,02-08-2015,BE-11455,TEC-PH-10001527,Technology,128.85,3.00,3.87
CA-2015-122406,02-08-2015,BE-11455,OFF-PA-10001307,Office Supplies,8.40,2.00,4.12
CA-2015-122406,02-08-2015,BE-11455,TEC-AC-10004571,Technology,199.98,2.00,83.99
CA-2015-122406,02-08-2015,BE-11455,FUR-CH-10001973,Furniture,110.98,1.00,15.54
US-2016-153815,06-11-2016,KL-16555,FUR-CH-10000513,Furniture,207.98,2.00,-28.60
US-2016-153815,06-11-2016,KL-16555,OFF-PA-10002421,Office Supplies,36.11,2.00,12.64
US-2016-153815,06-11-2016,KL-16555,FUR-FU-10004090,Furniture,35.57,2.00,5.78
US-2016-153815,06-11-2016,KL-16555,OFF-PA-10004071,Office Supplies,88.77,2.00,31.07
CA-2016-164896,07-11-2016,PS-19045,OFF-PA-10002246,Office Supplies,12.90,2.00,6.32
CA-2015-142202,18-09-2015,JR-16210,TEC-AC-10003198,Technology,717.12,9.00,152.39
CA-2015-165050,07-12-2015,AH-10210,OFF-BI-10001031,Office Supplies,21.36,5.00,7.21
CA-2015-165050,07-12-2015,AH-10210,OFF-BI-10003727,Office Supplies,6.69,2.00,2.34
CA-2015-165050,07-12-2015,AH-10210,TEC-PH-10001336,Technology,773.94,6.00,224.44
US-2016-131114,09-12-2016,RW-19630,OFF-SU-10001664,Office Supplies,20.57,3.00,1.54
US-2016-131114,09-12-2016,RW-19630,OFF-AP-10003971,Office Supplies,4.36,2.00,-11.76
US-2016-131114,09-12-2016,RW-19630,TEC-AC-10000199,Technology,19.04,4.00,-1.43
CA-2014-160066,16-11-2014,AH-10075,OFF-LA-10001045,Office Supplies,5.22,2.00,2.40
CA-2016-109925,06-11-2016,IM-15070,OFF-ST-10003442,Office Supplies,84.84,3.00,22.91
CA-2015-160696,06-09-2015,CK-12760,OFF-FA-10003059,Office Supplies,7.24,5.00,1.18
CA-2014-125171,03-09-2014,AG-10390,OFF-LA-10001175,Office Supplies,14.40,5.00,7.06
CA-2016-149279,24-04-2016,CL-12700,OFF-PA-10003441,Office Supplies,15.55,3.00,5.44
CA-2016-149279,24-04-2016,CL-12700,FUR-CH-10004287,Furniture,1325.76,6.00,149.15
CA-2016-149279,24-04-2016,CL-12700,OFF-BI-10004040,Office Supplies,3.11,2.00,-2.18
CA-2017-107321,31-08-2017,AW-10930,OFF-BI-10004022,Office Supplies,6.67,3.00,2.17
CA-2017-107321,31-08-2017,AW-10930,TEC-PH-10002200,Technology,689.41,4.00,77.56
US-2017-122714,07-12-2017,HG-14965,OFF-BI-10001120,Office Supplies,1889.99,5.00,-2929.48
CA-2015-153038,18-12-2015,RB-19645,OFF-EN-10000461,Office Supplies,55.94,8.00,18.88
CA-2015-153038,18-12-2015,RB-19645,OFF-LA-10004008,Office Supplies,18.43,8.00,5.99
CA-2015-153038,18-12-2015,RB-19645,FUR-FU-10000221,Furniture,20.32,5.00,3.56
CA-2014-132227,04-11-2014,SZ-20035,OFF-BI-10000962,Office Supplies,52.06,4.00,18.87
CA-2017-155824,10-03-2017,KS-16300,OFF-AP-10000390,Office Supplies,48.78,1.00,3.66
CA-2017-155824,10-03-2017,KS-16300,OFF-BI-10000014,Office Supplies,13.09,4.00,-10.04
CA-2016-129238,31-01-2016,SC-20050,TEC-PH-10004120,Technology,109.59,1.00,8.22
CA-2016-129238,31-01-2016,SC-20050,OFF-PA-10002764,Office Supplies,56.70,5.00,27.78
CA-2017-159688,07-05-2017,AB-10060,TEC-AC-10000736,Technology,79.99,1.00,28.80
CA-2016-136126,24-05-2016,EH-14125,OFF-SU-10000898,Office Supplies,69.50,5.00,20.16
CA-2016-136126,24-05-2016,EH-14125,OFF-PA-10004327,Office Supplies,191.60,4.00,91.97
CA-2016-155033,07-10-2016,CC-12475,OFF-PA-10000143,Office Supplies,10.56,2.00,5.07
CA-2014-156006,30-04-2014,TM-21010,TEC-AC-10002550,Technology,47.79,3.00,16.25
CA-2015-158659,10-11-2015,SC-20695,OFF-ST-10003306,Office Supplies,714.30,5.00,207.15
CA-2015-169796,09-11-2015,Dp-13240,TEC-MA-10000045,Technology,2321.90,2.00,1114.51
CA-2015-169796,09-11-2015,Dp-13240,OFF-ST-10001505,Office Supplies,17.94,3.00,3.05
CA-2015-102876,07-09-2015,LR-17035,OFF-BI-10004781,Office Supplies,9.52,1.00,-6.98
CA-2015-102876,07-09-2015,LR-17035,TEC-PH-10002680,Technology,791.96,6.00,-131.99
CA-2015-102876,07-09-2015,LR-17035,OFF-BI-10000848,Office Supplies,4.92,3.00,-3.94
US-2017-139647,11-05-2017,TS-21370,FUR-BO-10004467,Furniture,209.98,7.00,-356.96
US-2017-160465,21-07-2017,SW-20350,OFF-BI-10001670,Office Supplies,33.93,3.00,-22.62
US-2017-160465,21-07-2017,SW-20350,OFF-ST-10000136,Office Supplies,222.32,7.00,25.01
US-2017-160465,21-07-2017,SW-20350,TEC-PH-10004522,Technology,210.56,6.00,-52.64
CA-2014-153850,24-11-2014,TH-21100,FUR-FU-10002960,Furniture,35.17,7.00,9.67
CA-2014-153850,24-11-2014,TH-21100,TEC-PH-10002584,Technology,1502.38,4.00,-250.40
CA-2014-127558,15-11-2014,SS-20410,FUR-FU-10002505,Furniture,10.11,3.00,3.24
CA-2014-127558,15-11-2014,SS-20410,TEC-AC-10003832,Technology,772.47,3.00,146.77
CA-2014-127558,15-11-2014,SS-20410,OFF-SU-10002537,Office Supplies,20.46,2.00,5.32
CA-2017-136511,23-03-2017,MZ-17515,OFF-SU-10003505,Office Supplies,347.58,3.00,17.38
CA-2016-133795,18-12-2016,JE-15475,TEC-AC-10001465,Technology,72.64,2.00,21.79
CA-2016-133795,18-12-2016,JE-15475,TEC-AC-10003832,Technology,772.47,3.00,146.77
CA-2016-133795,18-12-2016,JE-15475,FUR-FU-10003731,Furniture,39.92,4.00,11.18
US-2017-130953,29-07-2017,RF-19735,OFF-BI-10004828,Office Supplies,33.48,2.00,16.41
US-2017-130953,29-07-2017,RF-19735,TEC-PH-10003012,Technology,461.97,3.00,133.97
US-2017-130953,29-07-2017,RF-19735,OFF-AP-10002311,Office Supplies,137.62,2.00,60.55
US-2017-130953,29-07-2017,RF-19735,FUR-CH-10004626,Furniture,302.67,3.00,72.64
CA-2014-151792,02-09-2014,CV-12295,TEC-AC-10001606,Technology,239.98,3.00,53.99
CA-2017-139304,29-01-2017,VG-21790,OFF-AR-10001216,Office Supplies,8.34,3.00,2.17
CA-2017-139304,29-01-2017,VG-21790,OFF-SU-10001664,Office Supplies,8.57,1.00,2.23
CA-2017-139304,29-01-2017,VG-21790,OFF-BI-10002498,Office Supplies,119.62,8.00,40.37
CA-2016-155166,26-12-2016,BB-11545,FUR-CH-10003968,Furniture,212.94,3.00,25.55
CA-2016-155166,26-12-2016,BB-11545,OFF-AP-10002765,Office Supplies,26.49,1.00,7.42
CA-2015-103954,09-08-2015,HR-14770,FUR-BO-10004690,Furniture,687.40,5.00,48.12
CA-2014-169803,06-04-2014,SC-20260,FUR-TA-10000688,Furniture,653.55,3.00,111.10
CA-2014-169803,06-04-2014,SC-20260,TEC-AC-10003441,Technology,33.90,2.00,2.03
CA-2017-141719,17-11-2017,EG-13900,TEC-AC-10003610,Technology,239.96,5.00,83.99
CA-2015-136469,11-07-2015,TS-21370,FUR-TA-10001520,Furniture,199.84,4.00,-37.11
CA-2015-136469,11-07-2015,TS-21370,TEC-PH-10001817,Technology,716.00,2.00,193.32
CA-2015-136469,11-07-2015,TS-21370,OFF-BI-10004492,Office Supplies,221.06,7.00,103.90
CA-2016-158694,10-11-2016,AI-10855,OFF-PA-10002421,Office Supplies,67.71,3.00,32.50
CA-2016-158694,10-11-2016,AI-10855,OFF-AP-10000055,Office Supplies,129.92,4.00,38.98
CA-2016-158694,10-11-2016,AI-10855,FUR-FU-10000965,Furniture,467.46,9.00,191.66
CA-2016-158694,10-11-2016,AI-10855,OFF-PA-10001363,Office Supplies,61.40,5.00,28.86
CA-2016-158694,10-11-2016,AI-10855,OFF-ST-10001496,Office Supplies,720.76,4.00,187.40
CA-2016-158694,10-11-2016,AI-10855,OFF-BI-10004656,Office Supplies,5.18,3.00,1.81
CA-2016-158694,10-11-2016,AI-10855,OFF-AR-10001227,Office Supplies,14.70,5.00,3.97
US-2014-104759,31-03-2014,DD-13570,OFF-BI-10002071,Office Supplies,8.13,7.00,-13.83
US-2014-104759,31-03-2014,DD-13570,TEC-AC-10004901,Technology,79.98,2.00,14.00
CA-2015-150511,18-09-2015,AB-10060,OFF-PA-10001776,Office Supplies,18.54,2.00,8.71
CA-2015-134922,07-11-2015,KB-16240,OFF-EN-10000483,Office Supplies,24.40,2.00,7.93
US-2017-120607,19-05-2017,JC-15775,OFF-PA-10003129,Office Supplies,195.64,4.00,91.95
CA-2015-141243,03-01-2015,AH-10465,TEC-AC-10003198,Technology,398.40,5.00,84.66
CA-2015-141243,03-01-2015,AH-10465,OFF-AR-10001246,Office Supplies,7.06,3.00,0.79
CA-2015-141243,03-01-2015,AH-10465,FUR-BO-10003272,Furniture,1352.40,9.00,-437.54
CA-2015-162166,08-09-2015,NM-18520,OFF-PA-10002606,Office Supplies,26.40,5.00,11.88
CA-2015-162166,08-09-2015,NM-18520,OFF-ST-10002486,Office Supplies,41.88,6.00,0.84
CA-2016-120796,03-04-2016,CS-11950,OFF-BI-10004330,Office Supplies,99.85,9.00,-83.21
CA-2016-109722,05-12-2016,TP-21130,TEC-PH-10000560,Technology,699.98,2.00,195.99
CA-2016-109722,05-12-2016,TP-21130,OFF-ST-10000060,Office Supplies,584.82,9.00,70.18
CA-2015-136798,08-05-2015,DL-12925,OFF-BI-10003684,Office Supplies,43.98,2.00,21.99
CA-2015-136798,08-05-2015,DL-12925,TEC-PH-10000441,Technology,377.97,3.00,105.83
CA-2015-136798,08-05-2015,DL-12925,FUR-FU-10000723,Furniture,123.96,3.00,11.16
CA-2017-122196,22-09-2017,CA-12265,TEC-PH-10004977,Technology,391.98,2.00,113.67
CA-2017-142090,30-11-2017,SC-20380,TEC-AC-10002001,Technology,383.98,3.00,81.59
CA-2017-142090,30-11-2017,SC-20380,FUR-TA-10001889,Furniture,1781.68,7.00,-653.28
CA-2017-160934,15-01-2017,TT-21460,OFF-AR-10003504,Office Supplies,21.40,5.00,6.21
CA-2014-124478,08-08-2014,MA-17560,TEC-CO-10001571,Technology,549.99,1.00,275.00
CA-2014-124478,08-08-2014,MA-17560,OFF-AP-10002495,Office Supplies,167.54,3.00,37.23
CA-2014-124478,08-08-2014,MA-17560,OFF-EN-10002500,Office Supplies,38.34,3.00,17.25
CA-2014-124478,08-08-2014,MA-17560,FUR-FU-10002088,Furniture,53.88,6.00,22.63
CA-2014-124478,08-08-2014,MA-17560,TEC-PH-10001128,Technology,299.98,2.00,83.99
CA-2015-145485,05-11-2015,JM-16195,OFF-ST-10000649,Office Supplies,62.80,4.00,15.70
CA-2017-151071,25-04-2017,MB-18085,OFF-BI-10002103,Office Supplies,13.90,2.00,4.52
CA-2014-134572,20-04-2014,SV-20365,FUR-TA-10001705,Furniture,744.10,5.00,-95.67
CA-2014-134572,20-04-2014,SV-20365,OFF-ST-10004634,Office Supplies,44.84,5.00,5.61
CA-2014-134572,20-04-2014,SV-20365,FUR-TA-10004442,Furniture,401.59,2.00,-131.95
CA-2017-143217,11-11-2017,CG-12040,OFF-BI-10002949,Office Supplies,18.24,3.00,8.57
US-2017-133312,25-11-2017,BD-11500,FUR-BO-10002213,Furniture,359.50,3.00,-29.61
US-2017-133312,25-11-2017,BD-11500,OFF-ST-10001325,Office Supplies,10.48,1.00,2.83
US-2015-137533,18-12-2015,JK-15640,OFF-PA-10003441,Office Supplies,20.74,4.00,7.26
CA-2016-155138,08-09-2016,JM-15580,TEC-AC-10004209,Technology,35.17,4.00,8.35
CA-2016-155138,08-09-2016,JM-15580,OFF-PA-10000501,Office Supplies,64.70,3.00,23.46
CA-2016-108350,06-06-2016,SC-20230,OFF-PA-10003656,Office Supplies,105.52,4.00,48.54
CA-2015-144302,19-06-2015,ME-17320,OFF-BI-10001107,Office Supplies,5.79,2.00,-9.56
CA-2015-109001,05-03-2015,KN-16390,TEC-PH-10000562,Technology,466.16,7.00,-93.23
CA-2015-109001,05-03-2015,KN-16390,TEC-AC-10001101,Technology,10.31,1.00,-1.29
CA-2015-109001,05-03-2015,KN-16390,OFF-BI-10003529,Office Supplies,2.56,3.00,-1.79
CA-2017-132738,04-08-2017,HM-14860,OFF-PA-10001752,Office Supplies,7.97,2.00,2.89
CA-2017-132738,04-08-2017,HM-14860,OFF-EN-10001141,Office Supplies,8.78,1.00,3.18
CA-2017-156720,30-12-2017,JM-15580,OFF-FA-10003472,Office Supplies,3.02,3.00,-0.60
CA-2015-119102,23-05-2015,KH-16690,OFF-ST-10004507,Office Supplies,51.45,3.00,13.89
US-2014-140452,06-12-2014,BK-11260,OFF-AP-10004036,Office Supplies,14.02,4.00,-31.54
US-2014-140452,06-12-2014,BK-11260,FUR-TA-10004086,Furniture,214.95,5.00,-120.37
US-2014-140452,06-12-2014,BK-11260,TEC-PH-10000307,Technology,35.04,4.00,-7.01
US-2014-140452,06-12-2014,BK-11260,FUR-FU-10002088,Furniture,10.78,3.00,-4.85
US-2014-140452,06-12-2014,BK-11260,OFF-BI-10004965,Office Supplies,4.60,2.00,-8.05
US-2014-140452,06-12-2014,BK-11260,OFF-ST-10002485,Office Supplies,35.17,2.00,-8.35
CA-2015-141936,07-08-2015,PN-18775,OFF-BI-10002194,Office Supplies,19.15,3.00,6.46
CA-2014-158442,17-03-2014,AZ-10750,OFF-AR-10003732,Office Supplies,4.45,2.00,0.33
CA-2014-158442,17-03-2014,AZ-10750,OFF-PA-10002195,Office Supplies,5.18,1.00,1.88
CA-2014-158442,17-03-2014,AZ-10750,OFF-PA-10002365,Office Supplies,15.55,3.00,5.44
CA-2015-167374,26-03-2015,GM-14500,OFF-PA-10001950,Office Supplies,40.03,6.00,12.51
CA-2015-167374,26-03-2015,GM-14500,TEC-AC-10004633,Technology,16.78,3.00,5.03
CA-2014-116568,14-12-2014,BM-11785,FUR-CH-10002439,Furniture,186.30,4.00,13.97
CA-2015-147102,19-09-2015,NH-18610,TEC-AC-10000682,Technology,66.36,4.00,23.23
CA-2017-132213,25-04-2017,PN-18775,OFF-AR-10004078,Office Supplies,42.05,9.00,5.26
CA-2017-132213,25-04-2017,PN-18775,OFF-AR-10001958,Office Supplies,67.92,5.00,6.79
CA-2014-138450,18-10-2014,EH-13765,OFF-EN-10001335,Office Supplies,52.51,6.00,19.69
CA-2014-138450,18-10-2014,EH-13765,OFF-ST-10003479,Office Supplies,186.91,6.00,-35.05
CA-2014-138450,18-10-2014,EH-13765,OFF-PA-10003016,Office Supplies,10.05,4.00,3.14
CA-2015-153073,13-11-2015,HA-14905,FUR-FU-10001025,Furniture,17.50,9.00,-7.44
CA-2016-147970,31-01-2016,AB-10150,OFF-PA-10003936,Office Supplies,15.55,3.00,5.44
CA-2016-150658,17-11-2016,MS-17365,OFF-BI-10004140,Office Supplies,10.78,3.00,3.37
CA-2017-125640,25-07-2017,DD-13570,OFF-LA-10004178,Office Supplies,3.30,1.00,1.07
CA-2017-154137,11-11-2017,MT-17815,OFF-ST-10003324,Office Supplies,35.48,1.00,0.00
CA-2015-127173,26-09-2015,GM-14500,OFF-FA-10004854,Office Supplies,34.44,3.00,16.19
CA-2015-127173,26-09-2015,GM-14500,TEC-MA-10002859,Technology,629.93,7.00,296.07
CA-2015-127173,26-09-2015,GM-14500,OFF-BI-10000088,Office Supplies,79.06,9.00,28.66
CA-2014-149538,04-04-2014,KB-16585,OFF-ST-10004180,Office Supplies,232.55,5.00,9.30
CA-2014-149538,04-04-2014,KB-16585,TEC-AC-10002926,Technology,99.98,2.00,42.99
CA-2014-149538,04-04-2014,KB-16585,OFF-PA-10003797,Office Supplies,19.44,3.00,9.33
CA-2014-149538,04-04-2014,KB-16585,OFF-PA-10002195,Office Supplies,12.96,2.00,6.35
CA-2014-160766,14-09-2014,DM-13015,FUR-TA-10001039,Furniture,464.29,9.00,-108.33
CA-2014-160766,14-09-2014,DM-13015,OFF-EN-10001099,Office Supplies,68.46,7.00,31.49
CA-2014-160766,14-09-2014,DM-13015,TEC-MA-10003979,Technology,2799.96,4.00,1371.98
CA-2014-160766,14-09-2014,DM-13015,OFF-AP-10002945,Office Supplies,601.30,2.00,198.43
CA-2014-160766,14-09-2014,DM-13015,TEC-PH-10001536,Technology,16.99,1.00,4.42
CA-2014-160766,14-09-2014,DM-13015,TEC-PH-10000526,Technology,287.97,3.00,80.63
CA-2014-160766,14-09-2014,DM-13015,OFF-PA-10000213,Office Supplies,44.82,9.00,21.07
CA-2017-146626,29-12-2017,BP-11185,FUR-FU-10002501,Furniture,101.12,8.00,37.41
CA-2015-123330,21-06-2015,EP-13915,TEC-PH-10001819,Technology,107.98,3.00,37.79
CA-2017-155607,26-11-2017,FG-14260,OFF-AP-10001962,Office Supplies,58.73,7.00,14.68
CA-2017-155607,26-11-2017,FG-14260,OFF-BI-10003364,Office Supplies,93.34,4.00,32.67
CA-2016-151323,23-10-2016,AB-10255,OFF-FA-10002983,Office Supplies,17.05,5.00,8.18
CA-2015-146696,14-12-2015,RD-19480,OFF-BI-10002432,Office Supplies,8.10,2.00,2.73
CA-2016-128972,13-11-2016,TS-21430,FUR-FU-10003096,Furniture,30.36,4.00,13.05
CA-2017-128335,29-09-2017,JA-15970,OFF-EN-10001539,Office Supplies,23.34,3.00,10.97
CA-2017-128335,29-09-2017,JA-15970,OFF-PA-10004996,Office Supplies,51.55,5.00,24.23
CA-2015-154886,08-11-2015,SW-20455,TEC-AC-10001956,Technology,119.90,2.00,43.16
CA-2016-111213,01-04-2016,FP-14320,FUR-CH-10000454,Furniture,1317.49,6.00,292.78
CA-2016-111213,01-04-2016,FP-14320,OFF-SU-10000946,Office Supplies,63.84,8.00,18.51
CA-2016-111213,01-04-2016,FP-14320,OFF-BI-10004140,Office Supplies,3.59,1.00,1.12
CA-2017-161333,02-02-2017,JL-15835,FUR-FU-10003039,Furniture,86.26,2.00,29.33
CA-2017-161333,02-02-2017,JL-15835,OFF-ST-10000464,Office Supplies,139.04,4.00,38.93
CA-2017-161333,02-02-2017,JL-15835,OFF-AP-10000252,Office Supplies,46.80,4.00,16.38
CA-2017-128734,24-12-2017,JL-15175,FUR-FU-10001731,Furniture,8.54,4.00,1.92
CA-2017-128734,24-12-2017,JL-15175,FUR-CH-10001394,Furniture,842.38,3.00,105.30
CA-2014-141796,21-06-2014,JG-15160,TEC-PH-10001578,Technology,1214.85,3.00,352.31
CA-2017-125101,06-03-2017,SH-19975,OFF-ST-10000675,Office Supplies,67.78,2.00,16.95
CA-2017-169929,25-09-2017,LS-17200,OFF-ST-10002352,Office Supplies,39.90,5.00,10.37
US-2014-121566,30-06-2014,CS-11860,OFF-BI-10004528,Office Supplies,2.69,1.00,0.84
US-2014-121566,30-06-2014,CS-11860,OFF-AR-10001026,Office Supplies,6.60,3.00,2.90
US-2015-124219,07-08-2015,KW-16570,OFF-BI-10002215,Office Supplies,28.40,4.00,13.06
US-2015-124219,07-08-2015,KW-16570,FUR-FU-10000305,Furniture,212.94,3.00,34.07
CA-2017-163006,30-06-2017,GH-14410,TEC-PH-10002584,Technology,1001.58,2.00,125.20
CA-2017-163006,30-06-2017,GH-14410,FUR-CH-10000229,Furniture,569.06,3.00,-178.85
CA-2017-163006,30-06-2017,GH-14410,FUR-FU-10003799,Furniture,14.22,2.00,-10.31
CA-2015-156146,26-10-2015,AG-10495,TEC-PH-10001700,Technology,105.58,2.00,9.24
CA-2015-156146,26-10-2015,AG-10495,TEC-PH-10001527,Technology,68.72,2.00,-14.60
CA-2014-111192,30-07-2014,TS-21430,FUR-BO-10002916,Furniture,1367.84,8.00,259.89
CA-2016-115378,18-11-2016,AJ-10945,FUR-CH-10000863,Furniture,301.96,2.00,33.22
CA-2015-161627,06-07-2015,SJ-20215,FUR-CH-10003968,Furniture,170.35,3.00,-17.04
CA-2014-121006,10-11-2014,SC-20020,OFF-AR-10001149,Office Supplies,3.90,2.00,1.52
CA-2014-121006,10-11-2014,SC-20020,OFF-PA-10000130,Office Supplies,12.84,3.00,5.78
CA-2014-121006,10-11-2014,SC-20020,OFF-PA-10002479,Office Supplies,15.84,3.00,7.13
CA-2014-121006,10-11-2014,SC-20020,FUR-CH-10004997,Furniture,563.94,3.00,112.79
CA-2014-121006,10-11-2014,SC-20020,OFF-ST-10004950,Office Supplies,62.94,3.00,11.96
CA-2014-121006,10-11-2014,SC-20020,OFF-ST-10001490,Office Supplies,535.41,3.00,160.62
CA-2016-122903,27-05-2016,LA-16780,FUR-CH-10002024,Furniture,3504.90,5.00,700.98
CA-2016-122903,27-05-2016,LA-16780,OFF-PA-10001790,Office Supplies,144.12,3.00,69.18
CA-2016-122903,27-05-2016,LA-16780,OFF-PA-10000994,Office Supplies,314.55,3.00,150.98
CA-2015-107741,08-03-2015,FC-14335,OFF-AR-10002399,Office Supplies,3.41,1.00,0.89
CA-2017-106432,19-10-2017,CA-12265,OFF-BI-10002799,Office Supplies,2.07,2.00,-3.52
CA-2017-106432,19-10-2017,CA-12265,FUR-BO-10004360,Furniture,328.40,3.00,-91.76
CA-2016-148908,05-11-2016,JH-15985,OFF-BI-10002082,Office Supplies,53.25,2.00,19.97
CA-2016-123015,26-12-2016,AJ-10795,OFF-BI-10004967,Office Supplies,4.99,3.00,1.68
US-2015-120502,13-04-2015,BT-11395,FUR-FU-10004973,Furniture,37.68,2.00,15.83
US-2015-120502,13-04-2015,BT-11395,TEC-PH-10003645,Technology,258.58,2.00,19.39
US-2015-120502,13-04-2015,BT-11395,OFF-AP-10004980,Office Supplies,75.84,2.00,29.58
CA-2017-108749,12-09-2017,DJ-13510,OFF-PA-10003797,Office Supplies,45.36,7.00,21.77
CA-2017-108749,12-09-2017,DJ-13510,OFF-BI-10003707,Office Supplies,45.78,3.00,22.89
CA-2017-163335,24-09-2017,AG-10675,OFF-ST-10000885,Office Supplies,40.29,3.00,10.07
CA-2017-163335,24-09-2017,AG-10675,OFF-BI-10002827,Office Supplies,38.71,7.00,17.81
CA-2015-134719,10-10-2015,JD-15790,OFF-ST-10004459,Office Supplies,1801.63,6.00,-337.81
US-2015-154389,27-11-2015,EH-14125,TEC-PH-10002789,Technology,748.75,8.00,-162.23
CA-2015-115567,13-09-2015,ZC-21910,TEC-AC-10001314,Technology,199.96,4.00,16.00
CA-2015-115567,13-09-2015,ZC-21910,FUR-CH-10000015,Furniture,1516.20,7.00,394.21
US-2017-136679,14-11-2017,XP-21865,TEC-AC-10004855,Technology,167.95,6.00,-27.29
US-2017-136679,14-11-2017,XP-21865,OFF-AR-10003582,Office Supplies,45.04,2.00,4.50
US-2017-141943,05-05-2017,DK-12985,OFF-EN-10003448,Office Supplies,23.16,2.00,11.58
CA-2014-101560,28-11-2014,CS-12250,FUR-FU-10003773,Furniture,397.60,5.00,43.74
CA-2014-101560,28-11-2014,CS-12250,OFF-PA-10001363,Office Supplies,85.96,7.00,40.40
CA-2014-101560,28-11-2014,CS-12250,OFF-AR-10004757,Office Supplies,13.12,4.00,4.33
CA-2014-101560,28-11-2014,CS-12250,OFF-BI-10000309,Office Supplies,45.66,3.00,22.37
CA-2014-159709,10-05-2014,AI-10855,OFF-EN-10001434,Office Supplies,158.13,3.00,77.48
CA-2014-159709,10-05-2014,AI-10855,TEC-PH-10003988,Technology,43.60,5.00,4.36
CA-2016-103982,03-03-2016,AA-10315,OFF-SU-10000151,Office Supplies,3930.07,3.00,-786.01
CA-2016-103982,03-03-2016,AA-10315,OFF-FA-10001332,Office Supplies,2.30,1.00,0.78
CA-2016-103982,03-03-2016,AA-10315,TEC-PH-10000895,Technology,431.98,3.00,32.40
CA-2016-103982,03-03-2016,AA-10315,TEC-AC-10002857,Technology,41.72,7.00,5.74
CA-2015-142454,15-08-2015,RE-19450,FUR-FU-10004018,Furniture,104.23,7.00,28.14
CA-2015-142454,15-08-2015,RE-19450,OFF-ST-10003638,Office Supplies,70.26,3.00,18.97
CA-2015-102015,12-09-2015,TM-21010,OFF-AR-10004685,Office Supplies,9.26,2.00,3.06
CA-2015-102015,12-09-2015,TM-21010,OFF-ST-10001713,Office Supplies,105.98,2.00,4.24
CA-2015-102015,12-09-2015,TM-21010,OFF-FA-10000490,Office Supplies,1.24,1.00,0.58
CA-2015-102015,12-09-2015,TM-21010,OFF-LA-10002043,Office Supplies,20.70,2.00,9.94
CA-2015-102015,12-09-2015,TM-21010,OFF-PA-10002464,Office Supplies,28.90,5.00,14.16
CA-2015-102015,12-09-2015,TM-21010,OFF-EN-10002504,Office Supplies,27.18,1.00,12.77
CA-2015-156755,12-01-2015,YS-21880,OFF-ST-10002615,Office Supplies,465.18,3.00,120.95
CA-2015-130876,12-05-2015,AZ-10750,OFF-ST-10004258,Office Supplies,36.63,3.00,9.89
CA-2016-145898,26-09-2016,CM-12445,OFF-ST-10004507,Office Supplies,51.45,3.00,13.89
CA-2016-145898,26-09-2016,CM-12445,OFF-LA-10000262,Office Supplies,7.83,3.00,3.60
CA-2016-145898,26-09-2016,CM-12445,OFF-AR-10002445,Office Supplies,35.40,5.00,13.45
CA-2016-145898,26-09-2016,CM-12445,OFF-PA-10001667,Office Supplies,29.90,5.00,13.46
US-2017-159562,09-09-2017,JB-16000,OFF-EN-10000461,Office Supplies,17.48,2.00,8.22
CA-2017-134635,15-04-2017,NS-18640,OFF-PA-10002254,Office Supplies,79.14,3.00,36.40
CA-2017-167080,10-06-2017,LC-16930,OFF-AR-10001868,Office Supplies,8.40,5.00,4.20
CA-2017-145653,01-09-2017,CA-12775,FUR-CH-10004875,Furniture,498.26,7.00,134.53
CA-2014-140487,14-06-2014,SR-20425,FUR-BO-10000711,Furniture,212.94,3.00,57.49
CA-2017-117401,18-05-2017,PP-18955,OFF-AP-10000938,Office Supplies,706.86,7.00,197.92
CA-2017-117401,18-05-2017,PP-18955,TEC-PH-10003555,Technology,114.95,5.00,2.30
CA-2017-117401,18-05-2017,PP-18955,OFF-BI-10001267,Office Supplies,43.19,7.00,20.73
US-2017-109582,12-09-2017,JM-15865,OFF-PA-10004071,Office Supplies,166.44,3.00,79.89
CA-2016-119865,21-06-2016,AS-10090,OFF-BI-10001553,Office Supplies,36.56,5.00,12.80
CA-2016-119865,21-06-2016,AS-10090,OFF-BI-10003007,Office Supplies,186.14,6.00,60.50
CA-2016-119865,21-06-2016,AS-10090,FUR-BO-10003272,Furniture,353.57,2.00,-44.20
US-2014-147648,26-11-2014,LS-16975,OFF-PA-10001033,Office Supplies,81.98,2.00,40.17
CA-2017-124436,19-03-2017,SA-20830,OFF-BI-10001553,Office Supplies,14.62,2.00,5.12
CA-2017-124436,19-03-2017,SA-20830,FUR-TA-10001095,Furniture,697.16,5.00,8.71
CA-2017-124436,19-03-2017,SA-20830,FUR-FU-10001185,Furniture,30.93,1.00,12.68
CA-2017-124436,19-03-2017,SA-20830,OFF-BI-10000343,Office Supplies,27.50,7.00,9.28
CA-2014-115084,18-10-2014,LS-17200,FUR-CH-10004626,Furniture,605.34,6.00,145.28
CA-2017-131037,22-08-2017,TM-21490,FUR-TA-10001768,Furniture,210.01,1.00,2.63
CA-2016-111143,19-11-2016,TT-21265,OFF-AP-10001947,Office Supplies,54.96,3.00,15.94
CA-2014-166744,20-09-2014,DN-13690,FUR-FU-10004952,Furniture,164.22,3.00,50.91
CA-2014-166744,20-09-2014,DN-13690,FUR-BO-10001337,Furniture,362.94,3.00,36.29
CA-2014-166744,20-09-2014,DN-13690,TEC-AC-10003628,Technology,59.98,2.00,26.39
CA-2016-116561,11-09-2016,EB-14110,OFF-ST-10004186,Office Supplies,332.94,3.00,6.66
CA-2016-116561,11-09-2016,EB-14110,OFF-BI-10001658,Office Supplies,39.87,2.00,12.96
CA-2016-110730,23-09-2016,CM-11815,OFF-SU-10004737,Office Supplies,13.68,2.00,3.69
CA-2017-146367,04-08-2017,HM-14860,OFF-BI-10002827,Office Supplies,3.32,3.00,-5.64
CA-2016-149454,25-07-2016,KM-16375,OFF-BI-10003694,Office Supplies,10.44,1.00,4.80
CA-2016-156265,02-08-2016,BF-11020,FUR-TA-10001691,Furniture,136.46,2.00,15.35
CA-2016-156265,02-08-2016,BF-11020,TEC-PH-10001918,Technology,333.58,3.00,33.36
CA-2016-156265,02-08-2016,BF-11020,OFF-BI-10000285,Office Supplies,12.54,2.00,4.70
US-2015-168914,21-05-2015,JE-15745,OFF-AP-10000358,Office Supplies,20.77,8.00,-52.96
US-2017-110989,03-11-2017,EJ-14155,TEC-AC-10002345,Technology,43.50,3.00,10.88
CA-2015-106215,16-04-2015,BN-11470,OFF-FA-10001229,Office Supplies,12.58,4.00,4.09
US-2016-169369,12-12-2016,EC-14050,TEC-AC-10001314,Technology,249.95,5.00,20.00
US-2016-169369,12-12-2016,EC-14050,OFF-PA-10004438,Office Supplies,49.12,4.00,23.09
CA-2015-132318,30-10-2015,TT-21220,OFF-AP-10000026,Office Supplies,182.91,3.00,53.04
US-2014-131982,07-03-2014,NP-18685,OFF-BI-10004224,Office Supplies,107.65,2.00,33.64
CA-2015-125185,05-03-2015,AH-10195,FUR-CH-10002647,Furniture,99.37,2.00,-7.10
CA-2015-125185,05-03-2015,AH-10195,FUR-FU-10003247,Furniture,33.57,2.00,-5.45
CA-2016-130078,08-08-2016,CC-12145,OFF-PA-10003270,Office Supplies,10.56,2.00,4.75
US-2017-114034,03-01-2017,DL-13315,OFF-PA-10004735,Office Supplies,38.88,6.00,18.66
US-2017-115595,09-10-2017,XP-21865,OFF-PA-10001745,Office Supplies,35.20,5.00,16.54
CA-2017-158722,20-10-2017,MA-17560,OFF-PA-10000176,Office Supplies,45.53,3.00,15.93
CA-2014-105165,07-09-2014,SZ-20035,TEC-PH-10000675,Technology,196.78,3.00,14.76
CA-2014-105165,07-09-2014,SZ-20035,OFF-BI-10000050,Office Supplies,2.92,2.00,-4.82
CA-2014-105165,07-09-2014,SZ-20035,FUR-TA-10004154,Furniture,200.80,1.00,-22.95
CA-2014-105165,07-09-2014,SZ-20035,TEC-AC-10002718,Technology,46.69,4.00,-2.92
CA-2014-105165,07-09-2014,SZ-20035,OFF-AR-10003179,Office Supplies,21.86,3.00,3.55
CA-2017-147452,30-09-2017,CS-11845,OFF-PA-10001838,Office Supplies,11.76,2.00,5.76
CA-2017-147452,30-09-2017,CS-11845,OFF-PA-10004039,Office Supplies,167.94,3.00,82.29
CA-2017-147452,30-09-2017,CS-11845,OFF-AP-10001626,Office Supplies,3.89,1.00,1.01
US-2017-114657,16-11-2017,MH-18115,TEC-MA-10003173,Technology,52.44,4.00,24.12
CA-2017-144484,11-09-2017,CB-12025,FUR-FU-10000260,Furniture,32.36,4.00,11.65
CA-2017-144484,11-09-2017,CB-12025,OFF-AP-10004487,Office Supplies,406.60,5.00,113.85
CA-2017-125913,16-01-2017,JO-15145,FUR-FU-10001487,Furniture,27.92,4.00,8.10
CA-2017-125913,16-01-2017,JO-15145,FUR-TA-10001520,Furniture,399.67,7.00,-14.99
US-2016-158309,26-11-2016,PA-19060,OFF-BI-10000145,Office Supplies,3.74,4.00,-2.62
CA-2015-162887,07-11-2015,SV-20785,FUR-CH-10000595,Furniture,715.20,3.00,178.80
CA-2017-147333,14-12-2017,KL-16555,TEC-AC-10004469,Technology,159.80,4.00,70.31
CA-2017-147333,14-12-2017,KL-16555,TEC-AC-10003038,Technology,44.75,5.00,8.50
CA-2014-113859,13-09-2014,BC-11125,FUR-CH-10004698,Furniture,340.12,6.00,-9.72
CA-2014-159681,07-12-2014,PO-18850,OFF-PA-10003641,Office Supplies,105.52,4.00,48.54
US-2017-104094,07-09-2017,AG-10675,TEC-AC-10002134,Technology,13.48,1.00,1.89
CA-2017-152709,07-10-2017,DB-13210,OFF-ST-10001837,Office Supplies,85.52,2.00,22.24
CA-2015-105158,05-09-2015,SP-20860,FUR-FU-10001706,Furniture,6.16,2.00,2.96
CA-2015-105158,05-09-2015,SP-20860,OFF-PA-10001970,Office Supplies,36.84,3.00,17.31
CA-2014-133424,30-03-2014,Dl-13600,OFF-ST-10002957,Office Supplies,15.84,3.00,0.00
CA-2014-133424,30-03-2014,Dl-13600,OFF-LA-10002312,Office Supplies,44.40,3.00,22.20
CA-2017-105991,05-05-2017,LH-17020,OFF-EN-10002600,Office Supplies,21.24,9.00,7.43
CA-2017-105991,05-05-2017,LH-17020,OFF-BI-10003274,Office Supplies,9.55,8.00,-7.32
CA-2017-105991,05-05-2017,LH-17020,FUR-BO-10004467,Furniture,89.99,3.00,-152.98
US-2017-136784,30-04-2017,AD-10180,OFF-PA-10000675,Office Supplies,163.96,4.00,80.34
CA-2014-146283,08-09-2014,KT-16465,OFF-PA-10002259,Office Supplies,17.90,2.00,6.27
CA-2014-146283,08-09-2014,KT-16465,FUR-CH-10004287,Furniture,966.70,5.00,-13.81
CA-2014-146283,08-09-2014,KT-16465,OFF-PA-10000482,Office Supplies,182.11,6.00,61.46
CA-2017-151218,20-06-2017,PJ-19015,OFF-ST-10004835,Office Supplies,4.46,1.00,0.33
CA-2015-111073,26-12-2015,MC-18100,FUR-TA-10004086,Furniture,51.59,1.00,-15.48
CA-2017-144883,15-08-2017,BO-11350,OFF-LA-10000305,Office Supplies,50.40,8.00,23.18
CA-2017-142174,04-03-2017,DP-13000,OFF-PA-10000806,Office Supplies,89.57,2.00,32.47
CA-2017-108791,27-07-2017,TM-21490,FUR-FU-10004018,Furniture,14.89,1.00,4.02
CA-2017-108791,27-07-2017,TM-21490,TEC-PH-10002660,Technology,543.92,8.00,135.98
CA-2016-106656,23-09-2016,DV-13045,OFF-EN-10001509,Office Supplies,4.08,2.00,1.92
CA-2016-106656,23-09-2016,DV-13045,OFF-LA-10003148,Office Supplies,18.90,3.00,8.69
CA-2016-113831,30-05-2016,AH-10690,FUR-TA-10002645,Furniture,2275.50,10.00,386.84
CA-2016-113831,30-05-2016,AH-10690,TEC-AC-10003033,Technology,1979.70,6.00,653.30
CA-2016-113831,30-05-2016,AH-10690,OFF-LA-10001297,Office Supplies,62.10,6.00,29.81
US-2014-139500,16-11-2014,AB-10165,FUR-CH-10002017,Furniture,37.30,2.00,-1.07
US-2014-166310,21-09-2014,JS-15940,FUR-FU-10001546,Furniture,8.54,2.00,-7.48
US-2016-168410,21-02-2016,BV-11245,FUR-FU-10000629,Furniture,68.95,5.00,28.96
US-2016-168410,21-02-2016,BV-11245,OFF-ST-10000036,Office Supplies,296.37,3.00,80.02
US-2016-168410,21-02-2016,BV-11245,TEC-PH-10002583,Technology,39.98,2.00,2.00
CA-2017-131254,19-11-2017,NC-18415,FUR-CH-10003774,Furniture,191.06,3.00,-46.40
CA-2017-131254,19-11-2017,NC-18415,OFF-AR-10003876,Office Supplies,13.04,5.00,3.91
CA-2017-131254,19-11-2017,NC-18415,OFF-BI-10003527,Office Supplies,1525.19,6.00,-2287.78
CA-2016-123414,21-08-2016,SU-20665,OFF-LA-10004559,Office Supplies,9.22,4.00,3.34
CA-2016-123414,21-08-2016,SU-20665,OFF-SU-10002573,Office Supplies,28.05,2.00,3.51
CA-2017-137876,30-04-2017,DJ-13510,FUR-FU-10000222,Furniture,64.96,2.00,21.44
CA-2017-137876,30-04-2017,DJ-13510,OFF-EN-10001219,Office Supplies,30.56,4.00,14.97
CA-2016-154060,02-05-2016,DL-12865,FUR-CH-10002304,Furniture,187.06,9.00,11.69
US-2017-162558,02-10-2017,Dp-13240,FUR-FU-10002364,Furniture,11.81,2.00,1.33
US-2017-162558,02-10-2017,Dp-13240,FUR-FU-10004864,Furniture,9.66,1.00,1.57
US-2017-162558,02-10-2017,Dp-13240,OFF-PA-10003172,Office Supplies,20.74,4.00,7.26
US-2017-162558,02-10-2017,Dp-13240,OFF-BI-10000977,Office Supplies,27.36,3.00,-21.89
US-2017-162558,02-10-2017,Dp-13240,FUR-TA-10000198,Furniture,2314.12,7.00,-1002.78
US-2017-162558,02-10-2017,Dp-13240,OFF-BI-10003984,Office Supplies,34.24,4.00,-26.25
US-2017-162558,02-10-2017,Dp-13240,FUR-FU-10003691,Furniture,19.76,2.00,5.93
CA-2017-134439,18-09-2017,TM-21010,OFF-PA-10004082,Office Supplies,15.96,2.00,7.98
CA-2015-119508,04-12-2015,TZ-21580,OFF-AR-10003723,Office Supplies,16.90,5.00,6.25
CA-2015-119508,04-12-2015,TZ-21580,FUR-FU-10004270,Furniture,25.08,6.00,9.03
CA-2015-152681,17-01-2015,SC-20260,OFF-AR-10003183,Office Supplies,6.68,2.00,2.00
CA-2014-130813,06-01-2014,LS-17230,OFF-PA-10002005,Office Supplies,19.44,3.00,9.33
CA-2015-120320,05-03-2015,MV-18190,TEC-PH-10000149,Technology,31.92,2.00,2.39
CA-2016-111941,25-12-2016,BD-11620,OFF-BI-10001524,Office Supplies,33.57,2.00,11.75
CA-2016-123120,04-09-2016,CV-12295,FUR-FU-10004748,Furniture,63.94,1.00,24.94
CA-2016-123120,04-09-2016,CV-12295,OFF-BI-10001460,Office Supplies,60.60,5.00,20.45
CA-2016-123120,04-09-2016,CV-12295,OFF-SU-10002503,Office Supplies,22.72,4.00,6.59
CA-2014-103331,26-08-2014,KB-16315,FUR-FU-10001731,Furniture,10.68,4.00,4.06
CA-2014-103331,26-08-2014,KB-16315,OFF-PA-10002160,Office Supplies,17.34,3.00,8.50
CA-2014-103331,26-08-2014,KB-16315,OFF-PA-10002659,Office Supplies,3.38,1.00,1.55
CA-2015-169278,21-05-2015,ME-18010,OFF-BI-10001636,Office Supplies,26.98,4.00,8.77
CA-2017-111577,16-10-2017,AJ-10780,OFF-PA-10000062,Office Supplies,307.78,7.00,111.57
CA-2015-146486,09-11-2015,DV-13465,OFF-ST-10002554,Office Supplies,244.55,5.00,4.89
CA-2015-146486,09-11-2015,DV-13465,OFF-EN-10001509,Office Supplies,12.24,6.00,5.75
CA-2015-146486,09-11-2015,DV-13465,TEC-AC-10002018,Technology,13.98,2.00,6.01
CA-2015-146486,09-11-2015,DV-13465,TEC-AC-10002637,Technology,899.95,5.00,54.00
US-2014-168501,21-11-2014,JK-15325,OFF-EN-10001509,Office Supplies,1.63,1.00,0.55
US-2014-168501,21-11-2014,JK-15325,TEC-PH-10004922,Technology,267.96,5.00,16.75
CA-2015-112053,11-10-2015,SH-20395,TEC-AC-10002550,Technology,31.95,1.00,2.24
CA-2017-108539,21-03-2017,SC-20725,OFF-ST-10003208,Office Supplies,725.84,4.00,210.49
CA-2017-108539,21-03-2017,SC-20725,OFF-BI-10003981,Office Supplies,10.90,3.00,3.95
CA-2017-108539,21-03-2017,SC-20725,OFF-BI-10001031,Office Supplies,8.54,2.00,2.88
CA-2015-149811,04-01-2015,CS-12250,OFF-BI-10003676,Office Supplies,32.34,3.00,15.52
CA-2015-149811,04-01-2015,CS-12250,OFF-PA-10004082,Office Supplies,39.90,5.00,19.95
US-2017-103814,09-12-2017,LH-16900,OFF-PA-10001019,Office Supplies,143.86,9.00,48.55
CA-2016-123932,06-09-2016,YC-21895,OFF-PA-10004665,Office Supplies,41.92,4.00,15.20
CA-2016-123932,06-09-2016,YC-21895,TEC-PH-10002447,Technology,329.58,2.00,37.08
US-2016-101616,03-09-2016,CY-12745,OFF-BI-10000014,Office Supplies,87.28,8.00,41.02
CA-2014-113768,13-05-2014,AH-10030,FUR-CH-10002439,Furniture,279.46,6.00,20.96
CA-2014-113768,13-05-2014,AH-10030,OFF-PA-10003063,Office Supplies,8.00,2.00,3.84
CA-2016-138037,29-09-2016,AR-10540,OFF-BI-10002982,Office Supplies,27.24,5.00,9.53
CA-2014-150490,05-08-2014,SS-20590,TEC-AC-10004510,Technology,16.36,1.00,1.64
CA-2014-150490,05-08-2014,SS-20590,OFF-ST-10000321,Office Supplies,15.78,2.00,0.63
CA-2014-150490,05-08-2014,SS-20590,OFF-AR-10004602,Office Supplies,45.98,2.00,12.87
US-2017-126060,14-04-2017,DW-13585,FUR-BO-10003433,Furniture,198.27,8.00,-32.22
CA-2017-100951,09-06-2017,NC-18625,OFF-ST-10001496,Office Supplies,720.76,5.00,54.06
CA-2016-122017,29-12-2016,CD-11920,FUR-FU-10000672,Furniture,70.56,6.00,23.99
CA-2016-122017,29-12-2016,CD-11920,OFF-AP-10001293,Office Supplies,81.96,2.00,22.95
CA-2014-123477,18-01-2014,DW-13195,OFF-AP-10000692,Office Supplies,64.86,4.00,6.49
CA-2016-107790,20-11-2016,EH-13990,TEC-PH-10004539,Technology,151.19,1.00,13.23
CA-2017-158071,10-06-2017,BD-11320,TEC-PH-10002923,Technology,88.78,3.00,7.77
CA-2017-158071,10-06-2017,BD-11320,OFF-LA-10004689,Office Supplies,11.56,4.00,5.43
CA-2017-158071,10-06-2017,BD-11320,OFF-ST-10001228,Office Supplies,15.58,1.00,3.90
CA-2017-147403,10-09-2017,KH-16630,OFF-PA-10003302,Office Supplies,85.06,3.00,28.71
US-2017-136721,08-04-2017,NH-18610,FUR-FU-10004665,Furniture,273.96,2.00,71.23
US-2017-136721,08-04-2017,NH-18610,FUR-FU-10004188,Furniture,306.90,3.00,79.79
CA-2015-118738,24-10-2015,AG-10495,OFF-PA-10003177,Office Supplies,15.55,3.00,5.44
CA-2015-118738,24-10-2015,AG-10495,FUR-TA-10002607,Furniture,347.36,7.00,-69.47
CA-2015-118738,24-10-2015,AG-10495,OFF-PA-10001166,Office Supplies,10.37,2.00,3.63
CA-2017-134152,27-05-2017,RP-19855,TEC-AC-10004510,Technology,98.16,6.00,9.82
CA-2017-134152,27-05-2017,RP-19855,OFF-AR-10004062,Office Supplies,31.44,3.00,7.86
CA-2014-125542,05-12-2014,NB-18655,OFF-EN-10000056,Office Supplies,348.49,7.00,117.61
CA-2014-125542,05-12-2014,NB-18655,OFF-ST-10001469,Office Supplies,172.74,4.00,-30.23
CA-2016-136021,14-08-2016,JM-15580,OFF-PA-10000551,Office Supplies,15.54,3.00,7.61
CA-2016-136021,14-08-2016,JM-15580,TEC-MA-10000423,Technology,105.55,6.00,35.62
CA-2016-149195,05-09-2016,DM-13525,OFF-PA-10001870,Office Supplies,25.92,5.00,9.07
CA-2016-149195,05-09-2016,DM-13525,OFF-FA-10001843,Office Supplies,15.81,8.00,5.34
CA-2016-149195,05-09-2016,DM-13525,OFF-PA-10002036,Office Supplies,10.37,2.00,3.76
CA-2017-161410,26-06-2017,CC-12220,TEC-PH-10001760,Technology,358.20,3.00,41.79
CA-2017-161410,26-06-2017,CC-12220,TEC-PH-10000673,Technology,545.92,14.00,72.79
CA-2017-152786,12-03-2017,GA-14725,OFF-BI-10000829,Office Supplies,40.41,9.00,18.59
CA-2017-164707,18-02-2017,CV-12805,TEC-PH-10001924,Technology,167.98,3.00,10.50
CA-2017-164707,18-02-2017,CV-12805,TEC-AC-10004864,Technology,109.53,3.00,47.10
CA-2017-164707,18-02-2017,CV-12805,OFF-LA-10004345,Office Supplies,9.82,2.00,4.81
CA-2017-163874,10-11-2017,NC-18535,OFF-BI-10000088,Office Supplies,26.35,3.00,9.55
US-2014-123183,19-11-2014,GR-14560,OFF-LA-10002787,Office Supplies,22.50,6.00,10.80
US-2014-123183,19-11-2014,GR-14560,OFF-LA-10001569,Office Supplies,9.96,2.00,4.58
US-2014-123183,19-11-2014,GR-14560,OFF-BI-10002429,Office Supplies,213.08,7.00,102.28
US-2014-123183,19-11-2014,GR-14560,FUR-BO-10000362,Furniture,1025.88,6.00,235.95
CA-2014-104829,18-11-2014,JG-15805,OFF-PA-10003016,Office Supplies,21.98,7.00,9.89
US-2016-147340,24-09-2016,EB-13750,FUR-FU-10002501,Furniture,63.20,5.00,23.38
CA-2016-145492,20-11-2016,MC-17605,OFF-AP-10003622,Office Supplies,39.00,12.00,11.31
CA-2016-163202,27-09-2016,BM-11650,OFF-BI-10002764,Office Supplies,2.91,3.00,-2.03
CA-2016-117681,09-04-2016,HF-14995,FUR-BO-10001798,Furniture,556.67,5.00,6.55
CA-2017-132262,21-09-2017,ML-18265,TEC-AC-10000158,Technology,71.98,2.00,15.12
CA-2017-132262,21-09-2017,ML-18265,TEC-AC-10000303,Technology,79.98,2.00,26.39
CA-2017-123043,24-08-2017,AH-10195,OFF-BI-10003910,Office Supplies,24.67,4.00,7.71
CA-2017-123043,24-08-2017,AH-10195,OFF-BI-10000138,Office Supplies,3.74,1.00,1.31
US-2016-143280,22-02-2016,TZ-21580,TEC-PH-10002398,Technology,445.96,5.00,55.75
US-2016-143280,22-02-2016,TZ-21580,TEC-AC-10003399,Technology,36.24,1.00,15.22
US-2016-143280,22-02-2016,TZ-21580,OFF-FA-10000992,Office Supplies,10.65,3.00,5.01
CA-2017-108854,08-12-2017,DM-13345,OFF-PA-10003022,Office Supplies,87.92,4.00,40.44
CA-2017-108854,08-12-2017,DM-13345,OFF-BI-10002854,Office Supplies,22.42,1.00,8.41
CA-2017-108854,08-12-2017,DM-13345,OFF-BI-10001670,Office Supplies,90.48,3.00,33.93
CA-2017-108854,08-12-2017,DM-13345,OFF-ST-10001837,Office Supplies,42.76,1.00,11.12
CA-2017-166856,18-09-2017,TS-21505,OFF-BI-10002012,Office Supplies,10.08,7.00,3.53
CA-2017-166856,18-09-2017,TS-21505,TEC-AC-10004992,Technology,101.34,3.00,8.11
CA-2016-153157,11-09-2016,TB-21625,TEC-PH-10003171,Technology,224.75,5.00,62.93
US-2017-125647,23-09-2017,LC-16870,OFF-AP-10000390,Office Supplies,73.18,6.00,-197.58
US-2017-125647,23-09-2017,LC-16870,OFF-PA-10004888,Office Supplies,20.74,4.00,7.26
US-2017-125647,23-09-2017,LC-16870,TEC-PH-10004188,Technology,39.98,2.00,-9.00
CA-2014-132542,06-10-2014,AM-10360,OFF-BI-10004099,Office Supplies,15.36,2.00,7.68
CA-2015-110877,23-10-2015,JE-15715,OFF-PA-10004621,Office Supplies,36.29,7.00,12.70
CA-2015-110877,23-10-2015,JE-15715,TEC-PH-10002103,Technology,150.38,2.00,15.04
US-2016-151827,31-03-2016,CS-11950,TEC-PH-10002789,Technology,280.78,3.00,-60.84
US-2016-151827,31-03-2016,CS-11950,TEC-AC-10003289,Technology,31.98,2.00,1.20
US-2016-163258,29-12-2016,PF-19225,OFF-BI-10000138,Office Supplies,11.23,3.00,3.93
CA-2017-103009,03-11-2017,PJ-18835,OFF-PA-10001215,Office Supplies,26.40,5.00,11.88
US-2017-120649,20-01-2017,JF-15490,OFF-AR-10001545,Office Supplies,3.52,2.00,1.02
CA-2016-153598,03-12-2016,NM-18520,TEC-AC-10003870,Technology,1649.95,5.00,659.98
CA-2016-153598,03-12-2016,NM-18520,FUR-FU-10001085,Furniture,111.90,6.00,51.47
US-2016-108497,14-06-2016,MH-17290,FUR-BO-10004218,Furniture,599.17,5.00,35.25
CA-2016-113096,02-09-2016,SZ-20035,OFF-ST-10003455,Office Supplies,46.53,3.00,12.10
CA-2014-136861,05-09-2014,PR-18880,FUR-FU-10001967,Furniture,31.98,2.00,2.00
CA-2017-117422,21-10-2017,FC-14245,OFF-AP-10000938,Office Supplies,161.57,2.00,16.16
CA-2017-117422,21-10-2017,FC-14245,OFF-PA-10002195,Office Supplies,4.06,1.00,1.37
CA-2017-117422,21-10-2017,FC-14245,OFF-BI-10002799,Office Supplies,6.22,4.00,-4.97
CA-2017-129707,25-04-2017,LH-16750,OFF-AR-10000246,Office Supplies,8.90,4.00,0.67
CA-2015-160171,19-10-2015,RM-19675,OFF-AP-10000275,Office Supplies,1640.70,5.00,459.40
CA-2015-160171,19-10-2015,RM-19675,TEC-AC-10000892,Technology,270.00,3.00,97.20
CA-2014-103317,05-07-2014,DM-13525,FUR-FU-10001591,Furniture,19.52,2.00,5.37
CA-2014-103317,05-07-2014,DM-13525,OFF-BI-10001787,Office Supplies,9.81,5.00,-6.87
CA-2014-103317,05-07-2014,DM-13525,FUR-FU-10003192,Furniture,213.22,3.00,15.99
CA-2016-167115,04-04-2016,EH-14185,OFF-BI-10004600,Office Supplies,588.78,2.00,184.00
US-2017-153633,13-11-2017,TC-21295,OFF-AR-10002335,Office Supplies,2.06,1.00,0.15
CA-2017-155929,09-09-2017,AI-10855,OFF-PA-10000859,Office Supplies,6.37,2.00,2.39
CA-2015-148712,17-04-2015,JM-15535,TEC-AC-10003198,Technology,99.60,1.00,36.85
CA-2015-148712,17-04-2015,JM-15535,OFF-BI-10001900,Office Supplies,62.30,13.00,21.02
CA-2015-148712,17-04-2015,JM-15535,OFF-AR-10000614,Office Supplies,10.71,3.00,2.78
CA-2016-128307,25-07-2016,BE-11335,OFF-EN-10003040,Office Supplies,20.94,1.00,7.07
US-2016-127425,26-08-2016,DR-12880,TEC-PH-10003442,Technology,33.00,6.00,8.25
US-2016-127425,26-08-2016,DR-12880,TEC-AC-10002800,Technology,249.95,5.00,87.48
US-2014-119081,12-09-2014,TA-21385,OFF-SU-10000157,Office Supplies,357.93,3.00,7.16
US-2014-119081,12-09-2014,TA-21385,TEC-AC-10001542,Technology,57.40,5.00,10.91
US-2014-119081,12-09-2014,TA-21385,OFF-BI-10004519,Office Supplies,331.96,2.00,149.38
US-2014-119081,12-09-2014,TA-21385,FUR-FU-10003464,Furniture,40.56,2.00,12.98
CA-2016-140613,22-07-2016,KN-16705,OFF-SU-10004261,Office Supplies,86.20,5.00,25.00
US-2017-108700,19-05-2017,PJ-18835,OFF-PA-10004733,Office Supplies,38.02,6.00,13.78
CA-2017-160962,28-04-2017,MC-17605,OFF-ST-10001325,Office Supplies,8.38,1.00,0.73
CA-2017-160962,28-04-2017,MC-17605,OFF-AR-10003056,Office Supplies,6.85,2.00,0.77
CA-2017-130631,29-12-2017,BS-11755,OFF-FA-10000089,Office Supplies,19.60,5.00,9.60
CA-2017-130631,29-12-2017,BS-11755,FUR-FU-10004093,Furniture,68.46,2.00,20.54
CA-2017-116680,04-09-2017,PK-19075,OFF-BI-10004022,Office Supplies,13.34,6.00,4.34
CA-2017-116680,04-09-2017,PK-19075,FUR-TA-10001771,Furniture,1478.27,8.00,92.39
US-2014-107405,21-03-2014,TS-21205,OFF-ST-10002301,Office Supplies,16.27,1.00,-3.86
CA-2017-101574,28-09-2017,BD-11725,FUR-FU-10001706,Furniture,9.24,3.00,4.44
CA-2014-146591,19-01-2014,TS-21340,OFF-BI-10003676,Office Supplies,32.34,10.00,-23.72
CA-2014-146591,19-01-2014,TS-21340,OFF-PA-10000659,Office Supplies,56.06,4.00,19.62
CA-2014-146591,19-01-2014,TS-21340,OFF-EN-10002504,Office Supplies,108.72,5.00,36.69
CA-2014-146591,19-01-2014,TS-21340,FUR-BO-10001972,Furniture,181.47,5.00,-320.60
CA-2014-107706,14-02-2014,ST-20530,OFF-PA-10000466,Office Supplies,16.18,3.00,6.07
CA-2016-122448,09-06-2016,DB-13210,FUR-CH-10002774,Furniture,122.35,3.00,13.76
CA-2014-132451,26-09-2014,KF-16285,FUR-CH-10000454,Furniture,585.55,3.00,73.19
CA-2014-132451,26-09-2014,KF-16285,OFF-PA-10004888,Office Supplies,19.44,3.00,9.33
CA-2016-158547,30-05-2016,JM-16195,OFF-AP-10003842,Office Supplies,123.92,5.00,9.29
CA-2017-116946,19-12-2017,TS-21505,FUR-FU-10000320,Furniture,13.36,5.00,4.01
CA-2017-116946,19-12-2017,TS-21505,OFF-ST-10002554,Office Supplies,78.26,2.00,-17.61
CA-2017-116946,19-12-2017,TS-21505,FUR-BO-10000468,Furniture,102.02,7.00,-183.63
CA-2017-121741,26-12-2017,YC-21895,OFF-ST-10004459,Office Supplies,750.68,2.00,37.53
CA-2017-169691,15-06-2017,Dp-13240,OFF-LA-10002312,Office Supplies,44.40,3.00,22.20
CA-2017-169691,15-06-2017,Dp-13240,OFF-ST-10001291,Office Supplies,84.55,5.00,22.83
CA-2017-169691,15-06-2017,Dp-13240,OFF-PA-10003022,Office Supplies,17.94,3.00,8.79
CA-2016-121356,20-11-2016,SJ-20500,OFF-BI-10002133,Office Supplies,128.40,3.00,62.92
CA-2014-101770,31-03-2014,KB-16240,OFF-BI-10001097,Office Supplies,1.87,1.00,-1.31
CA-2017-105487,08-10-2017,CS-12250,TEC-PH-10001336,Technology,103.19,1.00,11.61
CA-2017-105487,08-10-2017,CS-12250,TEC-AC-10002305,Technology,36.00,2.00,6.48
CA-2017-105487,08-10-2017,CS-12250,TEC-AC-10003610,Technology,239.96,4.00,115.18
CA-2017-105487,08-10-2017,CS-12250,OFF-ST-10002301,Office Supplies,40.68,2.00,0.41
CA-2017-148999,30-01-2017,EB-13870,FUR-CH-10002044,Furniture,419.14,4.00,-68.11
CA-2014-107573,12-12-2014,PB-19150,OFF-EN-10001099,Office Supplies,23.47,3.00,7.63
CA-2015-156608,24-10-2015,MT-18070,OFF-BI-10004140,Office Supplies,3.59,4.00,-6.29
CA-2017-134495,01-04-2017,BF-11020,TEC-PH-10004897,Technology,23.98,3.00,-5.69
CA-2017-134495,01-04-2017,BF-11020,OFF-LA-10000262,Office Supplies,6.26,3.00,2.04
CA-2017-134495,01-04-2017,BF-11020,OFF-AP-10002222,Office Supplies,20.81,3.00,1.82
CA-2017-134495,01-04-2017,BF-11020,FUR-CH-10003774,Furniture,218.35,3.00,-19.11
CA-2017-164098,26-01-2017,CG-12520,OFF-ST-10000615,Office Supplies,18.16,2.00,1.82
CA-2014-105249,28-11-2014,DH-13675,OFF-SU-10001225,Office Supplies,7.36,2.00,0.15
CA-2014-105249,28-11-2014,DH-13675,OFF-LA-10002043,Office Supplies,41.40,4.00,19.87
CA-2014-105249,28-11-2014,DH-13675,FUR-BO-10000330,Furniture,411.33,4.00,-4.84
CA-2015-113523,04-09-2015,SC-20440,OFF-BI-10001249,Office Supplies,7.66,4.00,-6.12
CA-2017-117821,12-06-2017,HG-15025,TEC-AC-10004469,Technology,63.92,2.00,19.18
CA-2017-164378,15-07-2017,MM-18055,OFF-AR-10001177,Office Supplies,6.56,2.00,1.90
CA-2017-164378,15-07-2017,MM-18055,OFF-LA-10000634,Office Supplies,7.83,3.00,3.60
CA-2017-164378,15-07-2017,MM-18055,TEC-AC-10004708,Technology,41.90,2.00,8.80
CA-2017-164378,15-07-2017,MM-18055,FUR-CH-10002084,Furniture,664.15,6.00,88.55
CA-2017-164378,15-07-2017,MM-18055,OFF-PA-10004519,Office Supplies,8.96,2.00,4.39
CA-2017-127782,02-11-2017,TH-21115,FUR-FU-10001847,Furniture,3.31,1.00,0.66
CA-2017-127782,02-11-2017,TH-21115,OFF-AP-10001962,Office Supplies,20.14,3.00,1.26
CA-2017-127782,02-11-2017,TH-21115,OFF-EN-10003845,Office Supplies,8.86,3.00,2.88
CA-2017-127782,02-11-2017,TH-21115,TEC-PH-10001817,Technology,859.20,4.00,-186.16
US-2016-162026,08-10-2016,JE-15745,OFF-PA-10000167,Office Supplies,61.96,2.00,27.88
CA-2016-150000,08-04-2016,PG-18820,OFF-EN-10002973,Office Supplies,17.92,4.00,8.60
CA-2015-168529,08-10-2015,MB-17305,FUR-FU-10001588,Furniture,145.90,5.00,62.74
US-2017-152569,15-05-2017,JD-16015,OFF-PA-10001736,Office Supplies,56.70,2.00,19.14
US-2017-152569,15-05-2017,JD-16015,TEC-PH-10002185,Technology,11.12,2.00,3.48
US-2014-137680,24-02-2014,JH-15430,OFF-PA-10000174,Office Supplies,32.90,4.00,11.10
US-2014-137680,24-02-2014,JH-15430,OFF-PA-10000069,Office Supplies,22.78,3.00,7.69
CA-2015-103177,30-05-2015,EN-13780,TEC-PH-10001795,Technology,239.97,3.00,2.40
CA-2015-103177,30-05-2015,EN-13780,OFF-AP-10004540,Office Supplies,160.32,2.00,44.89
CA-2015-103177,30-05-2015,EN-13780,TEC-PH-10001527,Technology,128.85,3.00,3.87
US-2016-138408,18-11-2016,KC-16255,TEC-AC-10003870,Technology,1319.96,4.00,527.98
CA-2017-117667,04-12-2017,MS-17980,FUR-CH-10004540,Furniture,239.96,10.00,-10.28
CA-2017-117667,04-12-2017,MS-17980,FUR-FU-10004093,Furniture,54.77,2.00,6.85
CA-2017-117667,04-12-2017,MS-17980,OFF-AR-10000716,Office Supplies,13.39,3.00,3.18
CA-2017-117667,04-12-2017,MS-17980,OFF-PA-10002709,Office Supplies,23.92,5.00,8.67
CA-2017-117667,04-12-2017,MS-17980,TEC-AC-10000580,Technology,255.97,4.00,-28.80
CA-2016-110982,05-06-2016,CK-12205,OFF-BI-10000829,Office Supplies,21.55,6.00,7.00
CA-2016-110982,05-06-2016,CK-12205,OFF-AP-10004859,Office Supplies,58.24,4.00,15.72
CA-2016-147123,10-12-2016,SJ-20125,OFF-PA-10000575,Office Supplies,80.28,12.00,36.93
CA-2017-154501,30-04-2017,EA-14035,OFF-AR-10002804,Office Supplies,9.78,2.00,4.01
CA-2017-166933,24-04-2017,MG-17890,OFF-FA-10002676,Office Supplies,1.81,1.00,0.65
CA-2015-142055,08-05-2015,AB-10255,OFF-PA-10003465,Office Supplies,37.94,2.00,18.21
CA-2015-137106,31-03-2015,SC-20260,TEC-PH-10000011,Technology,79.96,5.00,27.99
CA-2017-136609,06-08-2017,TB-21355,OFF-PA-10004381,Office Supplies,115.30,3.00,40.35
CA-2017-160885,02-12-2017,JK-16090,TEC-PH-10001795,Technology,2479.96,4.00,743.99
US-2016-167472,06-06-2016,CK-12595,TEC-AC-10001109,Technology,179.94,6.00,75.57
US-2016-167472,06-06-2016,CK-12595,TEC-AC-10003038,Technology,26.85,3.00,5.10
US-2016-167472,06-06-2016,CK-12595,TEC-AC-10003174,Technology,323.37,3.00,129.35
US-2016-167472,06-06-2016,CK-12595,OFF-PA-10000157,Office Supplies,59.94,3.00,28.17
US-2016-167472,06-06-2016,CK-12595,OFF-BI-10001721,Office Supplies,64.14,3.00,30.79
US-2016-167472,06-06-2016,CK-12595,OFF-BI-10000591,Office Supplies,11.67,3.00,5.60
US-2016-167472,06-06-2016,CK-12595,OFF-PA-10001534,Office Supplies,12.96,2.00,6.22
CA-2015-120551,13-04-2015,SS-20590,OFF-BI-10002071,Office Supplies,17.43,3.00,8.02
US-2017-150595,22-05-2017,LE-16810,FUR-CH-10000513,Furniture,181.99,2.00,-54.60
US-2017-150595,22-05-2017,LE-16810,OFF-BI-10003274,Office Supplies,1.59,2.00,-2.63
US-2017-150595,22-05-2017,LE-16810,OFF-SU-10000381,Office Supplies,22.34,3.00,2.51
CA-2016-134936,19-12-2016,ES-14080,FUR-TA-10001086,Furniture,455.97,6.00,-218.87
CA-2016-134936,19-12-2016,ES-14080,OFF-BI-10000174,Office Supplies,10.44,6.00,-7.66
CA-2016-134936,19-12-2016,ES-14080,OFF-BI-10002103,Office Supplies,5.21,2.00,-4.17
CA-2017-102967,22-09-2017,MG-17890,OFF-ST-10001590,Office Supplies,67.40,5.00,17.52
CA-2017-151008,07-09-2017,JM-16195,FUR-FU-10002396,Furniture,25.16,2.00,10.57
CA-2017-151008,07-09-2017,JM-16195,TEC-PH-10002807,Technology,126.56,4.00,47.46
CA-2014-159800,28-11-2014,SG-20470,OFF-AP-10004859,Office Supplies,43.68,3.00,11.79
CA-2014-159800,28-11-2014,SG-20470,TEC-AC-10003447,Technology,139.93,7.00,34.98
US-2014-159618,12-11-2014,DB-12970,OFF-AR-10003183,Office Supplies,2.67,1.00,0.33
US-2014-159618,12-11-2014,DB-12970,OFF-SU-10000432,Office Supplies,16.66,6.00,-3.12
US-2014-159618,12-11-2014,DB-12970,TEC-AC-10003832,Technology,79.51,3.00,20.87
US-2014-159618,12-11-2014,DB-12970,OFF-PA-10004100,Office Supplies,36.29,7.00,12.70
US-2014-159618,12-11-2014,DB-12970,FUR-BO-10004467,Furniture,67.99,1.00,-13.00
CA-2017-116113,02-10-2017,JW-15220,FUR-FU-10002963,Furniture,10.16,2.00,3.45
CA-2015-125066,14-12-2015,KD-16495,FUR-FU-10003829,Furniture,6.16,2.00,1.97
CA-2015-125066,14-12-2015,KD-16495,OFF-AR-10003582,Office Supplies,56.30,2.00,15.76
US-2015-114741,06-12-2015,IL-15100,OFF-PA-10000048,Office Supplies,6.48,1.00,3.11
US-2015-114741,06-12-2015,IL-15100,OFF-ST-10000078,Office Supplies,1325.85,5.00,238.65
US-2015-114741,06-12-2015,IL-15100,OFF-LA-10004853,Office Supplies,14.94,3.00,6.87
CA-2017-133263,31-03-2017,JE-15610,OFF-BI-10001153,Office Supplies,34.54,1.00,17.27
CA-2017-133263,31-03-2017,JE-15610,TEC-CO-10001449,Technology,2999.95,5.00,1439.98
CA-2017-133263,31-03-2017,JE-15610,OFF-BI-10000474,Office Supplies,64.12,4.00,30.78
CA-2017-157966,13-03-2017,SU-20665,OFF-AR-10000799,Office Supplies,19.46,4.00,2.19
CA-2017-157966,13-03-2017,SU-20665,TEC-MA-10002109,Technology,209.99,2.00,9.00
CA-2017-157966,13-03-2017,SU-20665,OFF-AR-10003338,Office Supplies,29.76,5.00,1.86
CA-2017-157966,13-03-2017,SU-20665,FUR-CH-10003606,Furniture,89.77,1.00,-2.56
CA-2017-157966,13-03-2017,SU-20665,TEC-CO-10001449,Technology,959.98,2.00,335.99
CA-2017-157966,13-03-2017,SU-20665,OFF-PA-10001934,Office Supplies,15.55,3.00,5.64
CA-2017-157966,13-03-2017,SU-20665,TEC-PH-10001527,Technology,34.36,1.00,-7.30
CA-2014-151162,05-12-2014,EA-14035,OFF-PA-10001033,Office Supplies,98.38,3.00,35.66
CA-2014-151162,05-12-2014,EA-14035,OFF-BI-10003719,Office Supplies,29.94,4.00,-23.95
CA-2014-151162,05-12-2014,EA-14035,OFF-PA-10003036,Office Supplies,17.47,3.00,5.68
CA-2014-151162,05-12-2014,EA-14035,TEC-PH-10001870,Technology,36.74,1.00,-9.18
CA-2014-151162,05-12-2014,EA-14035,TEC-PH-10001809,Technology,179.94,2.00,-44.99
CA-2016-136686,12-12-2016,RF-19840,FUR-FU-10004864,Furniture,383.64,6.00,122.76
CA-2016-136686,12-12-2016,RF-19840,OFF-AP-10002350,Office Supplies,56.52,3.00,15.83
CA-2017-137498,09-09-2017,LC-17050,OFF-AR-10003829,Office Supplies,6.56,2.00,1.90
CA-2017-137498,09-09-2017,LC-17050,FUR-CH-10003833,Furniture,243.92,5.00,-15.25
CA-2017-137498,09-09-2017,LC-17050,OFF-PA-10000143,Office Supplies,47.52,9.00,22.81
CA-2017-163818,04-10-2017,PS-18970,FUR-FU-10000076,Furniture,19.98,1.00,8.59
CA-2016-161158,09-05-2016,PS-18970,OFF-AR-10000462,Office Supplies,8.00,5.00,3.44
CA-2014-116673,15-12-2014,JO-15280,FUR-FU-10003829,Furniture,6.16,2.00,1.97
CA-2017-105333,30-11-2017,VP-21730,OFF-ST-10002182,Office Supplies,83.56,4.00,1.67
CA-2017-105333,30-11-2017,VP-21730,TEC-PH-10001468,Technology,546.06,3.00,163.82
CA-2017-105333,30-11-2017,VP-21730,OFF-ST-10001809,Office Supplies,269.49,3.00,5.39
CA-2015-149993,19-03-2015,GA-14725,OFF-FA-10001561,Office Supplies,10.90,5.00,3.60
CA-2014-168158,19-07-2014,EM-14140,OFF-BI-10001759,Office Supplies,6.10,2.00,2.21
CA-2016-115224,08-12-2016,DB-13615,OFF-ST-10000615,Office Supplies,34.05,3.00,9.53
CA-2016-115224,08-12-2016,DB-13615,OFF-ST-10003816,Office Supplies,352.38,2.00,81.05
CA-2014-164742,13-10-2014,ML-17395,FUR-CH-10002880,Furniture,245.98,2.00,27.06
CA-2014-164742,13-10-2014,ML-17395,OFF-BI-10004738,Office Supplies,18.94,1.00,9.47
US-2017-108014,19-11-2017,JH-15430,OFF-BI-10003984,Office Supplies,59.91,7.00,-45.93
CA-2017-160325,24-09-2017,BP-11095,TEC-PH-10000984,Technology,391.98,2.00,109.75
CA-2017-160325,24-09-2017,BP-11095,TEC-PH-10001944,Technology,437.85,3.00,131.36
CA-2015-159779,25-09-2015,SB-20185,OFF-BI-10002735,Office Supplies,68.62,2.00,32.25
CA-2017-151176,13-02-2017,SV-20785,OFF-SU-10001165,Office Supplies,25.02,3.00,6.51
CA-2017-151176,13-02-2017,SV-20785,OFF-AR-10000614,Office Supplies,10.71,3.00,2.78
CA-2014-108903,03-10-2014,DO-13435,OFF-AR-10004010,Office Supplies,55.98,2.00,4.20
CA-2014-108903,03-10-2014,DO-13435,OFF-EN-10004030,Office Supplies,14.48,5.00,4.89
CA-2014-108903,03-10-2014,DO-13435,TEC-AC-10003023,Technology,142.49,3.00,-3.56
CA-2016-117919,27-08-2016,TB-21355,OFF-ST-10003572,Office Supplies,14.16,1.00,1.06
CA-2016-117919,27-08-2016,TB-21355,OFF-PA-10004353,Office Supplies,79.92,5.00,27.97
CA-2015-142475,03-12-2015,BS-11380,OFF-BI-10003718,Office Supplies,590.35,6.00,206.62
CA-2016-134516,20-09-2016,FM-14215,FUR-FU-10001546,Furniture,17.09,2.00,1.07
CA-2016-134516,20-09-2016,FM-14215,FUR-CH-10002880,Furniture,98.39,1.00,-11.07
CA-2017-105193,25-03-2017,JL-15835,OFF-AR-10001547,Office Supplies,11.05,5.00,2.98
CA-2015-168634,06-12-2015,AF-10870,OFF-AP-10001626,Office Supplies,7.78,2.00,2.02
CA-2017-117198,31-08-2017,BG-11035,TEC-AC-10003033,Technology,659.90,2.00,217.77
CA-2015-145828,05-10-2015,MB-17305,TEC-AC-10002323,Technology,53.04,3.00,-4.64
CA-2017-121027,18-08-2017,HW-14935,TEC-AC-10002049,Technology,843.90,2.00,371.32
CA-2017-121027,18-08-2017,HW-14935,TEC-AC-10002253,Technology,1496.16,9.00,224.42
CA-2016-147431,02-02-2016,AB-10105,OFF-ST-10003994,Office Supplies,117.96,2.00,5.90
CA-2016-158001,23-08-2016,JP-15460,OFF-AR-10002399,Office Supplies,21.30,5.00,8.73
CA-2016-158001,23-08-2016,JP-15460,OFF-AP-10002118,Office Supplies,1040.80,5.00,281.02
CA-2016-158001,23-08-2016,JP-15460,OFF-AR-10001954,Office Supplies,29.34,6.00,7.92
CA-2017-125745,30-06-2017,DV-13045,FUR-FU-10001591,Furniture,19.52,2.00,5.37
CA-2015-101154,18-09-2015,CM-12190,OFF-ST-10004186,Office Supplies,443.92,4.00,8.88
US-2016-124163,25-09-2016,SC-20695,TEC-AC-10001908,Technology,499.95,5.00,174.98
US-2016-124163,25-09-2016,SC-20695,OFF-AR-10000817,Office Supplies,3.04,1.00,1.03
US-2016-124163,25-09-2016,SC-20695,FUR-CH-10004218,Furniture,201.96,2.00,50.49
US-2016-124163,25-09-2016,SC-20695,FUR-FU-10000755,Furniture,68.64,11.00,17.16
CA-2016-121748,24-10-2016,VW-21775,TEC-AC-10003063,Technology,100.00,4.00,21.00
CA-2016-121748,24-10-2016,VW-21775,TEC-AC-10002637,Technology,359.98,2.00,21.60
CA-2014-126683,29-09-2014,PP-18955,FUR-FU-10001706,Furniture,6.16,2.00,2.96
CA-2014-126683,29-09-2014,PP-18955,FUR-TA-10002958,Furniture,2348.82,9.00,399.30
CA-2017-148810,26-06-2017,DR-12880,OFF-LA-10004689,Office Supplies,13.87,6.00,4.68
CA-2017-148810,26-06-2017,DR-12880,FUR-CH-10001545,Furniture,273.55,3.00,-13.68
US-2016-146066,21-08-2016,RB-19465,FUR-TA-10002530,Furniture,815.29,9.00,-339.71
CA-2014-127614,11-02-2014,NF-18385,TEC-AC-10001432,Technology,234.45,3.00,103.16
CA-2014-127614,11-02-2014,NF-18385,FUR-TA-10003715,Furniture,1256.22,6.00,75.37
CA-2014-127614,11-02-2014,NF-18385,OFF-BI-10003291,Office Supplies,17.46,2.00,8.21
CA-2016-101742,23-09-2016,CR-12580,OFF-BI-10004187,Office Supplies,10.53,7.00,3.68
CA-2015-134943,05-12-2015,SU-20665,OFF-BI-10000666,Office Supplies,152.80,5.00,76.40
CA-2017-123022,03-09-2017,SC-20050,OFF-BI-10002225,Office Supplies,82.56,5.00,28.90
CA-2017-123022,03-09-2017,SC-20050,TEC-AC-10000474,Technology,284.97,3.00,85.49
CA-2017-113208,26-03-2017,ML-18040,FUR-FU-10004245,Furniture,60.84,3.00,23.12
CA-2014-154893,21-12-2014,GM-14440,FUR-CH-10004287,Furniture,1325.76,6.00,149.15
CA-2014-154893,21-12-2014,GM-14440,FUR-CH-10000595,Furniture,572.16,3.00,35.76
CA-2014-147900,23-09-2014,JK-15640,OFF-PA-10003063,Office Supplies,28.80,9.00,10.08
CA-2017-106355,02-04-2017,AT-10435,OFF-AR-10000246,Office Supplies,11.12,4.00,2.89
CA-2016-127985,01-04-2016,DB-12910,FUR-FU-10003274,Furniture,7.04,4.00,3.10
CA-2015-166604,15-05-2015,AH-10690,OFF-EN-10004147,Office Supplies,17.94,3.00,8.79
CA-2017-120719,23-03-2017,SJ-20125,OFF-BI-10002103,Office Supplies,34.76,5.00,11.30
CA-2017-127117,14-04-2017,HM-14860,FUR-FU-10004018,Furniture,74.45,5.00,20.10
CA-2015-104241,04-01-2015,AG-10495,FUR-FU-10001473,Furniture,192.22,14.00,69.20
CA-2017-168179,02-11-2017,JB-16000,OFF-PA-10001800,Office Supplies,19.44,3.00,9.33
CA-2017-142342,17-07-2017,AJ-10795,OFF-PA-10004609,Office Supplies,32.40,5.00,15.55
CA-2017-142342,17-07-2017,AJ-10795,OFF-EN-10002592,Office Supplies,57.90,5.00,28.95
CA-2017-142342,17-07-2017,AJ-10795,OFF-ST-10002957,Office Supplies,10.56,2.00,0.00
CA-2017-142342,17-07-2017,AJ-10795,FUR-BO-10002613,Furniture,1194.17,5.00,210.74
CA-2017-109099,06-10-2017,MM-18280,OFF-PA-10001033,Office Supplies,40.99,1.00,20.09
US-2014-134187,04-11-2014,TH-21235,OFF-AR-10000940,Office Supplies,2.94,1.00,0.79
CA-2016-145261,18-12-2016,AH-10120,OFF-BI-10001670,Office Supplies,45.24,4.00,-30.16
CA-2016-145261,18-12-2016,AH-10120,OFF-AR-10004078,Office Supplies,18.69,4.00,2.34
CA-2016-145261,18-12-2016,AH-10120,OFF-PA-10003036,Office Supplies,11.65,2.00,3.79
CA-2016-145261,18-12-2016,AH-10120,TEC-AC-10000991,Technology,112.78,3.00,-8.46
CA-2016-145261,18-12-2016,AH-10120,FUR-TA-10002530,Furniture,377.45,5.00,-264.22
CA-2016-145261,18-12-2016,AH-10120,OFF-LA-10000407,Office Supplies,15.94,4.00,5.18
CA-2016-145261,18-12-2016,AH-10120,TEC-PH-10004833,Technology,28.68,3.00,-7.17
CA-2016-108875,24-09-2016,CL-12700,FUR-FU-10002671,Furniture,21.44,2.00,7.50
CA-2016-108875,24-09-2016,CL-12700,OFF-ST-10001370,Office Supplies,511.06,9.00,-95.82
CA-2016-141957,21-07-2016,JG-15310,OFF-AR-10000914,Office Supplies,18.66,2.00,1.40
CA-2016-141957,21-07-2016,JG-15310,OFF-BI-10001116,Office Supplies,11.09,7.00,-8.13
CA-2016-141957,21-07-2016,JG-15310,OFF-ST-10002276,Office Supplies,66.69,1.00,4.17
CA-2016-141957,21-07-2016,JG-15310,OFF-ST-10004340,Office Supplies,99.49,2.00,8.71
CA-2016-142405,11-06-2016,SE-20110,OFF-LA-10004093,Office Supplies,14.62,2.00,6.87
CA-2016-142405,11-06-2016,SE-20110,OFF-BI-10004728,Office Supplies,53.98,14.00,17.54
CA-2016-142405,11-06-2016,SE-20110,TEC-AC-10003095,Technology,389.97,3.00,132.59
CA-2015-141012,09-06-2015,TG-21640,FUR-FU-10003192,Furniture,355.36,4.00,92.39
CA-2015-141012,09-06-2015,TG-21640,TEC-PH-10004522,Technology,140.38,3.00,8.77
CA-2017-127922,27-10-2017,SH-19975,OFF-EN-10003068,Office Supplies,15.84,2.00,5.54
CA-2017-127922,27-10-2017,SH-19975,OFF-PA-10001204,Office Supplies,8.45,2.00,2.64
CA-2016-146318,22-01-2016,MC-17275,OFF-PA-10003953,Office Supplies,12.96,2.00,6.22
CA-2014-135993,28-05-2014,PJ-18835,TEC-PH-10001552,Technology,57.41,6.00,5.74
CA-2014-135993,28-05-2014,PJ-18835,TEC-AC-10004877,Technology,27.60,4.00,2.21
CA-2014-126802,29-12-2014,ZC-21910,FUR-FU-10000193,Furniture,38.98,3.00,-50.67
CA-2016-143924,28-07-2016,SC-20680,OFF-FA-10000735,Office Supplies,20.44,7.00,9.20
CA-2016-143924,28-07-2016,SC-20680,OFF-PA-10002120,Office Supplies,109.92,2.00,53.86
CA-2016-141551,24-09-2016,BP-11230,OFF-BI-10001249,Office Supplies,6.38,1.00,2.93
CA-2016-141551,24-09-2016,BP-11230,OFF-PA-10001569,Office Supplies,6.48,1.00,3.11
CA-2014-164315,02-04-2014,RD-19585,OFF-PA-10004248,Office Supplies,15.84,3.00,7.13
CA-2014-164315,02-04-2014,RD-19585,TEC-PH-10001128,Technology,1049.93,7.00,293.98
CA-2014-164315,02-04-2014,RD-19585,OFF-AP-10003842,Office Supplies,154.90,5.00,40.27
CA-2015-131072,05-11-2015,KL-16645,OFF-BI-10002794,Office Supplies,98.35,3.00,35.65
CA-2014-131541,28-07-2014,CK-12205,OFF-FA-10000621,Office Supplies,14.32,5.00,5.19
CA-2014-131541,28-07-2014,CK-12205,FUR-FU-10003623,Furniture,129.89,6.00,12.99
CA-2014-131541,28-07-2014,CK-12205,OFF-EN-10000781,Office Supplies,48.94,7.00,16.52
CA-2015-119550,26-12-2015,RB-19705,FUR-CH-10002044,Furniture,275.06,3.00,-90.38
US-2015-138093,10-12-2015,KM-16225,OFF-AR-10000817,Office Supplies,27.36,9.00,9.30
US-2015-138093,10-12-2015,KM-16225,OFF-PA-10001509,Office Supplies,44.75,5.00,20.59
US-2015-138093,10-12-2015,KM-16225,TEC-PH-10004667,Technology,134.99,1.00,36.45
US-2015-138093,10-12-2015,KM-16225,OFF-PA-10000143,Office Supplies,26.40,5.00,12.67
US-2015-138093,10-12-2015,KM-16225,FUR-CH-10000785,Furniture,542.94,3.00,141.16
CA-2016-126165,05-05-2016,AH-10465,FUR-TA-10001676,Furniture,71.09,2.00,-1.78
CA-2017-126123,14-10-2017,AG-10765,OFF-BI-10000309,Office Supplies,27.40,9.00,-42.46
CA-2017-126123,14-10-2017,AG-10765,OFF-BI-10004224,Office Supplies,13.46,1.00,-23.55
CA-2016-143441,05-11-2016,EB-14170,OFF-LA-10002312,Office Supplies,11.84,1.00,4.44
CA-2017-148320,03-11-2017,PG-18895,OFF-PA-10003022,Office Supplies,35.88,6.00,17.58
CA-2016-125661,24-11-2016,CA-12055,OFF-EN-10001532,Office Supplies,40.75,3.00,15.28
CA-2016-125661,24-11-2016,CA-12055,TEC-AC-10004855,Technology,139.96,5.00,-22.74
US-2014-123519,14-12-2014,SS-20875,OFF-AR-10003829,Office Supplies,2.62,1.00,0.30
US-2014-123519,14-12-2014,SS-20875,FUR-TA-10002645,Furniture,136.53,1.00,-52.34
US-2014-123519,14-12-2014,SS-20875,TEC-AC-10003033,Technology,263.96,1.00,42.89
CA-2014-155593,03-11-2014,RP-19390,OFF-SU-10002522,Office Supplies,11.64,3.00,3.38
CA-2017-136000,22-09-2017,SC-20440,OFF-BI-10004828,Office Supplies,40.18,3.00,14.56
US-2015-160857,08-05-2015,NW-18400,FUR-FU-10001095,Furniture,79.44,3.00,30.19
US-2015-160857,08-05-2015,NW-18400,OFF-SU-10000157,Office Supplies,357.93,3.00,7.16
US-2015-160857,08-05-2015,NW-18400,FUR-CH-10002647,Furniture,127.76,2.00,21.29
US-2015-160857,08-05-2015,NW-18400,TEC-CO-10004115,Technology,2799.94,7.00,1014.98
US-2015-160857,08-05-2015,NW-18400,OFF-PA-10003363,Office Supplies,19.44,3.00,9.33
CA-2017-115805,31-07-2017,KW-16435,TEC-PH-10003092,Technology,36.79,1.00,4.14
US-2014-143707,01-03-2014,HR-14770,TEC-PH-10003655,Technology,5.94,3.00,1.60
CA-2017-116939,25-09-2017,AG-10900,OFF-ST-10001476,Office Supplies,177.55,5.00,47.94
CA-2015-124107,09-10-2015,BM-11650,TEC-AC-10002049,Technology,619.95,5.00,111.59
CA-2015-124107,09-10-2015,BM-11650,TEC-PH-10003875,Technology,29.16,3.00,8.46
CA-2015-124107,09-10-2015,BM-11650,OFF-EN-10003286,Office Supplies,57.96,7.00,27.24
CA-2015-124107,09-10-2015,BM-11650,OFF-AP-10003971,Office Supplies,29.40,3.00,5.23
CA-2017-126550,29-03-2017,RD-19720,OFF-ST-10001031,Office Supplies,81.40,5.00,21.16
CA-2015-138674,14-11-2015,KB-16585,OFF-FA-10000304,Office Supplies,8.72,5.00,2.29
CA-2015-138674,14-11-2015,KB-16585,TEC-AC-10000358,Technology,91.18,3.00,4.56
CA-2015-138674,14-11-2015,KB-16585,TEC-AC-10002800,Technology,159.97,4.00,29.99
CA-2016-165820,26-09-2016,DW-13585,OFF-PA-10004735,Office Supplies,12.96,2.00,6.22
CA-2014-103191,22-09-2014,VG-21805,OFF-ST-10002574,Office Supplies,331.54,3.00,-82.88
CA-2015-103933,25-09-2015,DR-12880,TEC-AC-10004171,Technology,899.91,9.00,395.96
CA-2015-110548,04-05-2015,AH-10690,TEC-PH-10002922,Technology,946.34,7.00,118.29
CA-2017-117324,08-12-2017,JP-15520,TEC-AC-10003023,Technology,178.11,3.00,32.06
CA-2017-117324,08-12-2017,JP-15520,OFF-AP-10003590,Office Supplies,1089.75,3.00,305.13
CA-2017-117324,08-12-2017,JP-15520,OFF-LA-10003510,Office Supplies,61.06,2.00,28.09
CA-2017-117324,08-12-2017,JP-15520,FUR-BO-10003159,Furniture,459.92,4.00,41.39
CA-2017-117324,08-12-2017,JP-15520,OFF-PA-10002713,Office Supplies,27.52,4.00,12.66
CA-2017-143574,29-06-2017,DR-12880,FUR-BO-10002598,Furniture,638.82,9.00,185.26
CA-2017-143574,29-06-2017,DR-12880,OFF-SU-10002537,Office Supplies,30.69,3.00,7.98
CA-2017-143574,29-06-2017,DR-12880,FUR-FU-10003976,Furniture,25.16,2.00,8.55
CA-2014-111773,29-06-2014,JK-15625,OFF-BI-10000174,Office Supplies,13.92,3.00,4.87
CA-2014-148614,20-01-2014,MV-17485,OFF-PA-10002893,Office Supplies,19.36,2.00,9.29
CA-2014-148614,20-01-2014,MV-17485,FUR-FU-10003194,Furniture,19.30,2.00,5.79
CA-2017-156139,31-12-2016,BP-11155,OFF-BI-10004233,Office Supplies,38.38,3.00,13.43
US-2017-147886,28-03-2017,DH-13075,OFF-PA-10000232,Office Supplies,12.96,2.00,6.35
US-2017-147886,28-03-2017,DH-13075,FUR-FU-10001095,Furniture,26.48,1.00,10.06
US-2017-147886,28-03-2017,DH-13075,TEC-MA-10004679,Technology,532.72,2.00,53.27
US-2017-147886,28-03-2017,DH-13075,OFF-PA-10003651,Office Supplies,26.72,4.00,12.83
US-2017-147886,28-03-2017,DH-13075,OFF-PA-10000743,Office Supplies,20.04,3.00,9.62
US-2017-147886,28-03-2017,DH-13075,OFF-ST-10002743,Office Supplies,795.48,7.00,7.95
US-2017-147886,28-03-2017,DH-13075,FUR-FU-10003829,Furniture,21.56,7.00,6.90
CA-2016-113733,08-12-2016,LH-16900,TEC-PH-10002496,Technology,249.58,2.00,31.20
CA-2016-113733,08-12-2016,LH-16900,TEC-AC-10002473,Technology,68.11,3.00,17.88
CA-2016-113733,08-12-2016,LH-16900,TEC-AC-10004877,Technology,16.56,3.00,-2.48
CA-2017-104913,18-11-2017,DK-13090,TEC-PH-10000923,Technology,74.95,5.00,36.73
CA-2014-145800,30-05-2014,SS-20410,FUR-TA-10001539,Furniture,355.46,3.00,-184.84
CA-2016-125850,22-01-2016,FP-14320,OFF-LA-10003498,Office Supplies,44.40,3.00,22.20
CA-2016-125850,22-01-2016,FP-14320,OFF-LA-10004484,Office Supplies,20.65,5.00,9.50
CA-2016-118514,03-02-2016,LC-17050,FUR-CH-10000015,Furniture,866.40,4.00,225.26
CA-2015-150749,29-03-2015,AS-10240,OFF-AR-10003732,Office Supplies,5.56,2.00,1.45
CA-2014-163748,14-10-2014,HG-15025,OFF-AP-10004052,Office Supplies,3.16,4.00,-8.53
CA-2014-163748,14-10-2014,HG-15025,TEC-CO-10002095,Technology,1999.96,5.00,624.99
CA-2015-119634,11-08-2015,BW-11065,FUR-FU-10004270,Furniture,46.15,3.00,12.11
CA-2015-149300,22-11-2015,BH-11710,TEC-MA-10000423,Technology,32.99,3.00,-1.98
US-2016-111528,30-12-2016,JP-16135,OFF-ST-10001526,Office Supplies,481.32,4.00,125.14
US-2016-111528,30-12-2016,JP-16135,OFF-BI-10002194,Office Supplies,6.38,1.00,2.15
CA-2017-158169,12-08-2017,JM-16195,OFF-AP-10000828,Office Supplies,542.94,3.00,152.02
CA-2017-158169,12-08-2017,JM-16195,FUR-FU-10001473,Furniture,54.92,4.00,19.77
CA-2015-162047,03-11-2015,FH-14365,FUR-CH-10004983,Furniture,1448.82,10.00,209.27
CA-2015-117772,10-09-2015,MC-17575,OFF-ST-10003994,Office Supplies,353.88,6.00,17.69
US-2014-126340,08-11-2014,EB-13870,TEC-PH-10004447,Technology,333.58,3.00,25.02
CA-2016-149685,08-10-2016,PM-19135,OFF-LA-10004545,Office Supplies,60.14,6.00,20.30
CA-2017-126396,08-09-2017,AR-10345,TEC-AC-10003116,Technology,85.20,6.00,20.24
CA-2015-154900,25-02-2015,SS-20875,OFF-LA-10001641,Office Supplies,3.15,1.00,1.51
CA-2015-154900,25-02-2015,SS-20875,OFF-PA-10002377,Office Supplies,22.72,4.00,10.22
CA-2015-103835,24-09-2015,SC-20440,FUR-FU-10000010,Furniture,14.91,3.00,4.62
CA-2015-103835,24-09-2015,SC-20440,OFF-AP-10002651,Office Supplies,1158.12,4.00,335.85
CA-2015-158939,26-11-2015,EA-14035,TEC-CO-10002313,Technology,599.99,1.00,234.00
CA-2016-117408,31-08-2016,TP-21130,OFF-ST-10001580,Office Supplies,23.97,2.00,2.40
CA-2016-142398,12-04-2016,BP-11290,FUR-CH-10001545,Furniture,638.29,7.00,-31.91
CA-2016-142398,12-04-2016,BP-11290,OFF-BI-10004826,Office Supplies,13.21,1.00,4.62
CA-2016-105277,04-12-2016,LM-17065,OFF-BI-10000301,Office Supplies,15.53,3.00,5.82
CA-2016-112060,04-12-2016,KT-16465,OFF-PA-10000994,Office Supplies,104.85,1.00,50.33
CA-2014-105270,11-11-2014,AP-10915,OFF-AR-10003156,Office Supplies,30.48,3.00,7.92
CA-2014-105270,11-11-2014,AP-10915,FUR-CH-10000988,Furniture,112.65,1.00,11.26
US-2015-159513,02-04-2015,JD-15790,TEC-MA-10003329,Technology,71.98,3.00,24.29
CA-2015-155586,12-12-2015,XP-21865,OFF-AR-10001547,Office Supplies,2.21,1.00,0.60
CA-2015-155586,12-12-2015,XP-21865,OFF-EN-10003072,Office Supplies,15.52,4.00,7.45
CA-2015-155586,12-12-2015,XP-21865,OFF-PA-10000726,Office Supplies,36.44,4.00,16.40
CA-2017-141117,02-10-2017,JK-16090,FUR-BO-10001972,Furniture,217.76,6.00,-384.72
CA-2017-141117,02-10-2017,JK-16090,OFF-SU-10004664,Office Supplies,39.07,6.00,4.40
CA-2017-141117,02-10-2017,JK-16090,OFF-BI-10003676,Office Supplies,22.64,7.00,-16.60
CA-2017-141117,02-10-2017,JK-16090,OFF-AR-10003727,Office Supplies,95.14,7.00,10.70
CA-2017-115070,10-04-2017,MG-18205,FUR-FU-10003829,Furniture,12.32,5.00,1.85
CA-2017-115070,10-04-2017,MG-18205,OFF-BI-10003712,Office Supplies,4.42,3.00,-3.09
CA-2017-140186,29-09-2017,PG-18820,OFF-FA-10002280,Office Supplies,35.00,7.00,16.80
CA-2017-140186,29-09-2017,PG-18820,FUR-CH-10002961,Furniture,72.78,1.00,0.00
CA-2017-140186,29-09-2017,PG-18820,OFF-AP-10002578,Office Supplies,97.84,2.00,25.44
CA-2017-140186,29-09-2017,PG-18820,FUR-FU-10004848,Furniture,51.75,1.00,15.53
CA-2017-140186,29-09-2017,PG-18820,OFF-BI-10003364,Office Supplies,46.67,2.00,16.34
CA-2014-124856,29-09-2014,LD-17005,OFF-ST-10002615,Office Supplies,1395.54,9.00,362.84
CA-2014-124856,29-09-2014,LD-17005,FUR-FU-10000521,Furniture,117.36,4.00,36.38
CA-2014-124856,29-09-2014,LD-17005,OFF-LA-10000121,Office Supplies,18.90,3.00,8.69
CA-2014-124856,29-09-2014,LD-17005,OFF-PA-10001289,Office Supplies,77.52,2.00,37.98
CA-2014-166716,20-08-2014,CR-12730,FUR-CH-10004495,Furniture,421.37,2.00,-6.02
CA-2014-123225,11-07-2014,MN-17935,TEC-PH-10000895,Technology,575.97,4.00,43.20
CA-2014-123225,11-07-2014,MN-17935,OFF-PA-10000552,Office Supplies,10.37,2.00,3.63
CA-2015-163440,22-03-2015,RD-19900,TEC-PH-10000376,Technology,15.98,2.00,1.20
US-2017-106796,12-05-2017,JP-16135,OFF-AR-10003504,Office Supplies,10.27,3.00,1.16
CA-2017-113873,13-11-2017,KE-16420,OFF-ST-10000943,Office Supplies,61.79,4.00,6.18
CA-2017-113873,13-11-2017,KE-16420,FUR-BO-10003441,Furniture,206.00,3.00,-27.26
CA-2016-149783,04-09-2016,DL-13315,OFF-PA-10002195,Office Supplies,12.19,3.00,4.11
CA-2016-149783,04-09-2016,DL-13315,OFF-AP-10001205,Office Supplies,87.17,2.00,8.72
CA-2016-149783,04-09-2016,DL-13315,OFF-AR-10002987,Office Supplies,31.74,2.00,8.33
CA-2016-125017,06-02-2016,KB-16240,FUR-FU-10000723,Furniture,132.22,4.00,-18.18
US-2015-163279,22-03-2015,JD-16150,OFF-PA-10003127,Office Supplies,105.52,4.00,48.54
US-2015-163279,22-03-2015,JD-16150,FUR-FU-10000747,Furniture,91.96,2.00,15.63
US-2015-163279,22-03-2015,JD-16150,TEC-PH-10001795,Technology,1487.98,3.00,186.00
CA-2015-150196,02-07-2015,SR-20740,OFF-PA-10003797,Office Supplies,19.44,3.00,9.33
US-2015-106495,15-06-2015,AC-10450,TEC-AC-10002718,Technology,11.67,1.00,-0.73
CA-2014-124730,26-11-2014,LS-17245,TEC-PH-10002170,Technology,279.96,4.00,78.39
CA-2014-124730,26-11-2014,LS-17245,OFF-BI-10001078,Office Supplies,12.91,3.00,4.68
CA-2014-124730,26-11-2014,LS-17245,OFF-BI-10001031,Office Supplies,17.09,4.00,5.77
CA-2014-124730,26-11-2014,LS-17245,OFF-LA-10001158,Office Supplies,93.15,9.00,44.71
CA-2014-124730,26-11-2014,LS-17245,OFF-LA-10001613,Office Supplies,11.52,4.00,5.64
CA-2017-117632,12-05-2017,CS-12175,OFF-SU-10000157,Office Supplies,238.62,2.00,4.77
CA-2017-117632,12-05-2017,CS-12175,OFF-AP-10004868,Office Supplies,7.77,1.00,2.10
CA-2017-117632,12-05-2017,CS-12175,FUR-TA-10001520,Furniture,285.48,5.00,-10.71
CA-2017-117632,12-05-2017,CS-12175,OFF-BI-10001900,Office Supplies,19.17,4.00,6.47
CA-2014-115056,02-05-2014,AR-10510,OFF-AP-10003971,Office Supplies,26.14,3.00,1.96
CA-2017-161067,03-09-2017,KB-16405,OFF-PA-10000418,Office Supplies,419.40,4.00,201.31
CA-2017-161067,03-09-2017,KB-16405,FUR-CH-10004626,Furniture,90.80,1.00,14.12
CA-2017-161067,03-09-2017,KB-16405,FUR-CH-10004860,Furniture,181.76,2.00,-8.08
CA-2017-161067,03-09-2017,KB-16405,OFF-AR-10003251,Office Supplies,5.56,2.00,2.22
CA-2016-122063,03-12-2016,MM-17920,FUR-TA-10004575,Furniture,581.96,2.00,104.75
CA-2016-122063,03-12-2016,MM-17920,FUR-CH-10004754,Furniture,29.98,1.00,8.09
CA-2015-111206,18-07-2015,RF-19735,TEC-AC-10003095,Technology,519.96,4.00,176.79
CA-2016-142895,21-07-2016,BP-11290,OFF-LA-10000262,Office Supplies,6.26,3.00,2.04
CA-2016-142895,21-07-2016,BP-11290,FUR-CH-10002961,Furniture,363.92,5.00,0.00
CA-2015-101868,09-06-2015,MJ-17740,OFF-BI-10003876,Office Supplies,64.20,5.00,-42.80
CA-2015-101868,09-06-2015,MJ-17740,OFF-BI-10002133,Office Supplies,38.52,3.00,-26.96
CA-2015-101868,09-06-2015,MJ-17740,TEC-AC-10004396,Technology,72.60,5.00,-8.17
CA-2017-133207,27-11-2017,DO-13645,TEC-PH-10004100,Technology,57.57,4.00,5.76
CA-2015-132948,27-03-2015,MV-17485,OFF-ST-10000636,Office Supplies,83.70,5.00,3.35
CA-2015-134992,22-09-2015,MG-17875,OFF-PA-10001972,Office Supplies,32.40,5.00,15.55
CA-2015-134992,22-09-2015,MG-17875,FUR-FU-10002554,Furniture,47.98,2.00,11.04
CA-2015-126725,17-11-2015,BS-11665,TEC-PH-10003174,Technology,415.97,4.00,52.00
CA-2015-126725,17-11-2015,BS-11665,OFF-ST-10001418,Office Supplies,304.90,5.00,6.10
CA-2015-126725,17-11-2015,BS-11665,FUR-FU-10002813,Furniture,80.96,4.00,29.15
CA-2015-126725,17-11-2015,BS-11665,OFF-ST-10000129,Office Supplies,777.21,7.00,54.40
CA-2015-126725,17-11-2015,BS-11665,OFF-PA-10001639,Office Supplies,32.40,5.00,15.55
CA-2015-126725,17-11-2015,BS-11665,FUR-CH-10001708,Furniture,225.57,2.00,2.82
CA-2015-126725,17-11-2015,BS-11665,FUR-FU-10001591,Furniture,36.60,3.00,15.37
CA-2015-121783,10-11-2015,PO-19180,OFF-AP-10003849,Office Supplies,715.64,2.00,178.91
CA-2015-121783,10-11-2015,PO-19180,OFF-ST-10000078,Office Supplies,795.51,3.00,143.19
CA-2015-121783,10-11-2015,PO-19180,TEC-CO-10001571,Technology,549.99,1.00,275.00
CA-2015-121783,10-11-2015,PO-19180,OFF-BI-10001658,Office Supplies,74.76,3.00,34.39
CA-2015-121783,10-11-2015,PO-19180,FUR-FU-10004351,Furniture,29.22,3.00,12.86
US-2014-138835,10-09-2014,DA-13450,OFF-BI-10003314,Office Supplies,9.64,2.00,4.72
CA-2015-112214,05-08-2015,AH-10690,OFF-ST-10001505,Office Supplies,33.49,7.00,-1.26
CA-2015-112214,05-08-2015,AH-10690,OFF-SU-10003567,Office Supplies,23.04,3.00,-4.90
CA-2015-112214,05-08-2015,AH-10690,OFF-BI-10002982,Office Supplies,1.36,1.00,-2.18
CA-2015-112214,05-08-2015,AH-10690,FUR-FU-10002364,Furniture,14.76,5.00,-11.44
US-2017-153255,03-09-2017,JK-15730,FUR-BO-10004218,Furniture,239.67,2.00,14.10
CA-2015-108119,01-11-2015,MS-17530,FUR-TA-10002530,Furniture,301.96,2.00,45.29
CA-2015-157434,29-04-2015,JK-15640,OFF-PA-10001526,Office Supplies,7.97,2.00,2.89
CA-2016-101525,01-05-2016,CM-12235,OFF-PA-10001497,Office Supplies,109.92,2.00,53.86
CA-2016-101525,01-05-2016,CM-12235,OFF-PA-10003936,Office Supplies,19.44,3.00,9.33
CA-2016-101525,01-05-2016,CM-12235,OFF-AR-10000716,Office Supplies,11.16,2.00,4.35
US-2014-117968,05-08-2014,RS-19420,OFF-AP-10002765,Office Supplies,79.47,3.00,22.25
US-2014-117968,05-08-2014,RS-19420,OFF-AR-10004165,Office Supplies,4.56,2.00,2.01
US-2014-117968,05-08-2014,RS-19420,FUR-CH-10002335,Furniture,1133.35,5.00,294.67
CA-2016-158211,04-01-2016,BP-11185,OFF-AR-10004078,Office Supplies,4.67,1.00,0.58
CA-2016-158211,04-01-2016,BP-11185,OFF-BI-10002026,Office Supplies,104.58,6.00,-80.18
CA-2016-152247,07-11-2016,MA-17995,FUR-CH-10001215,Furniture,1603.14,4.00,100.20
CA-2016-128223,14-06-2016,EB-13705,FUR-TA-10001771,Furniture,1293.49,7.00,80.84
CA-2016-154235,24-09-2016,RD-19900,FUR-FU-10004006,Furniture,127.95,3.00,21.75
CA-2017-129910,30-03-2017,ME-17320,OFF-ST-10003282,Office Supplies,59.76,1.00,16.73
CA-2017-133095,04-06-2017,EH-14005,OFF-BI-10002353,Office Supplies,108.08,7.00,54.04
CA-2017-133095,04-06-2017,EH-14005,OFF-BI-10004141,Office Supplies,9.54,3.00,4.39
CA-2015-130554,07-04-2015,FM-14290,OFF-AR-10001954,Office Supplies,11.74,3.00,1.03
CA-2014-152443,21-05-2014,FG-14260,OFF-BI-10001071,Office Supplies,447.86,7.00,219.45
CA-2014-152443,21-05-2014,FG-14260,OFF-PA-10003022,Office Supplies,17.94,3.00,8.79
CA-2014-152443,21-05-2014,FG-14260,OFF-AP-10001293,Office Supplies,245.88,6.00,68.85
CA-2016-133319,05-09-2016,MV-17485,OFF-PA-10001815,Office Supplies,192.16,4.00,92.24
CA-2016-133935,18-09-2016,JW-15220,FUR-CH-10001215,Furniture,801.57,2.00,50.10
CA-2016-133935,18-09-2016,JW-15220,OFF-PA-10000100,Office Supplies,368.91,9.00,180.77
CA-2016-133935,18-09-2016,JW-15220,FUR-CH-10002880,Furniture,885.53,9.00,-99.62
CA-2016-136301,13-03-2016,EH-13765,FUR-FU-10004712,Furniture,28.28,2.00,7.35
CA-2016-136301,13-03-2016,EH-13765,OFF-SU-10000151,Office Supplies,4912.59,3.00,196.50
US-2014-109456,16-10-2014,LS-17245,OFF-BI-10000136,Office Supplies,14.35,3.00,5.02
US-2014-109456,16-10-2014,LS-17245,TEC-AC-10003610,Technology,179.97,3.00,86.39
CA-2017-151596,08-10-2017,BP-11050,OFF-ST-10001837,Office Supplies,42.76,1.00,11.12
CA-2015-147879,07-05-2015,CC-12220,OFF-PA-10001952,Office Supplies,45.68,2.00,21.01
CA-2016-166625,14-04-2016,JM-15580,OFF-BI-10002414,Office Supplies,25.06,2.00,11.78
CA-2016-146157,21-11-2016,RD-19720,OFF-PA-10001790,Office Supplies,38.43,1.00,13.45
CA-2016-146157,21-11-2016,RD-19720,OFF-ST-10001590,Office Supplies,21.57,2.00,1.62
CA-2016-146157,21-11-2016,RD-19720,TEC-AC-10003657,Technology,81.58,3.00,2.04
CA-2017-159954,10-09-2017,SS-20410,OFF-BI-10004876,Office Supplies,2.78,1.00,1.36
CA-2017-100825,09-09-2017,KD-16495,OFF-ST-10003123,Office Supplies,99.87,3.00,23.97
CA-2014-168305,01-11-2014,PL-18925,OFF-LA-10003498,Office Supplies,44.40,3.00,22.20
CA-2014-168305,01-11-2014,PL-18925,OFF-PA-10004947,Office Supplies,21.40,5.00,9.63
CA-2016-167682,03-04-2016,ZD-21925,FUR-FU-10003799,Furniture,71.12,4.00,22.05
CA-2016-167682,03-04-2016,ZD-21925,TEC-PH-10000673,Technology,259.96,4.00,124.78
CA-2017-108000,12-01-2017,LS-16945,OFF-EN-10002621,Office Supplies,9.78,1.00,4.89
CA-2015-146465,20-11-2015,PB-18805,OFF-BI-10004528,Office Supplies,24.19,9.00,7.56
CA-2016-159639,27-11-2016,PC-18745,FUR-FU-10001889,Furniture,31.56,3.00,10.41
US-2017-153948,06-11-2017,FM-14290,OFF-PA-10000157,Office Supplies,59.94,3.00,28.17
US-2017-153948,06-11-2017,FM-14290,OFF-PA-10002764,Office Supplies,45.36,4.00,22.23
US-2017-153948,06-11-2017,FM-14290,OFF-PA-10000143,Office Supplies,26.40,5.00,12.67
US-2017-153948,06-11-2017,FM-14290,OFF-LA-10000414,Office Supplies,41.40,4.00,19.87
US-2017-153948,06-11-2017,FM-14290,TEC-AC-10003441,Technology,16.95,1.00,1.02
US-2016-113985,02-12-2016,KD-16495,OFF-BI-10002353,Office Supplies,24.70,2.00,9.26
US-2016-113985,02-12-2016,KD-16495,OFF-AP-10001303,Office Supplies,59.70,3.00,26.87
US-2016-113985,02-12-2016,KD-16495,FUR-FU-10003026,Furniture,14.52,3.00,5.66
US-2016-113985,02-12-2016,KD-16495,OFF-BI-10000632,Office Supplies,104.18,3.00,33.86
CA-2016-155383,17-12-2016,SC-20680,OFF-ST-10001328,Office Supplies,46.53,3.00,13.03
CA-2014-120432,24-08-2014,DW-13585,OFF-SU-10004661,Office Supplies,25.50,3.00,6.63
US-2015-126977,17-09-2015,PF-19120,OFF-ST-10000617,Office Supplies,14.90,5.00,1.04
US-2015-126977,17-09-2015,PF-19120,OFF-LA-10002762,Office Supplies,87.71,7.00,41.22
US-2015-126977,17-09-2015,PF-19120,FUR-CH-10001973,Furniture,199.76,2.00,8.88
US-2015-126977,17-09-2015,PF-19120,OFF-ST-10003058,Office Supplies,94.60,4.00,27.43
US-2015-126977,17-09-2015,PF-19120,FUR-BO-10004834,Furniture,4228.70,6.00,158.58
US-2015-126977,17-09-2015,PF-19120,FUR-BO-10002213,Furniture,2003.92,5.00,-25.05
US-2015-126977,17-09-2015,PF-19120,TEC-PH-10002170,Technology,209.97,3.00,58.79
US-2015-126977,17-09-2015,PF-19120,TEC-AC-10003033,Technology,659.90,2.00,217.77
US-2015-126977,17-09-2015,PF-19120,OFF-PA-10004071,Office Supplies,110.96,2.00,53.26
US-2015-126977,17-09-2015,PF-19120,TEC-PH-10000169,Technology,67.80,4.00,1.36
CA-2016-130288,26-11-2016,DK-13225,FUR-TA-10002958,Furniture,313.18,2.00,-120.05
CA-2017-146458,19-11-2017,RB-19435,OFF-AR-10001177,Office Supplies,22.96,7.00,6.66
CA-2017-150420,03-06-2017,GD-14590,TEC-AC-10004975,Technology,1099.50,10.00,362.84
US-2014-118997,08-04-2014,RA-19885,FUR-TA-10001086,Furniture,1215.92,8.00,316.14
CA-2014-114314,11-10-2014,DB-13555,OFF-LA-10000240,Office Supplies,7.31,1.00,3.44
CA-2014-114314,11-10-2014,DB-13555,FUR-FU-10002107,Furniture,8.92,4.00,3.92
US-2017-169551,07-07-2017,RL-19615,FUR-BO-10001519,Furniture,87.21,3.00,-45.35
US-2017-169551,07-07-2017,RL-19615,OFF-PA-10004100,Office Supplies,15.55,3.00,5.44
US-2017-169551,07-07-2017,RL-19615,TEC-PH-10001363,Technology,683.99,2.00,-114.00
US-2017-169551,07-07-2017,RL-19615,OFF-ST-10004835,Office Supplies,13.39,3.00,1.00
US-2017-169551,07-07-2017,RL-19615,TEC-AC-10002018,Technology,16.78,3.00,4.82
US-2017-169551,07-07-2017,RL-19615,TEC-AC-10003033,Technology,527.92,2.00,85.79
CA-2016-103107,04-07-2016,RB-19465,FUR-FU-10000221,Furniture,25.40,5.00,8.64
CA-2016-103107,04-07-2016,RB-19465,TEC-PH-10001198,Technology,177.48,3.00,19.97
CA-2016-103107,04-07-2016,RB-19465,TEC-PH-10002564,Technology,71.98,3.00,9.00
CA-2017-122077,19-05-2017,JF-15295,TEC-PH-10003811,Technology,95.99,1.00,9.60
CA-2017-122077,19-05-2017,JF-15295,OFF-LA-10004178,Office Supplies,13.22,4.00,4.30
CA-2017-112431,12-10-2017,RW-19690,TEC-AC-10001465,Technology,435.84,12.00,130.75
CA-2017-112431,12-10-2017,RW-19690,OFF-AR-10000940,Office Supplies,5.88,2.00,1.59
CA-2016-151092,06-08-2016,VG-21790,TEC-PH-10001700,Technology,211.17,4.00,18.48
CA-2014-104178,25-08-2014,JM-15265,FUR-FU-10000771,Furniture,6.28,1.00,2.64
CA-2014-104178,25-08-2014,JM-15265,TEC-AC-10002399,Technology,95.10,5.00,30.43
CA-2014-104178,25-08-2014,JM-15265,OFF-PA-10004983,Office Supplies,25.92,4.00,12.44
CA-2014-104178,25-08-2014,JM-15265,OFF-ST-10004258,Office Supplies,48.84,4.00,13.19
CA-2015-115924,14-09-2015,BE-11455,OFF-BI-10004040,Office Supplies,25.90,5.00,12.69
CA-2017-161046,05-03-2017,CB-12535,OFF-EN-10003862,Office Supplies,42.68,4.00,19.63
CA-2017-161046,05-03-2017,CB-12535,TEC-AC-10004571,Technology,299.97,3.00,125.99
CA-2017-161046,05-03-2017,CB-12535,OFF-AP-10000891,Office Supplies,262.24,2.00,78.67
CA-2017-161046,05-03-2017,CB-12535,OFF-BI-10002026,Office Supplies,234.36,6.00,112.49
US-2017-141698,15-04-2017,SD-20485,OFF-PA-10001826,Office Supplies,20.74,4.00,7.26
US-2014-105151,30-03-2014,SG-20890,OFF-AR-10001231,Office Supplies,10.50,5.00,2.94
CA-2014-155796,11-11-2014,TS-21430,FUR-FU-10000409,Furniture,23.97,2.00,7.79
CA-2014-155796,11-11-2014,TS-21430,FUR-BO-10002545,Furniture,521.96,4.00,-250.54
CA-2016-127138,12-03-2016,DK-13225,OFF-ST-10002756,Office Supplies,676.55,5.00,6.77
CA-2016-127138,12-03-2016,DK-13225,OFF-AP-10003842,Office Supplies,154.90,5.00,40.27
CA-2016-127138,12-03-2016,DK-13225,OFF-EN-10004459,Office Supplies,30.56,4.00,14.97
CA-2016-127138,12-03-2016,DK-13225,FUR-CH-10003746,Furniture,770.35,3.00,77.04
CA-2017-150602,09-02-2017,ML-17395,FUR-FU-10003142,Furniture,21.12,4.00,6.55
CA-2014-140732,11-11-2014,MA-17560,TEC-PH-10001425,Technology,575.93,9.00,57.59
CA-2014-140732,11-11-2014,MA-17560,OFF-AP-10001626,Office Supplies,7.78,2.00,2.02
CA-2014-140732,11-11-2014,MA-17560,OFF-PA-10003625,Office Supplies,123.92,4.00,55.76
CA-2017-119011,20-08-2017,LR-17035,OFF-SU-10004768,Office Supplies,17.22,3.00,5.17
CA-2017-119011,20-08-2017,LR-17035,OFF-ST-10000777,Office Supplies,226.56,6.00,63.44
CA-2017-119011,20-08-2017,LR-17035,TEC-PH-10003171,Technology,107.88,3.00,10.79
CA-2016-166912,15-01-2016,BE-11335,OFF-PA-10001033,Office Supplies,81.98,2.00,40.17
CA-2014-141726,20-07-2014,CC-12145,OFF-PA-10000418,Office Supplies,104.85,1.00,50.33
CA-2014-141726,20-07-2014,CC-12145,OFF-BI-10001982,Office Supplies,8.70,2.00,3.16
CA-2014-141726,20-07-2014,CC-12145,OFF-PA-10002230,Office Supplies,19.92,4.00,9.76
CA-2014-141726,20-07-2014,CC-12145,FUR-FU-10003577,Furniture,43.02,3.00,15.49
CA-2017-115105,06-02-2017,BD-11770,FUR-BO-10001811,Furniture,240.78,1.00,30.10
CA-2015-143980,25-12-2015,JK-15640,OFF-AP-10003779,Office Supplies,414.96,2.00,124.49
CA-2016-135636,08-10-2016,DB-13615,OFF-ST-10000676,Office Supplies,387.72,5.00,-67.85
CA-2017-102155,13-07-2017,RR-19525,OFF-ST-10001496,Office Supplies,360.38,2.00,93.70
CA-2017-102155,13-07-2017,RR-19525,OFF-PA-10003673,Office Supplies,13.56,2.00,6.24
CA-2017-116953,24-04-2017,SV-20935,TEC-PH-10004614,Technology,552.00,10.00,34.50
CA-2014-117765,07-09-2014,RB-19465,FUR-TA-10001039,Furniture,429.90,5.00,111.77
CA-2014-117765,07-09-2014,RB-19465,OFF-BI-10000474,Office Supplies,32.06,2.00,15.39
CA-2014-117765,07-09-2014,RB-19465,FUR-CH-10004698,Furniture,161.96,2.00,45.35
CA-2014-117765,07-09-2014,RB-19465,OFF-ST-10003327,Office Supplies,19.86,2.00,5.76
CA-2016-114895,21-11-2016,MV-18190,OFF-PA-10000232,Office Supplies,12.96,2.00,6.35
CA-2017-112984,16-09-2017,EH-14185,OFF-PA-10003657,Office Supplies,20.54,6.00,6.42
CA-2016-163776,19-07-2016,JS-16030,FUR-FU-10001185,Furniture,185.58,6.00,76.09
CA-2016-163776,19-07-2016,JS-16030,OFF-BI-10003007,Office Supplies,77.56,2.00,35.68
CA-2016-163776,19-07-2016,JS-16030,OFF-ST-10002485,Office Supplies,87.92,4.00,0.88
CA-2016-163776,19-07-2016,JS-16030,OFF-PA-10001033,Office Supplies,245.94,6.00,120.51
CA-2016-163776,19-07-2016,JS-16030,OFF-BI-10000404,Office Supplies,8.60,1.00,4.04
CA-2016-163776,19-07-2016,JS-16030,FUR-BO-10003546,Furniture,504.90,5.00,126.23
US-2017-163300,15-09-2017,ES-14020,OFF-BI-10004390,Office Supplies,2357.49,7.00,884.06
US-2017-163300,15-09-2017,ES-14020,TEC-PH-10001700,Technology,369.54,7.00,32.34
US-2017-163300,15-09-2017,ES-14020,FUR-CH-10003396,Furniture,184.75,3.00,-20.78
CA-2016-162187,11-12-2016,NS-18640,OFF-ST-10001558,Office Supplies,64.96,5.00,-4.06
CA-2016-162187,11-12-2016,NS-18640,OFF-SU-10004782,Office Supplies,13.52,2.00,1.69
CA-2016-162187,11-12-2016,NS-18640,FUR-CH-10003298,Furniture,458.43,5.00,-137.53
CA-2016-162187,11-12-2016,NS-18640,OFF-AP-10000576,Office Supplies,387.14,4.00,24.20
CA-2016-162187,11-12-2016,NS-18640,FUR-TA-10003008,Furniture,328.59,3.00,-147.87
US-2014-112991,10-12-2014,SH-19975,FUR-CH-10001708,Furniture,338.35,3.00,4.23
US-2014-112991,10-12-2014,SH-19975,OFF-PA-10000019,Office Supplies,25.92,4.00,12.44
US-2014-112991,10-12-2014,SH-19975,OFF-PA-10002222,Office Supplies,91.36,4.00,42.03
CA-2014-124079,13-12-2014,RF-19345,FUR-FU-10002553,Furniture,87.96,3.00,7.70
CA-2014-124079,13-12-2014,RF-19345,OFF-BI-10002103,Office Supplies,5.21,2.00,-4.17
US-2017-146878,21-09-2017,DL-12865,OFF-BI-10002794,Office Supplies,12.29,1.00,-8.61
CA-2017-107244,07-09-2017,AG-10390,FUR-FU-10002597,Furniture,19.76,4.00,8.30
CA-2015-100657,02-11-2015,SW-20245,FUR-CH-10003535,Furniture,109.76,2.00,8.54
CA-2017-129581,11-12-2017,KN-16390,TEC-PH-10001527,Technology,128.85,3.00,3.87
CA-2017-129028,01-04-2017,GB-14530,FUR-FU-10004006,Furniture,127.95,3.00,21.75
CA-2015-135580,30-12-2015,CL-12565,OFF-PA-10000595,Office Supplies,68.52,3.00,31.52
CA-2015-135580,30-12-2015,CL-12565,OFF-ST-10000798,Office Supplies,74.94,3.00,14.24
CA-2015-135580,30-12-2015,CL-12565,TEC-MA-10004002,Technology,2548.56,6.00,286.71
CA-2015-135580,30-12-2015,CL-12565,OFF-EN-10003296,Office Supplies,271.44,3.00,122.15
CA-2015-135580,30-12-2015,CL-12565,TEC-PH-10004345,Technology,287.88,3.00,35.99
CA-2016-159016,10-03-2016,KF-16285,OFF-PA-10004405,Office Supplies,14.90,5.00,7.15
CA-2016-159016,10-03-2016,KF-16285,TEC-PH-10002885,Technology,4158.91,8.00,363.90
CA-2014-102652,06-04-2014,AY-10555,FUR-FU-10000747,Furniture,91.96,2.00,15.63
CA-2014-102652,06-04-2014,AY-10555,FUR-FU-10001918,Furniture,33.11,7.00,12.91
CA-2014-102652,06-04-2014,AY-10555,OFF-PA-10003309,Office Supplies,19.44,3.00,9.33
CA-2014-102652,06-04-2014,AY-10555,OFF-PA-10001977,Office Supplies,55.48,1.00,26.63
CA-2014-152422,05-10-2014,BD-11635,OFF-AP-10002892,Office Supplies,91.92,5.00,11.49
US-2016-156692,13-08-2016,HG-15025,OFF-AP-10002222,Office Supplies,17.34,2.00,4.68
US-2016-156692,13-08-2016,HG-15025,TEC-AC-10000158,Technology,71.98,2.00,15.12
CA-2014-130869,17-11-2014,CB-12025,OFF-EN-10002600,Office Supplies,7.08,3.00,2.48
US-2017-128832,24-04-2017,LS-16945,TEC-AC-10004855,Technology,69.98,2.00,4.90
CA-2017-139717,24-08-2017,DM-13015,OFF-AP-10000938,Office Supplies,646.27,8.00,64.63
CA-2017-139717,24-08-2017,DM-13015,OFF-PA-10002195,Office Supplies,10.37,2.00,3.76
CA-2017-136007,23-02-2017,AC-10615,OFF-FA-10002701,Office Supplies,8.40,5.00,0.34
CA-2017-136007,23-02-2017,AC-10615,TEC-PH-10003589,Technology,71.96,5.00,25.19
CA-2016-157364,19-11-2016,LT-17110,OFF-AR-10003752,Office Supplies,18.48,2.00,6.01
US-2016-112970,14-11-2016,TB-21250,OFF-AR-10003829,Office Supplies,9.84,3.00,2.85
US-2017-152492,06-07-2017,AH-10585,FUR-CH-10000155,Furniture,239.24,1.00,23.92
CA-2016-101168,25-12-2016,SS-20140,FUR-FU-10003142,Furniture,21.12,4.00,6.55
CA-2017-104010,23-04-2017,TD-20995,OFF-SU-10001218,Office Supplies,54.90,5.00,15.37
CA-2015-130253,14-12-2015,PP-18955,FUR-FU-10002963,Furniture,15.24,3.00,5.18
US-2015-155369,19-04-2015,PG-18820,OFF-AP-10002578,Office Supplies,19.57,2.00,-52.83
US-2015-155369,19-04-2015,PG-18820,OFF-BI-10003925,Office Supplies,310.39,4.00,-512.15
CA-2016-131205,04-09-2016,AA-10645,FUR-FU-10003347,Furniture,42.60,3.00,16.61
CA-2016-131205,04-09-2016,AA-10645,OFF-BI-10000315,Office Supplies,113.94,6.00,54.69
CA-2016-131205,04-09-2016,AA-10645,OFF-ST-10002583,Office Supplies,129.92,4.00,5.20
CA-2016-131205,04-09-2016,AA-10645,OFF-AR-10003469,Office Supplies,5.28,3.00,2.53
CA-2017-122364,24-09-2017,FA-14230,TEC-PH-10001817,Technology,859.20,3.00,75.18
CA-2017-122364,24-09-2017,FA-14230,TEC-MA-10001031,Technology,506.28,3.00,177.20
CA-2016-117912,04-02-2016,TB-21520,FUR-FU-10002088,Furniture,14.37,2.00,3.95
CA-2017-145702,19-05-2017,AH-10075,FUR-CH-10001482,Furniture,314.35,3.00,-35.36
CA-2017-145702,19-05-2017,AH-10075,OFF-PA-10001526,Office Supplies,27.89,7.00,10.11
CA-2015-113215,03-09-2015,CP-12085,FUR-FU-10002937,Furniture,238.15,3.00,89.31
CA-2016-154662,09-06-2016,BF-11215,FUR-TA-10001771,Furniture,692.94,3.00,173.24
CA-2015-105571,07-11-2015,CP-12340,OFF-BI-10003305,Office Supplies,16.15,9.00,-12.92
CA-2015-105571,07-11-2015,CP-12340,OFF-BI-10001359,Office Supplies,1345.49,5.00,-1031.54
CA-2016-152765,15-06-2016,LS-17245,OFF-PA-10000483,Office Supplies,173.49,7.00,54.22
CA-2015-153878,25-04-2015,TS-21655,OFF-AR-10000658,Office Supplies,57.75,5.00,16.17
CA-2015-153878,25-04-2015,TS-21655,OFF-AP-10001205,Office Supplies,272.40,5.00,76.27
CA-2016-124016,23-09-2016,JS-15940,OFF-PA-10002586,Office Supplies,11.95,3.00,4.03
CA-2016-124016,23-09-2016,JS-15940,FUR-FU-10004963,Furniture,28.00,4.00,7.70
CA-2016-124016,23-09-2016,JS-15940,OFF-BI-10002071,Office Supplies,12.20,7.00,-9.76
CA-2016-113551,18-08-2016,NF-18385,OFF-BI-10001617,Office Supplies,2.07,1.00,-3.41
CA-2016-113551,18-08-2016,NF-18385,OFF-PA-10004665,Office Supplies,83.84,8.00,30.39
CA-2014-107524,02-03-2014,KN-16705,OFF-EN-10001990,Office Supplies,11.36,2.00,5.34
CA-2014-107524,02-03-2014,KN-16705,OFF-PA-10000587,Office Supplies,36.40,5.00,17.47
CA-2014-138072,30-12-2014,GA-14725,TEC-AC-10004859,Technology,27.97,2.00,6.99
CA-2015-134201,10-04-2015,EH-14125,OFF-ST-10001476,Office Supplies,142.04,4.00,38.35
CA-2015-134201,10-04-2015,EH-14125,OFF-AR-10002804,Office Supplies,14.67,3.00,6.01
CA-2015-111780,25-12-2015,RA-19285,TEC-CO-10004202,Technology,1199.96,5.00,224.99
CA-2015-111780,25-12-2015,RA-19285,OFF-PA-10001307,Office Supplies,12.60,3.00,6.17
CA-2015-111780,25-12-2015,RA-19285,OFF-PA-10001667,Office Supplies,17.94,3.00,8.07
CA-2015-119942,05-04-2015,TT-21070,OFF-LA-10001569,Office Supplies,23.90,6.00,7.77
CA-2015-151547,17-01-2015,AH-10465,OFF-SU-10000898,Office Supplies,88.96,8.00,10.01
CA-2017-166695,20-05-2017,CC-12430,FUR-CH-10000225,Furniture,518.27,8.00,-97.18
CA-2017-166695,20-05-2017,CC-12430,FUR-FU-10002191,Furniture,6.98,1.00,3.35
CA-2017-166695,20-05-2017,CC-12430,TEC-MA-10003176,Technology,343.20,1.00,38.61
CA-2017-167542,13-08-2017,KD-16495,OFF-LA-10004093,Office Supplies,17.54,3.00,5.92
CA-2015-120901,31-12-2015,BG-11035,OFF-ST-10000025,Office Supplies,152.69,2.00,-26.72
CA-2015-120901,31-12-2015,BG-11035,OFF-FA-10001561,Office Supplies,3.49,2.00,0.57
CA-2015-120901,31-12-2015,BG-11035,OFF-SU-10001225,Office Supplies,5.89,2.00,-1.32
CA-2017-121398,25-12-2017,FH-14365,OFF-BI-10001718,Office Supplies,153.55,3.00,51.82
CA-2017-121398,25-12-2017,FH-14365,OFF-ST-10002756,Office Supplies,270.62,2.00,2.71
CA-2016-151561,01-09-2016,PG-18820,TEC-AC-10001432,Technology,468.90,6.00,206.32
CA-2016-151561,01-09-2016,PG-18820,TEC-AC-10003399,Technology,72.48,2.00,30.44
CA-2016-151561,01-09-2016,PG-18820,OFF-SU-10001574,Office Supplies,10.95,3.00,3.29
CA-2016-151561,01-09-2016,PG-18820,FUR-FU-10004864,Furniture,191.82,3.00,61.38
CA-2017-154676,05-08-2017,NZ-18565,OFF-ST-10001172,Office Supplies,151.06,9.00,7.55
US-2014-165589,18-02-2014,TB-21595,FUR-FU-10002396,Furniture,25.16,5.00,-11.32
US-2016-132577,22-11-2016,JE-15475,OFF-BI-10004040,Office Supplies,6.22,6.00,-9.63
US-2016-132577,22-11-2016,JE-15475,OFF-AR-10003481,Office Supplies,23.62,9.00,2.66
US-2016-132577,22-11-2016,JE-15475,TEC-AC-10000387,Technology,24.03,2.00,-0.60
US-2016-132577,22-11-2016,JE-15475,OFF-LA-10000262,Office Supplies,2.09,1.00,0.68
US-2016-132577,22-11-2016,JE-15475,OFF-BI-10003196,Office Supplies,4.49,6.00,-6.73
CA-2015-114048,14-12-2015,EH-13945,FUR-FU-10004351,Furniture,29.22,3.00,12.86
CA-2015-137281,13-06-2015,BF-10975,OFF-PA-10001870,Office Supplies,6.48,1.00,3.11
US-2017-162068,28-12-2017,PC-18745,OFF-BI-10002813,Office Supplies,1.19,2.00,-0.99
CA-2017-100111,20-09-2017,SV-20365,FUR-CH-10003846,Furniture,272.65,3.00,18.18
CA-2017-100111,20-09-2017,SV-20365,TEC-AC-10002647,Technology,212.80,2.00,95.76
CA-2017-100111,20-09-2017,SV-20365,OFF-PA-10000807,Office Supplies,38.52,9.00,18.10
CA-2017-100111,20-09-2017,SV-20365,TEC-AC-10001465,Technology,72.64,2.00,21.79
CA-2017-100111,20-09-2017,SV-20365,OFF-ST-10000615,Office Supplies,45.40,4.00,12.71
CA-2017-100111,20-09-2017,SV-20365,OFF-PA-10002713,Office Supplies,13.76,2.00,6.33
CA-2017-100111,20-09-2017,SV-20365,FUR-CH-10003061,Furniture,80.99,1.00,8.10
CA-2017-100111,20-09-2017,SV-20365,OFF-BI-10000343,Office Supplies,11.78,3.00,3.98
CA-2017-100111,20-09-2017,SV-20365,OFF-FA-10000304,Office Supplies,4.36,2.00,1.79
CA-2017-100111,20-09-2017,SV-20365,FUR-CH-10004086,Furniture,2888.13,11.00,609.72
CA-2017-100111,20-09-2017,SV-20365,TEC-PH-10002885,Technology,1299.66,2.00,350.91
CA-2017-100111,20-09-2017,SV-20365,FUR-CH-10001215,Furniture,2254.41,5.00,375.74
CA-2017-100111,20-09-2017,SV-20365,TEC-PH-10000215,Technology,104.85,3.00,28.31
CA-2017-100111,20-09-2017,SV-20365,TEC-AC-10001998,Technology,59.97,3.00,20.39
US-2017-132381,22-08-2017,Dp-13240,FUR-TA-10002356,Furniture,314.53,2.00,-83.88
CA-2015-147011,18-06-2015,HR-14830,OFF-AR-10002399,Office Supplies,13.63,4.00,3.58
CA-2014-120852,20-12-2014,WB-21850,OFF-AP-10001563,Office Supplies,19.43,2.00,-49.55
CA-2014-120852,20-12-2014,WB-21850,TEC-AC-10004510,Technology,65.44,5.00,-8.18
CA-2016-150007,11-09-2016,AS-10090,OFF-LA-10001982,Office Supplies,6.00,2.00,2.10
CA-2016-150007,11-09-2016,AS-10090,OFF-BI-10004141,Office Supplies,1.91,3.00,-3.24
CA-2016-124590,12-11-2016,SP-20920,FUR-CH-10004495,Furniture,1474.80,7.00,-21.07
CA-2016-124590,12-11-2016,SP-20920,OFF-AP-10002311,Office Supplies,110.10,2.00,33.03
CA-2016-124590,12-11-2016,SP-20920,OFF-FA-10000585,Office Supplies,16.75,6.00,5.44
CA-2016-124590,12-11-2016,SP-20920,FUR-CH-10000454,Furniture,1537.07,9.00,0.00
CA-2016-124590,12-11-2016,SP-20920,FUR-CH-10003746,Furniture,449.37,2.00,-12.84
CA-2016-133802,14-03-2016,SP-20650,OFF-BI-10003291,Office Supplies,41.90,6.00,14.14
US-2016-113677,13-11-2016,CM-12655,TEC-PH-10002114,Technology,2279.96,4.00,592.79
US-2016-113677,13-11-2016,CM-12655,OFF-LA-10001569,Office Supplies,14.94,3.00,6.87
CA-2017-143378,19-09-2017,JR-16210,TEC-PH-10001425,Technology,191.98,3.00,19.20
CA-2017-143378,19-09-2017,JR-16210,OFF-AR-10001915,Office Supplies,23.83,3.00,6.55
CA-2017-143378,19-09-2017,JR-16210,FUR-FU-10004864,Furniture,409.22,8.00,61.38
CA-2017-143378,19-09-2017,JR-16210,FUR-BO-10001972,Furniture,72.59,2.00,-128.24
CA-2017-152660,04-12-2017,CB-12415,OFF-ST-10000532,Office Supplies,61.57,2.00,4.62
CA-2015-142139,31-08-2015,SD-20485,OFF-PA-10003883,Office Supplies,20.96,4.00,6.81
CA-2017-145772,03-06-2017,SS-20140,TEC-AC-10003038,Technology,44.75,5.00,8.50
CA-2017-145772,03-06-2017,SS-20140,OFF-PA-10001593,Office Supplies,11.96,2.00,5.38
CA-2017-145772,03-06-2017,SS-20140,OFF-BI-10002049,Office Supplies,3.91,1.00,1.27
CA-2016-124100,31-03-2016,EH-13990,FUR-CH-10003817,Furniture,328.00,6.00,54.67
US-2014-158400,25-10-2014,AH-10030,OFF-BI-10002353,Office Supplies,49.41,4.00,18.53
CA-2017-162033,26-03-2017,EM-14200,TEC-AC-10003116,Technology,53.25,3.00,20.77
CA-2017-162033,26-03-2017,EM-14200,OFF-FA-10003021,Office Supplies,3.76,2.00,1.32
CA-2014-163447,27-12-2014,TB-21190,FUR-CH-10004477,Furniture,767.21,14.00,161.97
CA-2017-145737,15-09-2017,AB-10165,OFF-PA-10001033,Office Supplies,163.96,5.00,59.44
CA-2016-148096,16-08-2016,AO-10810,FUR-TA-10004152,Furniture,161.28,2.00,12.10
CA-2016-146766,04-11-2016,TT-21220,OFF-AR-10002135,Office Supplies,192.80,4.00,55.91
CA-2015-105613,18-10-2015,KN-16705,TEC-AC-10000521,Technology,27.70,3.00,3.46
CA-2015-105613,18-10-2015,KN-16705,OFF-AP-10000026,Office Supplies,73.16,6.00,-186.57
US-2016-142251,31-10-2016,FO-14305,OFF-PA-10002986,Office Supplies,32.06,6.00,11.22
CA-2014-131247,30-03-2014,GA-14725,FUR-BO-10001337,Furniture,205.67,2.00,-12.10
US-2015-113593,18-04-2015,NC-18415,OFF-ST-10000532,Office Supplies,115.44,3.00,30.01
CA-2017-121083,09-07-2017,JF-15190,OFF-PA-10001497,Office Supplies,274.80,5.00,134.65
CA-2017-121083,09-07-2017,JF-15190,OFF-ST-10002554,Office Supplies,195.64,4.00,3.91
CA-2017-121083,09-07-2017,JF-15190,TEC-PH-10001336,Technology,257.98,2.00,74.81
CA-2017-121083,09-07-2017,JF-15190,OFF-AR-10002987,Office Supplies,119.04,6.00,48.81
CA-2017-151190,27-06-2017,GT-14710,OFF-PA-10000575,Office Supplies,20.07,3.00,9.23
CA-2014-133543,22-12-2014,KM-16660,OFF-AR-10003394,Office Supplies,11.76,4.00,3.18
CA-2017-105130,21-11-2017,PJ-18835,OFF-AR-10003394,Office Supplies,11.76,4.00,3.18
CA-2017-105130,21-11-2017,PJ-18835,OFF-BI-10001191,Office Supplies,40.74,2.00,14.77
CA-2016-161928,27-06-2016,AC-10660,TEC-PH-10003484,Technology,201.58,2.00,12.60
CA-2017-101322,28-12-2017,JG-15310,FUR-CH-10003968,Furniture,340.70,6.00,-34.07
US-2016-106600,08-04-2016,RM-19375,FUR-BO-10001608,Furniture,354.90,5.00,88.73
CA-2014-111871,18-03-2014,EK-13795,FUR-BO-10004218,Furniture,1198.33,10.00,70.49
CA-2017-139437,03-07-2017,RD-19585,OFF-ST-10002485,Office Supplies,87.92,4.00,0.88
CA-2017-151484,20-04-2017,CV-12805,FUR-FU-10001876,Furniture,51.97,2.00,10.39
CA-2017-151484,20-04-2017,CV-12805,OFF-ST-10002370,Office Supplies,51.34,3.00,5.78
CA-2017-151484,20-04-2017,CV-12805,OFF-ST-10000142,Office Supplies,332.70,1.00,33.27
CA-2017-151484,20-04-2017,CV-12805,FUR-FU-10004671,Furniture,42.41,3.00,9.54
CA-2016-104150,03-08-2016,AG-10330,OFF-EN-10002504,Office Supplies,81.54,3.00,38.32
CA-2016-104150,03-08-2016,AG-10330,TEC-AC-10004803,Technology,167.28,12.00,23.42
CA-2016-161025,03-12-2016,GM-14440,OFF-ST-10001932,Office Supplies,772.68,4.00,108.18
CA-2014-103989,19-03-2014,MC-17605,TEC-PH-10004667,Technology,323.98,3.00,28.35
CA-2014-103989,19-03-2014,MC-17605,OFF-LA-10000443,Office Supplies,11.81,4.00,3.99
CA-2014-103989,19-03-2014,MC-17605,OFF-ST-10000918,Office Supplies,26.16,3.00,1.96
CA-2014-103989,19-03-2014,MC-17605,OFF-BI-10001196,Office Supplies,33.57,5.00,-25.74
CA-2014-103989,19-03-2014,MC-17605,FUR-FU-10003981,Furniture,4.99,3.00,1.37
CA-2014-103989,19-03-2014,MC-17605,FUR-FU-10002508,Furniture,20.02,3.00,5.50
CA-2014-103989,19-03-2014,MC-17605,TEC-AC-10002647,Technology,170.24,2.00,53.20
CA-2015-142433,20-04-2015,ES-14020,OFF-PA-10002377,Office Supplies,117.46,3.00,44.05
CA-2015-132815,19-09-2015,RW-19540,OFF-PA-10004530,Office Supplies,22.96,2.00,11.25
CA-2014-101266,27-08-2014,MM-17920,OFF-PA-10002986,Office Supplies,13.36,2.00,6.41
CA-2016-141523,19-12-2016,MH-17440,OFF-BI-10000948,Office Supplies,34.25,3.00,11.56
CA-2016-141523,19-12-2016,MH-17440,OFF-AR-10001545,Office Supplies,3.52,2.00,1.02
US-2014-106299,02-08-2014,NZ-18565,OFF-BI-10001758,Office Supplies,26.70,5.00,12.55
US-2014-106299,02-08-2014,NZ-18565,TEC-AC-10003237,Technology,21.20,2.00,9.12
US-2014-106299,02-08-2014,NZ-18565,OFF-ST-10002011,Office Supplies,838.38,2.00,226.36
CA-2015-158421,21-09-2015,GB-14575,FUR-CH-10000309,Furniture,1690.04,4.00,422.51
CA-2015-158421,21-09-2015,GB-14575,OFF-ST-10002444,Office Supplies,85.96,7.00,24.07
CA-2015-158421,21-09-2015,GB-14575,OFF-EN-10001453,Office Supplies,121.96,2.00,57.32
CA-2015-158421,21-09-2015,GB-14575,OFF-PA-10001801,Office Supplies,23.92,4.00,11.72
CA-2015-158421,21-09-2015,GB-14575,OFF-ST-10000563,Office Supplies,63.96,2.00,6.40
CA-2015-158421,21-09-2015,GB-14575,TEC-PH-10000369,Technology,629.95,5.00,176.39
CA-2015-158421,21-09-2015,GB-14575,TEC-PH-10002538,Technology,113.73,3.00,32.98
CA-2015-158421,21-09-2015,GB-14575,OFF-BI-10000050,Office Supplies,14.60,2.00,6.86
CA-2015-158421,21-09-2015,GB-14575,OFF-ST-10004186,Office Supplies,887.84,8.00,17.76
CA-2016-143609,11-12-2016,DB-13270,FUR-CH-10004218,Furniture,403.92,5.00,25.25
CA-2015-138331,07-08-2015,JK-15625,OFF-AR-10002952,Office Supplies,106.80,10.00,10.68
CA-2015-138954,15-11-2015,MH-17785,OFF-ST-10003058,Office Supplies,70.95,3.00,20.58
CA-2015-138954,15-11-2015,MH-17785,OFF-BI-10003963,Office Supplies,34.94,6.00,11.79
CA-2015-138954,15-11-2015,MH-17785,OFF-AR-10001955,Office Supplies,119.04,6.00,35.71
CA-2017-157903,04-04-2017,AM-10705,TEC-PH-10004345,Technology,383.84,4.00,47.98
CA-2016-157259,24-12-2016,JM-15535,FUR-FU-10003192,Furniture,799.56,9.00,207.89
CA-2017-107986,13-12-2017,MW-18220,OFF-ST-10001325,Office Supplies,31.44,3.00,8.49
CA-2017-104927,22-12-2017,AG-10330,OFF-PA-10000019,Office Supplies,25.92,5.00,9.07
CA-2017-104927,22-12-2017,AG-10330,OFF-BI-10003429,Office Supplies,6.33,5.00,-9.81
CA-2017-104927,22-12-2017,AG-10330,OFF-PA-10000176,Office Supplies,75.88,5.00,26.56
CA-2017-113453,21-10-2017,CM-12160,TEC-PH-10004165,Technology,329.99,2.00,-77.00
CA-2017-113453,21-10-2017,CM-12160,OFF-ST-10000352,Office Supplies,71.38,3.00,-4.46
CA-2015-149909,13-11-2015,RA-19915,OFF-PA-10000726,Office Supplies,63.77,7.00,28.70
CA-2015-149909,13-11-2015,RA-19915,TEC-PH-10001536,Technology,50.97,3.00,13.25
CA-2015-149909,13-11-2015,RA-19915,OFF-PA-10001790,Office Supplies,96.08,2.00,46.12
CA-2015-146675,16-04-2015,SB-20185,TEC-CO-10001766,Technology,1439.97,4.00,485.99
CA-2015-146675,16-04-2015,SB-20185,TEC-AC-10004396,Technology,43.56,3.00,-4.90
CA-2016-118332,16-12-2016,PK-19075,FUR-CH-10001708,Furniture,563.92,5.00,7.05
CA-2016-133669,21-10-2016,SV-20935,TEC-PH-10001305,Technology,235.15,8.00,-47.03
CA-2017-145660,01-12-2017,MG-17650,FUR-FU-10002885,Furniture,7.71,2.00,1.74
CA-2016-133697,20-10-2016,CM-12445,OFF-PA-10000726,Office Supplies,51.02,7.00,15.94
CA-2016-133697,20-10-2016,CM-12445,OFF-FA-10003112,Office Supplies,25.25,4.00,7.89
CA-2016-133697,20-10-2016,CM-12445,FUR-CH-10002372,Furniture,56.69,1.00,-14.58
CA-2017-148138,29-09-2017,ME-18010,OFF-ST-10000563,Office Supplies,51.17,2.00,-6.40
CA-2017-119809,18-08-2017,YS-21880,OFF-BI-10003925,Office Supplies,2793.53,9.00,942.82
CA-2017-119809,18-08-2017,YS-21880,OFF-ST-10003306,Office Supplies,1000.02,7.00,290.01
CA-2017-119809,18-08-2017,YS-21880,FUR-FU-10001475,Furniture,65.94,3.00,22.42
CA-2017-149944,12-11-2017,MB-17305,OFF-FA-10003495,Office Supplies,18.24,3.00,9.12
CA-2017-149944,12-11-2017,MB-17305,OFF-AP-10004708,Office Supplies,76.12,2.00,22.07
CA-2014-128538,11-10-2014,AS-10240,OFF-EN-10001219,Office Supplies,7.64,1.00,3.74
CA-2015-161711,28-11-2015,MC-17425,FUR-FU-10000087,Furniture,68.16,3.00,27.95
CA-2015-161711,28-11-2015,MC-17425,OFF-EN-10001539,Office Supplies,62.24,8.00,29.25
US-2015-129553,27-07-2015,PG-18820,TEC-PH-10004897,Technology,29.97,3.00,0.30
CA-2016-160220,20-10-2016,JS-16030,TEC-PH-10001300,Technology,125.70,6.00,35.20
CA-2016-160220,20-10-2016,JS-16030,TEC-PH-10001557,Technology,191.98,2.00,51.83
CA-2016-160220,20-10-2016,JS-16030,OFF-ST-10000617,Office Supplies,20.86,7.00,1.46
US-2017-157224,14-09-2017,JB-16000,OFF-LA-10000121,Office Supplies,56.70,9.00,26.08
CA-2017-140627,23-12-2017,DK-12985,FUR-FU-10000087,Furniture,72.70,4.00,19.08
CA-2017-140627,23-12-2017,DK-12985,OFF-AR-10000422,Office Supplies,12.26,7.00,1.07
CA-2017-140627,23-12-2017,DK-12985,OFF-ST-10004123,Office Supplies,218.35,3.00,-54.59
CA-2015-133445,05-10-2015,JF-15490,FUR-BO-10003660,Furniture,66.29,1.00,-103.86
CA-2015-133445,05-10-2015,JF-15490,FUR-CH-10000422,Furniture,291.17,4.00,-14.56
CA-2014-148782,02-11-2014,PO-18850,TEC-PH-10002923,Technology,88.78,3.00,7.77
CA-2016-148208,22-01-2016,BT-11530,TEC-PH-10004093,Technology,110.38,4.00,-20.24
CA-2016-148208,22-01-2016,BT-11530,TEC-AC-10000171,Technology,55.18,3.00,15.86
CA-2017-127656,11-07-2017,NW-18400,OFF-AR-10001166,Office Supplies,30.32,4.00,11.82
US-2017-142188,11-09-2017,JF-15415,FUR-CH-10003199,Furniture,177.57,2.00,8.88
US-2017-142188,11-09-2017,JF-15415,OFF-PA-10002005,Office Supplies,19.44,3.00,9.33
US-2017-142188,11-09-2017,JF-15415,OFF-PA-10004101,Office Supplies,71.28,11.00,34.21
US-2017-142188,11-09-2017,JF-15415,OFF-BI-10004600,Office Supplies,1471.96,5.00,459.99
US-2017-142188,11-09-2017,JF-15415,TEC-PH-10000127,Technology,79.96,5.00,-17.99
CA-2016-144400,23-02-2016,AC-10420,OFF-EN-10004386,Office Supplies,57.58,3.00,21.59
US-2016-155180,22-01-2016,TB-21280,OFF-BI-10004506,Office Supplies,26.34,4.00,9.22
CA-2015-134075,12-12-2015,HA-14905,FUR-FU-10004597,Furniture,166.50,3.00,21.65
CA-2015-134075,12-12-2015,HA-14905,OFF-ST-10001496,Office Supplies,360.38,2.00,93.70
US-2016-131912,29-10-2016,LH-17155,OFF-BI-10004236,Office Supplies,11.74,1.00,3.82
CA-2017-141572,28-05-2017,LO-17170,FUR-FU-10001185,Furniture,247.44,8.00,101.45
CA-2014-134621,21-12-2014,DP-13390,OFF-BI-10000977,Office Supplies,18.24,2.00,-14.59
CA-2016-165561,24-11-2016,CR-12580,OFF-SU-10004782,Office Supplies,25.35,3.00,7.61
CA-2015-112305,20-11-2015,KB-16405,OFF-AR-10002067,Office Supplies,119.04,6.00,30.95
CA-2015-112305,20-11-2015,KB-16405,FUR-FU-10002364,Furniture,22.14,3.00,6.42
CA-2015-112305,20-11-2015,KB-16405,TEC-AC-10002018,Technology,13.98,2.00,6.01
CA-2017-121580,29-05-2017,ML-17410,OFF-BI-10000632,Office Supplies,43.41,1.00,19.97
CA-2017-121580,29-05-2017,ML-17410,FUR-FU-10003981,Furniture,6.24,3.00,2.62
CA-2017-121580,29-05-2017,ML-17410,OFF-AP-10001564,Office Supplies,465.16,2.00,120.94
CA-2017-121580,29-05-2017,ML-17410,OFF-PA-10004082,Office Supplies,7.98,1.00,3.99
CA-2014-101147,02-12-2014,MC-17575,OFF-AP-10004249,Office Supplies,2.39,1.00,-6.34
CA-2014-165806,07-04-2014,VM-21685,OFF-PA-10003441,Office Supplies,58.32,9.00,27.99
CA-2014-165806,07-04-2014,VM-21685,TEC-PH-10004922,Technology,200.97,3.00,50.24
CA-2015-151624,08-09-2015,VW-21775,FUR-FU-10001731,Furniture,21.36,8.00,8.12
CA-2017-139444,09-09-2017,GK-14620,OFF-LA-10000134,Office Supplies,9.86,4.00,3.45
CA-2015-133977,06-09-2015,AT-10435,OFF-BI-10003166,Office Supplies,3.44,1.00,-2.53
CA-2017-141425,02-11-2017,AR-10825,OFF-SU-10000646,Office Supplies,384.59,2.00,-81.73
CA-2015-133536,28-03-2015,JH-15820,OFF-EN-10004459,Office Supplies,22.92,3.00,11.23
CA-2015-150441,13-08-2015,RA-19285,OFF-BI-10003529,Office Supplies,11.36,4.00,5.57
CA-2015-162607,12-05-2015,RO-19780,OFF-BI-10002949,Office Supplies,14.59,3.00,4.92
CA-2017-103506,23-07-2017,LR-17035,OFF-LA-10001158,Office Supplies,41.40,4.00,19.87
CA-2016-132479,24-09-2016,MK-17905,OFF-BI-10004584,Office Supplies,442.37,7.00,-729.91
CA-2017-160724,05-05-2017,YS-21880,OFF-BI-10004965,Office Supplies,34.50,3.00,15.53
US-2016-115952,06-10-2016,JH-15910,OFF-BI-10004654,Office Supplies,28.85,5.00,14.43
CA-2014-146731,03-11-2014,AT-10735,OFF-PA-10000141,Office Supplies,3.49,2.00,1.18
CA-2014-146731,03-11-2014,AT-10735,OFF-PA-10001019,Office Supplies,143.86,9.00,48.55
CA-2015-115392,01-10-2015,RM-19675,TEC-PH-10002496,Technology,311.98,2.00,93.59
CA-2015-115392,01-10-2015,RM-19675,OFF-BI-10000829,Office Supplies,22.45,5.00,10.33
CA-2017-102379,02-12-2017,BB-11545,TEC-PH-10001448,Technology,39.99,1.00,-8.00
CA-2017-102379,02-12-2017,BB-11545,FUR-CH-10004983,Furniture,1159.06,9.00,43.46
CA-2017-102379,02-12-2017,BB-11545,OFF-AR-10004022,Office Supplies,179.90,5.00,44.98
CA-2017-149706,11-12-2017,AS-10285,TEC-AC-10001284,Technology,116.31,7.00,23.26
US-2016-139087,17-07-2016,DK-13375,FUR-FU-10001847,Furniture,12.42,3.00,4.47
US-2016-139087,17-07-2016,DK-13375,TEC-AC-10004595,Technology,428.40,3.00,89.96
US-2016-139087,17-07-2016,DK-13375,FUR-FU-10004164,Furniture,24.75,5.00,10.89
US-2016-139087,17-07-2016,DK-13375,OFF-LA-10001074,Office Supplies,87.71,7.00,41.22
US-2016-139087,17-07-2016,DK-13375,OFF-ST-10000604,Office Supplies,69.52,2.00,17.38
US-2016-139087,17-07-2016,DK-13375,TEC-PH-10000148,Technology,20.78,2.00,-4.68
US-2016-139087,17-07-2016,DK-13375,OFF-BI-10000042,Office Supplies,12.82,3.00,4.17
CA-2017-152226,12-05-2017,JH-15910,OFF-LA-10000443,Office Supplies,5.90,2.00,1.99
CA-2015-116484,20-11-2015,JK-15205,FUR-FU-10002874,Furniture,63.82,2.00,9.57
CA-2015-116484,20-11-2015,JK-15205,OFF-ST-10003994,Office Supplies,141.55,3.00,-26.54
CA-2016-100944,24-09-2016,EH-13765,OFF-EN-10001453,Office Supplies,304.90,5.00,143.30
CA-2016-100944,24-09-2016,EH-13765,FUR-CH-10000988,Furniture,563.24,5.00,56.32
CA-2016-125080,21-10-2016,VW-21775,FUR-TA-10003238,Furniture,661.18,2.00,-231.41
CA-2016-121020,24-10-2016,CG-12040,TEC-PH-10001061,Technology,239.98,3.00,18.00
CA-2014-100090,08-07-2014,EB-13705,FUR-TA-10003715,Furniture,502.49,3.00,-87.94
CA-2014-100090,08-07-2014,EB-13705,OFF-BI-10001597,Office Supplies,196.70,6.00,68.85
US-2015-139675,13-03-2015,NF-18595,FUR-CH-10004063,Furniture,915.14,4.00,102.95
US-2015-139675,13-03-2015,NF-18595,FUR-FU-10001979,Furniture,327.76,8.00,91.77
CA-2017-143756,02-12-2017,ME-17725,FUR-CH-10001854,Furniture,701.96,2.00,168.47
CA-2015-151253,22-04-2015,AZ-10750,TEC-PH-10002923,Technology,88.78,3.00,7.77
CA-2015-151253,22-04-2015,AZ-10750,OFF-AR-10004691,Office Supplies,64.14,3.00,16.68
CA-2014-141152,16-09-2014,RF-19345,OFF-BI-10002931,Office Supplies,33.55,1.00,12.58
CA-2014-141313,28-12-2014,AJ-10780,OFF-AP-10002651,Office Supplies,1737.18,6.00,503.78
CA-2014-141313,28-12-2014,AJ-10780,OFF-ST-10000689,Office Supplies,704.25,5.00,84.51
CA-2014-141313,28-12-2014,AJ-10780,OFF-PA-10003302,Office Supplies,141.76,4.00,66.63
CA-2014-169852,21-10-2014,SF-20965,OFF-BI-10001460,Office Supplies,36.36,3.00,12.27
CA-2017-107314,30-11-2017,MZ-17335,FUR-FU-10003489,Furniture,25.83,3.00,9.56
US-2014-161305,06-06-2014,SB-20170,OFF-BI-10002794,Office Supplies,24.59,3.00,-38.11
US-2014-161305,06-06-2014,SB-20170,OFF-EN-10000461,Office Supplies,13.98,2.00,4.72
CA-2017-166919,23-11-2017,AH-10210,TEC-PH-10001305,Technology,195.96,5.00,19.60
CA-2017-162712,18-06-2017,NK-18490,OFF-PA-10000167,Office Supplies,74.35,3.00,23.24
CA-2017-107552,05-05-2017,AI-10855,OFF-PA-10002947,Office Supplies,6.68,1.00,3.21
CA-2016-163328,04-11-2016,TP-21565,OFF-SU-10002301,Office Supplies,17.58,7.00,-4.18
CA-2016-163328,04-11-2016,TP-21565,FUR-CH-10003298,Furniture,104.78,1.00,-14.41
CA-2016-163328,04-11-2016,TP-21565,OFF-PA-10004353,Office Supplies,47.95,3.00,16.78
CA-2016-163328,04-11-2016,TP-21565,FUR-CH-10000229,Furniture,650.35,3.00,-97.55
CA-2016-163328,04-11-2016,TP-21565,OFF-LA-10003930,Office Supplies,629.18,8.00,228.08
CA-2016-163328,04-11-2016,TP-21565,OFF-PA-10000176,Office Supplies,15.18,1.00,5.31
CA-2014-112837,11-09-2014,LW-17125,FUR-FU-10004006,Furniture,127.95,3.00,21.75
CA-2017-120019,16-02-2017,NG-18355,OFF-ST-10001932,Office Supplies,579.51,3.00,81.13
CA-2017-120019,16-02-2017,NG-18355,TEC-PH-10000923,Technology,14.99,1.00,7.35
CA-2014-100762,24-11-2014,NG-18355,OFF-AR-10000380,Office Supplies,151.92,4.00,45.58
CA-2014-100762,24-11-2014,NG-18355,OFF-LA-10003930,Office Supplies,196.62,2.00,96.34
CA-2014-100762,24-11-2014,NG-18355,OFF-PA-10001815,Office Supplies,144.12,3.00,69.18
CA-2014-100762,24-11-2014,NG-18355,OFF-PA-10004082,Office Supplies,15.96,2.00,7.98
CA-2017-161459,25-11-2017,EB-13750,TEC-PH-10004071,Technology,39.96,5.00,3.50
CA-2017-161459,25-11-2017,EB-13750,OFF-PA-10002377,Office Supplies,34.08,6.00,15.34
CA-2017-160017,28-09-2017,SP-20860,OFF-PA-10001800,Office Supplies,10.37,2.00,3.63
CA-2014-123316,13-10-2014,SP-20545,OFF-BI-10002764,Office Supplies,7.75,3.00,2.81
CA-2014-141299,03-06-2014,RB-19795,OFF-EN-10004459,Office Supplies,15.28,2.00,7.49
CA-2014-104402,17-06-2014,DB-13660,TEC-MA-10000423,Technology,65.97,3.00,31.01
CA-2015-110289,29-10-2015,NB-18655,OFF-PA-10002986,Office Supplies,33.40,5.00,16.03
CA-2015-110289,29-10-2015,NB-18655,OFF-EN-10001434,Office Supplies,210.84,4.00,103.31
CA-2014-167927,20-01-2014,XP-21865,OFF-ST-10000760,Office Supplies,13.98,1.00,4.05
CA-2014-167927,20-01-2014,XP-21865,FUR-FU-10002918,Furniture,272.94,3.00,30.02
CA-2014-167927,20-01-2014,XP-21865,OFF-BI-10000605,Office Supplies,19.05,5.00,8.95
CA-2014-167927,20-01-2014,XP-21865,OFF-AP-10002311,Office Supplies,247.72,4.00,93.58
CA-2014-167927,20-01-2014,XP-21865,OFF-ST-10003123,Office Supplies,66.58,2.00,15.98
CA-2014-167927,20-01-2014,XP-21865,OFF-AR-10004456,Office Supplies,43.92,3.00,12.74
CA-2014-167927,20-01-2014,XP-21865,FUR-FU-10002268,Furniture,14.73,3.00,4.86
CA-2014-167927,20-01-2014,XP-21865,OFF-BI-10004364,Office Supplies,29.70,5.00,13.37
CA-2014-133305,11-07-2014,MH-17455,OFF-PA-10001970,Office Supplies,49.12,4.00,23.09
CA-2014-133305,11-07-2014,MH-17455,OFF-BI-10002954,Office Supplies,18.28,5.00,6.40
CA-2016-165995,30-08-2016,BG-11740,FUR-FU-10000672,Furniture,47.04,4.00,15.99
CA-2016-165995,30-08-2016,BG-11740,TEC-PH-10004908,Technology,339.96,5.00,42.50
CA-2017-143112,05-10-2017,TS-21370,TEC-PH-10003095,Technology,87.80,4.00,43.90
CA-2017-143112,05-10-2017,TS-21370,FUR-CH-10002880,Furniture,221.38,2.00,2.46
CA-2017-143112,05-10-2017,TS-21370,TEC-MA-10001047,Technology,5199.96,4.00,1351.99
US-2017-105830,31-12-2016,DB-13660,OFF-ST-10002554,Office Supplies,156.51,4.00,-35.22
CA-2015-146255,07-03-2015,EM-14140,TEC-AC-10004469,Technology,119.85,3.00,52.73
CA-2015-146255,07-03-2015,EM-14140,OFF-BI-10000309,Office Supplies,30.44,2.00,14.92
CA-2015-146255,07-03-2015,EM-14140,OFF-BI-10001765,Office Supplies,69.28,2.00,33.25
CA-2015-146255,07-03-2015,EM-14140,TEC-PH-10001619,Technology,587.97,3.00,170.51
CA-2017-104822,20-10-2017,RB-19465,OFF-LA-10002034,Office Supplies,24.55,5.00,12.03
CA-2015-104486,01-05-2015,PO-18850,OFF-BI-10000309,Office Supplies,12.18,1.00,4.41
CA-2015-104486,01-05-2015,PO-18850,OFF-ST-10000876,Office Supplies,37.32,3.00,10.45
CA-2015-104486,01-05-2015,PO-18850,OFF-SU-10002573,Office Supplies,35.06,2.00,10.52
CA-2017-161557,03-09-2017,AG-10900,FUR-FU-10004622,Furniture,108.40,5.00,-105.69
CA-2017-161130,03-11-2017,BF-11275,TEC-PH-10002549,Technology,361.38,2.00,27.10
US-2015-161347,13-09-2015,HG-14845,OFF-BI-10004209,Office Supplies,2.41,1.00,-2.01
US-2015-109015,06-09-2015,BS-11590,OFF-AP-10001962,Office Supplies,8.39,1.00,2.10
US-2015-109015,06-09-2015,BS-11590,TEC-PH-10002922,Technology,337.98,2.00,101.39
CA-2014-110611,06-10-2014,JD-16015,OFF-ST-10000642,Office Supplies,83.92,5.00,-13.64
CA-2017-139080,23-01-2017,CS-12250,OFF-BI-10001757,Office Supplies,19.68,5.00,6.89
CA-2017-139080,23-01-2017,CS-12250,OFF-PA-10004621,Office Supplies,25.92,4.00,12.44
CA-2017-139080,23-01-2017,CS-12250,OFF-PA-10002262,Office Supplies,6.48,1.00,3.11
CA-2017-139080,23-01-2017,CS-12250,TEC-PH-10004100,Technology,86.35,6.00,8.64
CA-2015-115693,10-12-2015,FC-14245,OFF-AR-10003582,Office Supplies,56.30,2.00,15.76
US-2014-107993,25-11-2014,SE-20110,OFF-AR-10003179,Office Supplies,51.02,7.00,8.29
CA-2017-110443,21-11-2017,CK-12205,OFF-BI-10001670,Office Supplies,150.80,5.00,56.55
CA-2017-110443,21-11-2017,CK-12205,TEC-MA-10002073,Technology,1039.99,1.00,104.00
CA-2017-110443,21-11-2017,CK-12205,OFF-PA-10003797,Office Supplies,51.84,8.00,24.88
CA-2017-144848,04-04-2017,DS-13030,TEC-PH-10004006,Technology,41.22,1.00,11.13
CA-2017-144848,04-04-2017,DS-13030,OFF-SU-10000646,Office Supplies,240.37,1.00,7.21
CA-2017-144848,04-04-2017,DS-13030,TEC-PH-10002262,Technology,119.02,2.00,33.33
US-2017-147998,19-05-2017,SA-20830,OFF-BI-10002082,Office Supplies,133.12,5.00,49.92
CA-2016-103919,03-10-2016,TP-21565,FUR-FU-10001756,Furniture,38.08,5.00,-29.51
CA-2016-113425,21-11-2016,JK-16120,FUR-BO-10002598,Furniture,113.57,2.00,12.78
CA-2017-143035,03-10-2017,CC-12430,FUR-FU-10001934,Furniture,83.92,4.00,21.82
CA-2017-143035,03-10-2017,CC-12430,OFF-AR-10001130,Office Supplies,6.63,3.00,3.12
CA-2017-143035,03-10-2017,CC-12430,TEC-AC-10002049,Technology,371.97,3.00,66.95
CA-2014-107811,29-04-2014,LA-16780,FUR-CH-10001394,Furniture,561.58,2.00,70.20
CA-2014-107811,29-04-2014,LA-16780,OFF-ST-10000798,Office Supplies,99.92,5.00,-1.25
CA-2016-163216,07-10-2016,AW-10930,OFF-LA-10000134,Office Supplies,4.93,2.00,1.72
US-2016-116442,15-12-2016,BP-11230,FUR-FU-10002364,Furniture,14.76,2.00,4.28
CA-2017-150623,10-04-2017,DB-13360,TEC-AC-10004571,Technology,99.99,1.00,42.00
CA-2017-150623,10-04-2017,DB-13360,OFF-ST-10003692,Office Supplies,286.15,5.00,71.54
US-2014-163797,08-04-2014,PC-19000,OFF-FA-10001883,Office Supplies,49.79,8.00,-11.83
CA-2016-127236,29-03-2016,TB-21595,FUR-BO-10004015,Furniture,299.98,5.00,-167.99
CA-2016-127236,29-03-2016,TB-21595,TEC-PH-10000141,Technology,158.38,4.00,-36.95
US-2017-104661,15-01-2017,TB-21250,OFF-BI-10001597,Office Supplies,32.78,4.00,-52.45
US-2017-104661,15-01-2017,TB-21250,TEC-AC-10003628,Technology,47.98,2.00,14.40
US-2017-104661,15-01-2017,TB-21250,TEC-AC-10002331,Technology,62.59,8.00,13.30
US-2017-104661,15-01-2017,TB-21250,OFF-BI-10001098,Office Supplies,4.28,1.00,-6.63
CA-2014-134103,30-01-2014,MV-18190,OFF-PA-10001204,Office Supplies,10.56,2.00,4.75
CA-2014-134103,30-01-2014,MV-18190,OFF-ST-10000991,Office Supplies,229.94,2.00,6.90
CA-2015-147529,07-02-2015,DK-12835,OFF-EN-10000056,Office Supplies,311.15,5.00,146.24
CA-2015-147529,07-02-2015,DK-12835,OFF-PA-10003349,Office Supplies,12.96,2.00,6.35
CA-2016-129126,14-12-2016,PK-19075,OFF-PA-10001471,Office Supplies,14.62,2.00,6.73
CA-2016-129126,14-12-2016,PK-19075,OFF-LA-10003190,Office Supplies,5.76,2.00,2.82
CA-2016-129126,14-12-2016,PK-19075,OFF-FA-10000621,Office Supplies,21.48,6.00,10.53
CA-2016-129126,14-12-2016,PK-19075,FUR-FU-10002937,Furniture,396.92,4.00,198.46
CA-2016-129126,14-12-2016,PK-19075,OFF-ST-10004507,Office Supplies,17.15,1.00,4.63
CA-2016-129126,14-12-2016,PK-19075,OFF-BI-10000279,Office Supplies,23.12,2.00,7.80
CA-2017-131632,31-10-2017,AH-10120,OFF-AR-10003651,Office Supplies,5.25,2.00,0.59
CA-2017-151981,06-08-2017,GM-14455,TEC-PH-10003601,Technology,824.95,5.00,247.49
CA-2017-151981,06-08-2017,GM-14455,OFF-LA-10002195,Office Supplies,24.64,8.00,11.83
CA-2017-151981,06-08-2017,GM-14455,OFF-AR-10000380,Office Supplies,227.88,6.00,68.36
CA-2017-125472,30-05-2017,BD-11725,FUR-BO-10000330,Furniture,241.96,2.00,33.87
CA-2017-125472,30-05-2017,BD-11725,OFF-BI-10000591,Office Supplies,3.89,1.00,1.87
CA-2017-125472,30-05-2017,BD-11725,FUR-FU-10001731,Furniture,8.01,3.00,3.04
CA-2015-156328,30-11-2015,RM-19375,TEC-PH-10001198,Technology,177.48,3.00,19.97
CA-2017-154074,31-08-2017,BW-11110,FUR-CH-10002331,Furniture,569.57,2.00,7.12
CA-2017-154074,31-08-2017,BW-11110,OFF-ST-10002370,Office Supplies,149.73,7.00,43.42
CA-2017-161774,14-05-2017,GT-14710,FUR-CH-10003981,Furniture,899.43,5.00,-12.85
CA-2017-161774,14-05-2017,GT-14710,OFF-AR-10001446,Office Supplies,46.20,5.00,5.78
CA-2017-161774,14-05-2017,GT-14710,OFF-PA-10000300,Office Supplies,47.95,3.00,16.18
CA-2017-161774,14-05-2017,GT-14710,TEC-PH-10004071,Technology,7.99,1.00,0.70
CA-2017-161774,14-05-2017,GT-14710,OFF-PA-10003134,Office Supplies,76.86,2.00,26.90
CA-2017-151211,17-08-2017,AH-10120,OFF-BI-10002735,Office Supplies,102.93,3.00,48.38
CA-2017-151211,17-08-2017,AH-10120,TEC-AC-10004510,Technology,98.16,6.00,9.82
CA-2017-142671,10-11-2017,DR-12940,OFF-BI-10004099,Office Supplies,11.52,5.00,-7.68
CA-2017-144750,21-08-2017,DL-13495,OFF-PA-10003395,Office Supplies,83.88,1.00,29.36
CA-2016-111976,08-03-2016,BD-11620,TEC-PH-10002890,Technology,108.58,4.00,-25.33
CA-2016-111976,08-03-2016,BD-11620,OFF-FA-10004968,Office Supplies,5.98,2.00,-1.35
CA-2016-140130,31-10-2016,HW-14935,OFF-SU-10001218,Office Supplies,21.96,2.00,6.15
CA-2016-140130,31-10-2016,HW-14935,FUR-CH-10002084,Furniture,368.97,3.00,81.17
CA-2016-140130,31-10-2016,HW-14935,OFF-AR-10004269,Office Supplies,12.39,3.00,3.47
CA-2016-140130,31-10-2016,HW-14935,OFF-ST-10001128,Office Supplies,332.94,3.00,9.99
CA-2014-159121,26-07-2014,JO-15145,TEC-AC-10002006,Technology,111.93,7.00,34.70
CA-2015-149650,24-10-2015,RD-19660,FUR-CH-10003956,Furniture,454.27,8.00,-73.82
CA-2017-115777,19-08-2017,DO-13645,OFF-PA-10000552,Office Supplies,19.44,3.00,9.33
CA-2016-143714,23-05-2016,CC-12370,TEC-CO-10004722,Technology,8399.98,4.00,1120.00
CA-2016-143714,23-05-2016,CC-12370,OFF-BI-10004308,Office Supplies,6.29,1.00,-4.20
CA-2016-143714,23-05-2016,CC-12370,OFF-PA-10000029,Office Supplies,10.37,2.00,3.63
CA-2016-143714,23-05-2016,CC-12370,TEC-PH-10004080,Technology,122.38,3.00,-24.48
CA-2014-165764,03-11-2014,SH-20395,OFF-ST-10001558,Office Supplies,25.98,2.00,-1.62
CA-2014-165764,03-11-2014,SH-20395,FUR-TA-10001768,Furniture,945.04,6.00,-299.26
CA-2014-165764,03-11-2014,SH-20395,OFF-BI-10002982,Office Supplies,14.30,7.00,-10.49
CA-2014-165764,03-11-2014,SH-20395,FUR-FU-10001468,Furniture,410.35,3.00,-51.29
CA-2015-121405,30-03-2015,FC-14335,OFF-PA-10001838,Office Supplies,23.52,5.00,8.53
CA-2015-121405,30-03-2015,FC-14335,TEC-PH-10002890,Technology,180.96,5.00,13.57
US-2017-116897,27-05-2017,JG-15160,FUR-FU-10004963,Furniture,35.00,4.00,14.70
US-2017-116897,27-05-2017,JG-15160,OFF-ST-10000025,Office Supplies,477.15,5.00,28.63
US-2017-116897,27-05-2017,JG-15160,TEC-PH-10004389,Technology,302.38,3.00,22.68
US-2017-113992,14-12-2017,LC-16885,FUR-TA-10000577,Furniture,974.99,4.00,-97.50
CA-2014-166891,04-10-2014,CC-12220,FUR-CH-10003298,Furniture,589.41,5.00,-6.55
CA-2016-101161,13-10-2016,BW-11110,OFF-AR-10001860,Office Supplies,34.70,5.00,12.49
CA-2016-101161,13-10-2016,BW-11110,OFF-ST-10003123,Office Supplies,99.87,3.00,23.97
CA-2016-101161,13-10-2016,BW-11110,OFF-PA-10001295,Office Supplies,37.94,2.00,18.21
CA-2016-101161,13-10-2016,BW-11110,OFF-LA-10000407,Office Supplies,24.90,5.00,11.45
CA-2016-101161,13-10-2016,BW-11110,FUR-FU-10003535,Furniture,82.26,3.00,33.73
CA-2015-151785,05-03-2015,JJ-15445,OFF-FA-10000611,Office Supplies,7.10,6.00,2.49
US-2017-119816,04-03-2017,TT-21460,FUR-FU-10004848,Furniture,103.50,5.00,-77.63
US-2017-119816,04-03-2017,TT-21460,OFF-LA-10002381,Office Supplies,2.46,1.00,0.86
US-2017-119816,04-03-2017,TT-21460,OFF-ST-10000918,Office Supplies,8.72,1.00,0.65
CA-2015-156510,25-09-2015,EH-13990,OFF-BI-10000822,Office Supplies,10.76,2.00,5.16
CA-2015-156510,25-09-2015,EH-13990,OFF-PA-10002222,Office Supplies,45.68,2.00,21.01
CA-2015-156510,25-09-2015,EH-13990,OFF-AR-10004930,Office Supplies,6.70,1.00,2.21
US-2015-110261,19-12-2015,PR-18880,TEC-PH-10001750,Technology,158.38,3.00,13.86
CA-2015-125710,08-10-2015,BT-11680,OFF-AR-10000657,Office Supplies,3.44,2.00,0.56
CA-2017-161102,31-07-2017,EC-14050,OFF-ST-10003442,Office Supplies,56.56,2.00,15.27
CA-2017-161102,31-07-2017,EC-14050,FUR-FU-10003142,Furniture,36.96,7.00,11.46
CA-2014-110065,05-08-2014,SP-20650,TEC-PH-10002468,Technology,135.99,1.00,36.72
CA-2014-110065,05-08-2014,SP-20650,OFF-AR-10004165,Office Supplies,15.96,7.00,7.02
US-2017-133361,14-05-2017,AJ-10780,OFF-AR-10001919,Office Supplies,3.76,2.00,1.09
US-2017-133361,14-05-2017,AJ-10780,OFF-AR-10003045,Office Supplies,14.70,5.00,6.62
US-2017-133361,14-05-2017,AJ-10780,OFF-AR-10003338,Office Supplies,37.20,5.00,9.30
US-2017-133361,14-05-2017,AJ-10780,TEC-AC-10003280,Technology,89.97,3.00,18.89
US-2017-133361,14-05-2017,AJ-10780,FUR-CH-10003298,Furniture,261.96,2.00,23.58
US-2017-133361,14-05-2017,AJ-10780,OFF-LA-10004544,Office Supplies,74.00,5.00,37.00
US-2016-155404,22-09-2016,AS-10630,FUR-FU-10004586,Furniture,13.28,2.00,6.37
CA-2015-114503,13-11-2015,AA-10375,OFF-ST-10003572,Office Supplies,84.96,6.00,6.37
CA-2017-153080,22-05-2017,EH-13945,TEC-AC-10002331,Technology,68.46,7.00,25.33
CA-2016-163804,02-12-2016,DB-13270,OFF-ST-10000142,Office Supplies,2079.40,5.00,582.23
CA-2016-163804,02-12-2016,DB-13270,TEC-PH-10000441,Technology,629.95,5.00,176.39
CA-2016-163804,02-12-2016,DB-13270,FUR-FU-10004864,Furniture,72.42,6.00,23.90
CA-2015-108532,29-08-2015,CC-12100,TEC-PH-10001750,Technology,131.98,2.00,35.63
CA-2015-108532,29-08-2015,CC-12100,TEC-AC-10004510,Technology,114.52,7.00,11.45
CA-2014-151897,06-06-2014,VT-21700,OFF-LA-10001074,Office Supplies,100.24,10.00,33.83
CA-2016-113292,18-03-2016,DB-13060,OFF-AP-10003590,Office Supplies,871.80,3.00,87.18
CA-2014-149524,14-01-2014,BS-11590,FUR-BO-10003433,Furniture,61.96,4.00,-53.29
CA-2017-140872,03-06-2017,NR-18550,OFF-BI-10002432,Office Supplies,4.55,3.00,-3.49
CA-2017-140872,03-06-2017,NR-18550,OFF-AP-10003622,Office Supplies,5.20,2.00,0.59
CA-2017-140872,03-06-2017,NR-18550,TEC-AC-10003832,Technology,205.99,1.00,-2.57
CA-2017-140872,03-06-2017,NR-18550,OFF-PA-10000809,Office Supplies,15.55,3.00,5.44
CA-2017-140872,03-06-2017,NR-18550,TEC-PH-10000441,Technology,503.96,5.00,50.40
CA-2017-140872,03-06-2017,NR-18550,OFF-AP-10002287,Office Supplies,24.47,7.00,1.84
CA-2017-140872,03-06-2017,NR-18550,FUR-BO-10002824,Furniture,241.57,2.00,0.00
CA-2017-140872,03-06-2017,NR-18550,TEC-AC-10002942,Technology,110.40,2.00,-4.14
CA-2017-113908,03-06-2017,KN-16390,FUR-TA-10001932,Furniture,384.77,2.00,-115.43
CA-2017-113908,03-06-2017,KN-16390,TEC-MA-10003173,Technology,78.66,6.00,36.18
CA-2017-113908,03-06-2017,KN-16390,OFF-PA-10004156,Office Supplies,45.36,4.00,22.23
CA-2015-120621,21-03-2015,JW-16075,OFF-AP-10002945,Office Supplies,962.08,4.00,156.34
CA-2015-120621,21-03-2015,JW-16075,OFF-BI-10000948,Office Supplies,12.84,3.00,-9.85
CA-2015-120621,21-03-2015,JW-16075,OFF-PA-10002254,Office Supplies,295.46,14.00,96.02
US-2017-148866,19-09-2017,JM-15535,OFF-PA-10004782,Office Supplies,32.40,5.00,15.55
CA-2014-149594,15-09-2014,MF-18250,FUR-FU-10000222,Furniture,103.94,4.00,16.89
CA-2016-113845,20-11-2016,FA-14230,FUR-BO-10004695,Furniture,289.57,2.00,10.86
CA-2016-113845,20-11-2016,FA-14230,OFF-ST-10003327,Office Supplies,39.72,5.00,4.47
CA-2016-113845,20-11-2016,FA-14230,TEC-PH-10003357,Technology,244.77,4.00,24.48
CA-2017-111262,28-10-2017,KH-16510,TEC-AC-10002167,Technology,24.00,2.00,-2.70
CA-2017-111262,28-10-2017,KH-16510,OFF-PA-10001937,Office Supplies,15.55,3.00,5.44
CA-2017-111262,28-10-2017,KH-16510,TEC-AC-10004510,Technology,26.18,2.00,-3.27
CA-2015-103135,24-07-2015,SS-20515,FUR-FU-10001487,Furniture,20.94,3.00,6.07
CA-2015-103135,24-07-2015,SS-20515,OFF-BI-10000069,Office Supplies,135.09,9.00,62.14
CA-2015-103135,24-07-2015,SS-20515,TEC-AC-10003289,Technology,279.86,14.00,64.37
CA-2015-103135,24-07-2015,SS-20515,OFF-BI-10000069,Office Supplies,90.06,6.00,41.43
CA-2014-129147,02-11-2014,LC-17050,TEC-PH-10001299,Technology,539.96,6.00,-107.99
CA-2014-129147,02-11-2014,LC-17050,TEC-PH-10001552,Technology,50.23,7.00,-10.05
CA-2014-129147,02-11-2014,LC-17050,OFF-BI-10001098,Office Supplies,19.24,3.00,-13.47
CA-2017-128265,17-11-2017,VW-21775,OFF-ST-10000142,Office Supplies,1247.64,3.00,349.34
CA-2016-152331,26-06-2016,LD-16855,OFF-AR-10001547,Office Supplies,5.30,3.00,0.46
US-2016-128909,09-10-2016,SP-20545,OFF-PA-10001593,Office Supplies,19.14,4.00,5.98
US-2016-128909,09-10-2016,SP-20545,FUR-FU-10004071,Furniture,332.83,4.00,-24.96
CA-2017-102197,20-12-2017,DK-13150,OFF-PA-10001970,Office Supplies,279.90,5.00,137.15
CA-2017-102197,20-12-2017,DK-13150,OFF-BI-10001524,Office Supplies,50.35,3.00,17.62
CA-2017-102197,20-12-2017,DK-13150,OFF-PA-10004156,Office Supplies,34.02,3.00,16.67
CA-2017-167640,06-03-2017,FC-14245,OFF-AR-10003158,Office Supplies,23.88,6.00,8.12
CA-2017-167640,06-03-2017,FC-14245,OFF-LA-10004559,Office Supplies,11.52,4.00,5.64
CA-2017-167640,06-03-2017,FC-14245,OFF-PA-10001033,Office Supplies,286.93,7.00,140.60
CA-2017-167640,06-03-2017,FC-14245,TEC-PH-10001336,Technology,206.38,2.00,23.22
US-2017-116652,15-09-2017,RD-19480,FUR-CH-10002961,Furniture,218.35,3.00,0.00
US-2017-116652,15-09-2017,RD-19480,FUR-FU-10001488,Furniture,529.90,5.00,105.98
US-2017-116652,15-09-2017,RD-19480,OFF-AR-10001915,Office Supplies,99.30,10.00,41.71
US-2017-116652,15-09-2017,RD-19480,OFF-AP-10001205,Office Supplies,108.96,2.00,30.51
US-2017-116652,15-09-2017,RD-19480,OFF-BI-10004528,Office Supplies,2.69,1.00,0.84
CA-2017-138289,16-01-2017,AR-10540,OFF-BI-10004995,Office Supplies,5443.96,4.00,2504.22
CA-2017-138289,16-01-2017,AR-10540,FUR-CH-10004626,Furniture,302.67,3.00,72.64
CA-2017-138289,16-01-2017,AR-10540,OFF-PA-10001260,Office Supplies,56.07,7.00,25.23
CA-2016-129308,07-07-2016,CC-12100,OFF-LA-10002945,Office Supplies,10.08,2.00,3.28
CA-2016-129308,07-07-2016,CC-12100,TEC-PH-10002310,Technology,59.99,1.00,-13.00
CA-2016-129308,07-07-2016,CC-12100,OFF-BI-10001525,Office Supplies,5.72,5.00,-4.76
CA-2016-129308,07-07-2016,CC-12100,OFF-BI-10001308,Office Supplies,9.42,5.00,-7.85
CA-2016-157791,23-12-2016,CA-11965,TEC-CO-10002095,Technology,1999.96,4.00,899.98
CA-2014-146864,22-12-2014,BT-11530,OFF-ST-10004946,Office Supplies,216.40,4.00,56.26
CA-2014-103744,23-02-2014,MG-17875,OFF-LA-10004425,Office Supplies,6.94,3.00,2.34
CA-2014-103744,23-02-2014,MG-17875,OFF-BI-10000320,Office Supplies,4.43,3.00,-6.86
US-2017-107384,04-12-2017,TP-21130,OFF-AR-10001315,Office Supplies,8.80,5.00,2.55
US-2017-107384,04-12-2017,TP-21130,TEC-AC-10004595,Technology,142.80,1.00,29.99
US-2017-107384,04-12-2017,TP-21130,TEC-AC-10001539,Technology,399.95,5.00,143.98
CA-2014-128209,17-11-2014,GT-14710,OFF-BI-10001359,Office Supplies,2152.78,3.00,726.56
CA-2014-128209,17-11-2014,GT-14710,FUR-BO-10002213,Furniture,4007.84,10.00,-50.10
CA-2014-169684,20-10-2014,FH-14365,FUR-TA-10003008,Furniture,328.59,3.00,-147.87
CA-2014-169684,20-10-2014,FH-14365,OFF-ST-10000934,Office Supplies,98.35,3.00,-24.59
CA-2015-109862,25-10-2015,HK-14890,TEC-PH-10004042,Technology,158.99,1.00,41.34
CA-2015-109862,25-10-2015,HK-14890,FUR-CH-10002439,Furniture,291.10,5.00,75.69
US-2017-107888,16-11-2017,CC-12220,OFF-PA-10001363,Office Supplies,73.68,6.00,34.63
US-2017-107888,16-11-2017,CC-12220,FUR-FU-10003394,Furniture,139.92,2.00,23.79
US-2017-107888,16-11-2017,CC-12220,TEC-PH-10003171,Technology,107.88,3.00,10.79
US-2017-107888,16-11-2017,CC-12220,OFF-ST-10003123,Office Supplies,33.29,1.00,7.99
US-2017-154872,14-05-2017,DP-13000,OFF-BI-10003007,Office Supplies,58.17,5.00,-46.54
US-2017-154872,14-05-2017,DP-13000,OFF-LA-10000973,Office Supplies,5.04,2.00,1.76
US-2017-154872,14-05-2017,DP-13000,OFF-PA-10000483,Office Supplies,24.78,1.00,7.75
CA-2014-113880,01-03-2014,VF-21715,FUR-CH-10000863,Furniture,634.12,6.00,-172.12
CA-2014-113880,01-03-2014,VF-21715,OFF-PA-10003036,Office Supplies,17.47,3.00,5.68
US-2015-164966,30-07-2015,GH-14410,FUR-CH-10002304,Furniture,155.88,6.00,38.97
CA-2015-126739,01-11-2015,JH-16180,FUR-CH-10000422,Furniture,327.56,4.00,21.84
CA-2017-161578,16-12-2017,RB-19465,OFF-PA-10002986,Office Supplies,13.36,2.00,6.41
CA-2017-161578,16-12-2017,RB-19465,OFF-ST-10002289,Office Supplies,158.90,5.00,7.95
CA-2014-137092,20-10-2014,LS-16975,TEC-AC-10001606,Technology,319.97,4.00,71.99
CA-2014-137092,20-10-2014,LS-16975,OFF-ST-10003805,Office Supplies,505.32,3.00,31.58
CA-2014-137092,20-10-2014,LS-16975,OFF-PA-10002109,Office Supplies,3.81,1.00,1.24
CA-2014-137092,20-10-2014,LS-16975,OFF-BI-10000632,Office Supplies,8.68,1.00,-14.76
CA-2014-137092,20-10-2014,LS-16975,OFF-LA-10003510,Office Supplies,24.42,1.00,7.94
CA-2015-166947,05-06-2015,EB-13750,FUR-CH-10004997,Furniture,1522.64,9.00,169.18
CA-2016-160941,21-07-2016,DK-12835,OFF-EN-10003001,Office Supplies,419.90,5.00,197.35
CA-2016-160941,21-07-2016,DK-12835,OFF-LA-10003766,Office Supplies,3.15,1.00,1.51
CA-2017-144680,31-03-2017,SC-20260,OFF-AP-10003040,Office Supplies,33.62,5.00,-90.77
CA-2014-166086,07-05-2014,CT-11995,OFF-BI-10001078,Office Supplies,16.14,3.00,7.91
CA-2014-166086,07-05-2014,CT-11995,FUR-TA-10003469,Furniture,194.25,2.00,-38.85
CA-2014-166086,07-05-2014,CT-11995,OFF-AR-10002578,Office Supplies,8.64,3.00,2.51
CA-2014-166086,07-05-2014,CT-11995,FUR-CH-10004675,Furniture,872.32,4.00,244.25
CA-2017-131282,05-02-2017,CB-12025,OFF-BI-10004632,Office Supplies,243.99,4.00,-426.99
CA-2017-131282,05-02-2017,CB-12025,OFF-AR-10003087,Office Supplies,7.12,5.00,0.71
CA-2014-100678,18-04-2014,KM-16720,OFF-AR-10001868,Office Supplies,2.69,2.00,1.01
CA-2014-100678,18-04-2014,KM-16720,FUR-CH-10002602,Furniture,317.06,3.00,-18.12
CA-2014-100678,18-04-2014,KM-16720,OFF-EN-10000056,Office Supplies,149.35,3.00,50.41
CA-2014-100678,18-04-2014,KM-16720,TEC-AC-10000474,Technology,227.98,3.00,28.50
CA-2016-161543,10-05-2016,RD-19720,OFF-PA-10003971,Office Supplies,11.96,2.00,5.86
CA-2016-160535,25-11-2016,BP-11050,OFF-ST-10000689,Office Supplies,563.40,4.00,67.61
CA-2016-160535,25-11-2016,BP-11050,TEC-MA-10004255,Technology,319.92,8.00,118.37
CA-2017-123085,03-03-2017,EJ-13720,TEC-AC-10000990,Technology,1049.44,8.00,440.76
CA-2017-123085,03-03-2017,EJ-13720,FUR-CH-10003968,Furniture,170.35,3.00,-17.04
CA-2015-153752,06-12-2015,RO-19780,TEC-PH-10001615,Technology,173.94,6.00,50.44
CA-2014-103660,25-08-2014,MW-18220,TEC-PH-10000895,Technology,1007.94,7.00,75.60
CA-2016-169887,22-10-2016,MS-17530,OFF-PA-10003001,Office Supplies,6.68,1.00,3.21
CA-2016-169887,22-10-2016,MS-17530,OFF-AR-10002766,Office Supplies,8.34,3.00,2.25
CA-2016-169887,22-10-2016,MS-17530,FUR-FU-10003095,Furniture,101.94,3.00,30.58
CA-2016-148516,07-08-2016,DW-13585,TEC-AC-10003610,Technology,179.97,3.00,86.39
CA-2017-104731,21-07-2017,AM-10705,OFF-AR-10003727,Office Supplies,101.94,6.00,29.56
CA-2017-104731,21-07-2017,AM-10705,TEC-PH-10002660,Technology,271.96,4.00,67.99
CA-2017-104731,21-07-2017,AM-10705,FUR-FU-10003274,Furniture,8.80,5.00,3.87
CA-2017-104731,21-07-2017,AM-10705,OFF-AR-10003829,Office Supplies,19.68,6.00,5.71
CA-2017-104731,21-07-2017,AM-10705,FUR-BO-10003441,Furniture,302.94,3.00,69.68
CA-2017-104731,21-07-2017,AM-10705,OFF-BI-10003355,Office Supplies,14.94,3.00,7.17
CA-2017-104731,21-07-2017,AM-10705,OFF-SU-10003505,Office Supplies,231.72,2.00,11.59
CA-2014-164749,23-03-2014,BG-11740,OFF-LA-10004484,Office Supplies,9.91,3.00,3.22
CA-2015-103716,30-04-2015,KB-16585,OFF-AR-10000658,Office Supplies,34.65,3.00,9.70
CA-2015-103716,30-04-2015,KB-16585,TEC-PH-10000347,Technology,19.80,5.00,1.73
CA-2016-126795,13-06-2016,GT-14710,OFF-BI-10001989,Office Supplies,33.57,2.00,11.75
CA-2015-146290,04-05-2015,SV-20815,OFF-AR-10001897,Office Supplies,125.93,7.00,35.26
CA-2017-157112,23-04-2017,GG-14650,OFF-BI-10000285,Office Supplies,11.76,5.00,-7.84
CA-2017-157112,23-04-2017,GG-14650,OFF-PA-10001804,Office Supplies,5.34,1.00,1.87
CA-2014-169257,06-06-2014,SV-20785,OFF-BI-10002557,Office Supplies,1.37,1.00,-0.91
CA-2014-169257,06-06-2014,SV-20785,OFF-PA-10002319,Office Supplies,62.02,2.00,22.48
CA-2014-154095,02-12-2014,ON-18715,FUR-FU-10003849,Furniture,60.72,3.00,23.68
CA-2014-154095,02-12-2014,ON-18715,OFF-PA-10002923,Office Supplies,146.82,3.00,73.41
CA-2014-154095,02-12-2014,ON-18715,FUR-CH-10004754,Furniture,239.84,8.00,64.76
CA-2014-154095,02-12-2014,ON-18715,OFF-LA-10000634,Office Supplies,15.66,6.00,7.20
CA-2017-146346,17-06-2017,RA-19945,OFF-ST-10001418,Office Supplies,146.35,3.00,-32.93
CA-2016-148852,26-05-2016,SV-20785,OFF-FA-10003467,Office Supplies,5.94,3.00,0.00
CA-2016-148852,26-05-2016,SV-20785,OFF-PA-10001293,Office Supplies,45.36,7.00,21.77
CA-2016-148852,26-05-2016,SV-20785,TEC-PH-10003885,Technology,211.17,4.00,23.76
CA-2016-148852,26-05-2016,SV-20785,FUR-CH-10004860,Furniture,484.70,6.00,-84.82
CA-2016-148852,26-05-2016,SV-20785,TEC-MA-10002428,Technology,371.98,3.00,116.24
US-2015-118906,10-03-2015,KB-16585,OFF-ST-10002406,Office Supplies,89.82,6.00,25.15
CA-2016-168921,20-10-2016,AG-10495,OFF-BI-10004209,Office Supplies,19.30,3.00,6.03
CA-2015-107678,21-04-2015,JK-16090,FUR-CH-10001891,Furniture,191.96,2.00,51.83
CA-2015-107678,21-04-2015,JK-16090,OFF-BI-10002215,Office Supplies,21.30,3.00,9.80
CA-2015-107678,21-04-2015,JK-16090,TEC-PH-10002103,Technology,469.95,5.00,131.59
CA-2015-107678,21-04-2015,JK-16090,FUR-FU-10003394,Furniture,209.88,3.00,35.68
CA-2016-123512,17-06-2016,MV-18190,FUR-BO-10004218,Furniture,239.67,2.00,14.10
CA-2016-123512,17-06-2016,MV-18190,OFF-LA-10000081,Office Supplies,22.50,6.00,10.80
CA-2016-123512,17-06-2016,MV-18190,OFF-PA-10001497,Office Supplies,219.84,4.00,107.72
US-2017-167402,13-01-2017,CP-12085,OFF-PA-10004983,Office Supplies,32.40,5.00,15.55
US-2017-167402,13-01-2017,CP-12085,OFF-AR-10004010,Office Supplies,209.94,6.00,54.58
US-2017-167402,13-01-2017,CP-12085,OFF-SU-10002881,Office Supplies,4164.05,5.00,83.28
US-2017-167402,13-01-2017,CP-12085,FUR-BO-10001608,Furniture,212.94,3.00,53.24
CA-2014-130449,06-09-2014,VP-21760,FUR-FU-10001487,Furniture,41.88,6.00,12.15
CA-2014-130449,06-09-2014,VP-21760,OFF-LA-10001934,Office Supplies,58.48,8.00,27.49
CA-2015-141250,19-01-2015,PM-18940,FUR-TA-10002855,Furniture,102.44,1.00,-13.17
CA-2015-141250,19-01-2015,PM-18940,FUR-CH-10004875,Furniture,199.30,4.00,-8.54
CA-2014-145541,14-12-2014,TB-21400,TEC-MA-10001127,Technology,6999.96,4.00,2239.99
CA-2014-138513,23-05-2014,EH-13990,OFF-PA-10003177,Office Supplies,12.96,2.00,6.22
CA-2015-135489,19-09-2015,GW-14605,TEC-PH-10000011,Technology,279.86,14.00,134.33
CA-2015-125696,02-10-2015,NP-18685,OFF-BI-10001757,Office Supplies,7.38,5.00,-5.41
CA-2016-105081,25-12-2016,JE-15715,FUR-CH-10000847,Furniture,698.35,3.00,52.38
CA-2016-105081,25-12-2016,JE-15715,FUR-TA-10001307,Furniture,1747.25,5.00,629.01
US-2016-146857,06-05-2016,BE-11455,OFF-AP-10001205,Office Supplies,54.48,1.00,15.25
CA-2016-166275,24-10-2016,SS-20590,TEC-AC-10001838,Technology,199.99,1.00,86.00
CA-2017-144498,06-05-2017,MB-18085,OFF-BI-10003982,Office Supplies,68.54,11.00,-52.55
CA-2017-144498,06-05-2017,MB-18085,TEC-PH-10004977,Technology,627.17,4.00,70.56
CA-2017-144498,06-05-2017,MB-18085,OFF-LA-10003510,Office Supplies,122.12,5.00,39.69
CA-2017-103352,27-11-2017,RP-19390,OFF-AR-10001573,Office Supplies,6.99,3.00,2.03
CA-2017-103352,27-11-2017,RP-19390,OFF-BI-10001196,Office Supplies,107.42,6.00,36.26
CA-2014-108609,31-10-2014,AJ-10780,FUR-TA-10003954,Furniture,1421.66,8.00,-734.53
CA-2017-128328,05-08-2017,PO-18865,OFF-BI-10001989,Office Supplies,125.88,6.00,60.42
CA-2017-128328,05-08-2017,PO-18865,TEC-AC-10001714,Technology,79.78,2.00,29.52
CA-2017-128328,05-08-2017,PO-18865,OFF-LA-10003498,Office Supplies,133.20,9.00,66.60
US-2015-156496,10-08-2015,WB-21850,TEC-PH-10000576,Technology,438.37,4.00,38.36
US-2015-156496,10-08-2015,WB-21850,TEC-PH-10004188,Technology,139.94,7.00,-31.49
US-2015-156496,10-08-2015,WB-21850,OFF-AP-10001469,Office Supplies,133.47,4.00,15.02
US-2016-127334,15-12-2016,MP-18175,FUR-TA-10003473,Furniture,564.20,3.00,-304.67
US-2016-127334,15-12-2016,MP-18175,OFF-AP-10001205,Office Supplies,87.17,2.00,8.72
US-2017-124779,08-09-2017,BF-11020,OFF-BI-10002429,Office Supplies,42.62,7.00,-68.19
US-2017-124779,08-09-2017,BF-11020,TEC-CO-10001943,Technology,319.98,2.00,107.99
US-2017-124779,08-09-2017,BF-11020,OFF-FA-10004854,Office Supplies,45.92,5.00,15.50
US-2017-124779,08-09-2017,BF-11020,FUR-FU-10001095,Furniture,21.18,2.00,-11.65
US-2017-124779,08-09-2017,BF-11020,OFF-PA-10000061,Office Supplies,20.74,4.00,7.26
US-2017-124779,08-09-2017,BF-11020,FUR-CH-10003535,Furniture,213.43,5.00,-39.64
CA-2017-135937,20-02-2017,KM-16375,TEC-PH-10004447,Technology,333.58,3.00,25.02
CA-2017-135937,20-02-2017,KM-16375,TEC-AC-10001114,Technology,31.99,1.00,4.80
CA-2017-135937,20-02-2017,KM-16375,OFF-ST-10000563,Office Supplies,51.17,2.00,-6.40
CA-2017-135937,20-02-2017,KM-16375,OFF-EN-10004846,Office Supplies,10.64,5.00,3.86
CA-2017-135937,20-02-2017,KM-16375,FUR-FU-10002253,Furniture,68.70,2.00,16.32
CA-2017-135937,20-02-2017,KM-16375,FUR-TA-10001039,Furniture,386.91,9.00,-185.72
CA-2015-129322,08-08-2015,DB-13405,OFF-AR-10004587,Office Supplies,39.66,2.00,11.90
CA-2015-129322,08-08-2015,DB-13405,OFF-AP-10004336,Office Supplies,113.92,2.00,33.04
CA-2015-129322,08-08-2015,DB-13405,OFF-BI-10001718,Office Supplies,447.86,7.00,210.49
CA-2017-162173,26-10-2017,OT-18730,FUR-TA-10001520,Furniture,356.85,5.00,60.66
CA-2017-162173,26-10-2017,OT-18730,OFF-EN-10002831,Office Supplies,251.58,7.00,113.21
CA-2016-115483,14-07-2016,JS-15880,OFF-PA-10001497,Office Supplies,219.84,5.00,79.69
CA-2017-122175,12-05-2017,CA-12775,FUR-FU-10000719,Furniture,42.85,5.00,15.43
CA-2017-122175,12-05-2017,CA-12775,OFF-LA-10002271,Office Supplies,6.16,2.00,2.96
CA-2017-122175,12-05-2017,CA-12775,OFF-SU-10004661,Office Supplies,17.00,2.00,4.42
CA-2017-122175,12-05-2017,CA-12775,TEC-AC-10004859,Technology,87.40,5.00,34.96
CA-2017-161088,25-05-2017,MH-18115,OFF-BI-10002824,Office Supplies,29.84,2.00,13.43
CA-2014-154837,23-08-2014,RB-19645,OFF-BI-10001575,Office Supplies,49.57,2.00,17.35
CA-2015-153794,11-09-2015,SB-20290,OFF-AR-10000380,Office Supplies,265.86,7.00,79.76
CA-2015-135510,05-09-2015,TW-21025,FUR-FU-10000820,Furniture,67.96,4.00,12.23
CA-2015-109337,21-11-2015,DL-13330,OFF-AR-10003759,Office Supplies,10.92,6.00,4.91
CA-2015-109337,21-11-2015,DL-13330,TEC-MA-10002930,Technology,83.90,2.00,22.65
CA-2015-109337,21-11-2015,DL-13330,OFF-AP-10004052,Office Supplies,19.75,5.00,5.14
CA-2015-109337,21-11-2015,DL-13330,TEC-AC-10000990,Technology,393.54,3.00,165.29
CA-2014-150329,10-10-2014,SD-20485,FUR-FU-10003724,Furniture,46.87,7.00,3.52
CA-2017-145037,02-09-2017,TB-21055,OFF-ST-10000918,Office Supplies,10.90,1.00,2.83
CA-2017-145037,02-09-2017,TB-21055,OFF-PA-10000157,Office Supplies,79.92,4.00,37.56
CA-2017-145037,02-09-2017,TB-21055,OFF-PA-10002499,Office Supplies,146.82,3.00,73.41
CA-2017-154466,01-01-2017,DP-13390,OFF-BI-10002012,Office Supplies,3.60,2.00,1.73
CA-2014-109134,05-11-2014,DE-13255,FUR-FU-10000320,Furniture,20.04,6.00,8.82
US-2015-129637,17-12-2015,MC-18100,OFF-ST-10003716,Office Supplies,180.02,1.00,-15.75
US-2015-129637,17-12-2015,MC-18100,FUR-FU-10000965,Furniture,41.55,2.00,-19.74
US-2015-129637,17-12-2015,MC-18100,OFF-AR-10003829,Office Supplies,13.12,5.00,1.48
CA-2015-165162,14-05-2015,HG-15025,OFF-ST-10003470,Office Supplies,1117.92,4.00,55.90
CA-2017-140494,10-03-2017,CM-11815,TEC-AC-10004568,Technology,111.96,4.00,21.27
CA-2017-104108,02-12-2017,RP-19855,OFF-AR-10000817,Office Supplies,12.16,5.00,2.13
US-2017-165869,31-07-2017,LS-17200,OFF-BI-10003460,Office Supplies,17.52,4.00,8.41
US-2017-165869,31-07-2017,LS-17200,OFF-AP-10002472,Office Supplies,155.88,6.00,54.56
CA-2017-160899,11-08-2017,DR-12940,OFF-BI-10000632,Office Supplies,477.51,11.00,219.65
CA-2017-144225,30-09-2017,CC-12475,OFF-PA-10000062,Office Supplies,164.88,3.00,80.79
US-2016-163538,26-08-2016,SS-20515,TEC-AC-10002006,Technology,47.97,3.00,14.87
US-2016-155103,02-12-2016,JF-15190,OFF-BI-10004318,Office Supplies,415.18,3.00,134.93
US-2016-155103,02-12-2016,JF-15190,OFF-BI-10004236,Office Supplies,35.23,3.00,11.45
US-2016-155103,02-12-2016,JF-15190,OFF-PA-10000062,Office Supplies,54.96,1.00,26.93
CA-2017-145429,21-07-2017,SW-20455,OFF-PA-10003205,Office Supplies,16.34,2.00,7.68
CA-2017-145429,21-07-2017,SW-20455,FUR-CH-10000988,Furniture,225.30,2.00,22.53
CA-2017-145429,21-07-2017,SW-20455,OFF-BI-10001524,Office Supplies,50.35,3.00,17.62
CA-2015-153535,20-05-2015,SG-20470,FUR-FU-10001986,Furniture,163.14,4.00,20.39
CA-2015-153535,20-05-2015,SG-20470,OFF-BI-10001031,Office Supplies,6.41,4.00,-4.91
CA-2015-139164,23-06-2015,CS-12355,TEC-PH-10002468,Technology,217.58,2.00,19.04
CA-2015-139164,23-06-2015,CS-12355,OFF-FA-10003059,Office Supplies,5.43,3.00,1.79
CA-2015-139164,23-06-2015,CS-12355,TEC-PH-10003931,Technology,143.98,3.00,9.00
CA-2016-112277,10-09-2016,SC-20695,TEC-PH-10003505,Technology,519.68,7.00,58.46
CA-2014-167724,13-04-2014,BF-11170,OFF-LA-10002368,Office Supplies,7.83,3.00,3.60
CA-2015-123141,14-11-2015,GZ-14470,FUR-CH-10004287,Furniture,883.84,4.00,99.43
CA-2015-123141,14-11-2015,GZ-14470,FUR-CH-10001891,Furniture,230.35,3.00,20.16
CA-2016-149503,09-12-2016,SP-20650,OFF-BI-10002133,Office Supplies,273.92,8.00,99.30
CA-2017-163069,18-08-2017,PJ-19015,OFF-AR-10001419,Office Supplies,9.91,3.00,1.24
CA-2017-107629,14-12-2017,DB-13060,FUR-FU-10002298,Furniture,266.35,6.00,-292.99
CA-2017-107629,14-12-2017,DB-13060,FUR-FU-10004091,Furniture,56.33,3.00,-26.76
CA-2017-107629,14-12-2017,DB-13060,TEC-AC-10004510,Technology,39.26,3.00,-4.91
CA-2017-107629,14-12-2017,DB-13060,OFF-AR-10002987,Office Supplies,95.23,6.00,25.00
CA-2016-134789,08-04-2016,CK-12325,OFF-FA-10002280,Office Supplies,30.00,6.00,14.40
CA-2016-134789,08-04-2016,CK-12325,OFF-PA-10001934,Office Supplies,25.92,4.00,12.70
CA-2016-134789,08-04-2016,CK-12325,FUR-FU-10003268,Furniture,159.92,4.00,31.98
CA-2016-130442,16-12-2016,SF-20065,OFF-AP-10004859,Office Supplies,34.94,3.00,3.06
CA-2017-102974,19-09-2017,DP-13105,TEC-AC-10000057,Technology,149.95,5.00,31.49
CA-2017-102974,19-09-2017,DP-13105,OFF-AR-10000914,Office Supplies,23.32,2.00,6.06
CA-2017-102974,19-09-2017,DP-13105,OFF-AR-10004956,Office Supplies,16.74,3.00,4.85
US-2017-166394,04-09-2017,VM-21835,OFF-FA-10001843,Office Supplies,14.82,6.00,6.97
CA-2016-128811,12-09-2016,SF-20200,OFF-FA-10000585,Office Supplies,10.47,3.00,4.82
CA-2016-128811,12-09-2016,SF-20200,OFF-LA-10003720,Office Supplies,11.07,3.00,5.20
CA-2016-128811,12-09-2016,SF-20200,OFF-BI-10000301,Office Supplies,20.70,4.00,7.76
CA-2017-145443,10-08-2017,SC-20695,OFF-PA-10003302,Office Supplies,177.20,5.00,83.28
CA-2016-165827,04-11-2016,MF-17665,FUR-FU-10001889,Furniture,50.50,6.00,8.21
CA-2015-156734,18-06-2015,BV-11245,OFF-BI-10002982,Office Supplies,6.13,3.00,-4.49
CA-2015-156734,18-06-2015,BV-11245,FUR-CH-10002965,Furniture,643.14,4.00,56.27
CA-2015-156734,18-06-2015,BV-11245,OFF-PA-10001937,Office Supplies,20.74,4.00,7.26
CA-2014-120096,04-07-2014,KE-16420,OFF-PA-10001977,Office Supplies,177.54,4.00,62.14
CA-2014-120096,04-07-2014,KE-16420,OFF-AP-10000692,Office Supplies,32.43,2.00,3.24
CA-2015-141754,20-12-2015,EM-14200,OFF-LA-10004093,Office Supplies,11.70,2.00,3.95
CA-2016-123358,10-04-2016,BT-11680,OFF-AP-10004980,Office Supplies,113.76,3.00,44.37
CA-2016-123358,10-04-2016,BT-11680,OFF-ST-10001932,Office Supplies,579.51,3.00,81.13
CA-2016-123358,10-04-2016,BT-11680,OFF-ST-10000636,Office Supplies,150.66,9.00,6.03
CA-2016-123358,10-04-2016,BT-11680,OFF-BI-10000069,Office Supplies,48.03,4.00,15.61
CA-2014-144029,26-05-2014,MM-18055,OFF-ST-10001837,Office Supplies,102.62,3.00,7.70
CA-2014-144029,26-05-2014,MM-18055,FUR-CH-10003981,Furniture,359.77,2.00,-5.14
CA-2014-144029,26-05-2014,MM-18055,OFF-AR-10000716,Office Supplies,13.39,3.00,3.18
US-2017-101784,06-07-2017,PO-18850,FUR-CH-10001146,Furniture,122.14,3.00,-13.74
CA-2015-156923,16-02-2015,SP-20860,OFF-PA-10002751,Office Supplies,35.88,6.00,16.15
CA-2017-111269,16-06-2017,CS-12355,TEC-AC-10001606,Technology,479.95,6.00,107.99
CA-2017-111269,16-06-2017,CS-12355,OFF-AR-10001427,Office Supplies,23.92,5.00,1.79
CA-2017-159156,13-11-2017,KB-16600,TEC-PH-10004389,Technology,629.95,5.00,163.79
CA-2017-100230,11-12-2017,AA-10375,OFF-BI-10002498,Office Supplies,14.95,1.00,5.05
CA-2017-100230,11-12-2017,AA-10375,OFF-PA-10002245,Office Supplies,17.94,3.00,8.07
CA-2017-100230,11-12-2017,AA-10375,TEC-PH-10004522,Technology,116.98,2.00,29.25
CA-2016-154767,28-06-2016,BP-11155,FUR-CH-10003535,Furniture,121.96,2.00,20.73
CA-2016-154767,28-06-2016,BP-11155,OFF-AP-10000595,Office Supplies,8.74,2.00,2.27
CA-2016-154767,28-06-2016,BP-11155,OFF-PA-10003039,Office Supplies,61.96,2.00,27.88
CA-2016-154767,28-06-2016,BP-11155,OFF-BI-10002003,Office Supplies,7.96,2.00,3.74
CA-2016-154767,28-06-2016,BP-11155,OFF-AP-10002311,Office Supplies,275.24,4.00,121.11
CA-2017-124205,15-09-2017,TC-21145,FUR-FU-10002445,Furniture,47.40,5.00,18.96
CA-2017-124205,15-09-2017,TC-21145,FUR-CH-10003606,Furniture,512.96,4.00,143.63
CA-2017-124205,15-09-2017,TC-21145,TEC-PH-10002115,Technology,395.94,6.00,102.94
CA-2017-124205,15-09-2017,TC-21145,OFF-ST-10000934,Office Supplies,81.96,2.00,0.00
CA-2017-165715,02-12-2017,BG-11035,OFF-AR-10003903,Office Supplies,32.78,1.00,2.46
CA-2017-100636,26-06-2017,DO-13435,OFF-ST-10004123,Office Supplies,272.94,3.00,0.00
CA-2016-162943,24-07-2016,DB-12970,FUR-CH-10001708,Furniture,253.76,2.00,31.02
CA-2016-144764,02-09-2016,RL-19615,OFF-LA-10000240,Office Supplies,29.24,5.00,9.87
CA-2016-144764,02-09-2016,RL-19615,OFF-ST-10002485,Office Supplies,35.17,2.00,-8.35
CA-2016-144764,02-09-2016,RL-19615,TEC-MA-10003230,Technology,1362.90,3.00,-19.47
CA-2017-100615,20-04-2017,SJ-20215,FUR-CH-10002602,Furniture,317.06,3.00,-18.12
CA-2017-100615,20-04-2017,SJ-20215,OFF-AR-10001683,Office Supplies,15.76,2.00,3.55
CA-2017-100615,20-04-2017,SJ-20215,FUR-FU-10002456,Furniture,14.56,5.00,-6.19
CA-2014-109302,12-08-2014,CS-12175,OFF-BI-10002854,Office Supplies,196.21,7.00,98.11
CA-2017-139787,19-09-2017,JP-16135,OFF-AR-10002445,Office Supplies,35.40,5.00,13.45
CA-2017-139402,09-12-2017,NC-18535,OFF-PA-10004359,Office Supplies,419.40,5.00,146.79
CA-2017-139402,09-12-2017,NC-18535,OFF-BI-10000279,Office Supplies,13.01,3.00,-9.97
CA-2016-119018,04-11-2016,CW-11905,OFF-BI-10003314,Office Supplies,7.71,2.00,2.80
CA-2016-119018,04-11-2016,CW-11905,OFF-BI-10000494,Office Supplies,4.18,1.00,1.31
CA-2016-119018,04-11-2016,CW-11905,OFF-PA-10000295,Office Supplies,38.88,6.00,18.66
CA-2015-105361,29-03-2015,CM-12115,OFF-PA-10002615,Office Supplies,17.64,4.00,8.11
US-2016-152373,05-09-2016,PT-19090,OFF-ST-10003479,Office Supplies,93.46,3.00,-17.52
US-2017-166037,28-01-2017,CL-12700,TEC-AC-10002800,Technology,449.91,9.00,157.47
US-2016-147711,03-09-2016,HF-14995,FUR-BO-10003159,Furniture,344.94,3.00,31.04
US-2016-147711,03-09-2016,HF-14995,FUR-FU-10002364,Furniture,14.76,2.00,4.28
US-2016-147711,03-09-2016,HF-14995,OFF-BI-10003350,Office Supplies,12.76,2.00,5.87
US-2016-147711,03-09-2016,HF-14995,OFF-LA-10004093,Office Supplies,58.48,8.00,27.49
CA-2017-121293,25-07-2017,JC-15775,FUR-FU-10000732,Furniture,20.10,4.00,3.01
CA-2017-121293,25-07-2017,JC-15775,OFF-SU-10004884,Office Supplies,37.75,3.00,4.25
CA-2017-121293,25-07-2017,JC-15775,FUR-TA-10001771,Furniture,138.59,1.00,-34.65
CA-2017-121293,25-07-2017,JC-15775,OFF-ST-10000060,Office Supplies,259.92,5.00,-25.99
CA-2017-121293,25-07-2017,JC-15775,OFF-PA-10004100,Office Supplies,20.74,4.00,7.26
CA-2015-118843,13-09-2015,JH-15910,FUR-FU-10003975,Furniture,129.93,3.00,12.99
CA-2015-118843,13-09-2015,JH-15910,OFF-PA-10001712,Office Supplies,69.93,7.00,31.47
CA-2015-161445,07-09-2015,CC-12610,OFF-AR-10001953,Office Supplies,140.74,4.00,12.31
CA-2016-124527,16-11-2016,IM-15055,OFF-BI-10004967,Office Supplies,8.32,5.00,2.81
CA-2016-162348,10-11-2016,BF-11170,FUR-FU-10003731,Furniture,9.98,1.00,2.79
CA-2014-141005,15-08-2014,CS-12355,OFF-BI-10001989,Office Supplies,62.94,3.00,30.21
CA-2015-145394,16-11-2015,MC-17605,OFF-ST-10000344,Office Supplies,21.49,2.00,1.61
CA-2015-145394,16-11-2015,MC-17605,TEC-PH-10001051,Technology,239.98,3.00,27.00
CA-2015-145394,16-11-2015,MC-17605,FUR-FU-10001215,Furniture,34.50,2.00,-15.53
CA-2015-168809,25-08-2015,MC-18100,FUR-FU-10001473,Furniture,20.10,2.00,-16.59
CA-2015-168809,25-08-2015,MC-18100,OFF-BI-10000315,Office Supplies,3.80,1.00,-6.08
CA-2015-168809,25-08-2015,MC-18100,FUR-FU-10002240,Furniture,7.88,5.00,-3.94
CA-2016-109827,25-12-2016,LW-16825,FUR-TA-10002607,Furniture,35.45,1.00,-24.10
CA-2016-109827,25-12-2016,LW-16825,TEC-MA-10003356,Technology,269.97,2.00,-386.96
CA-2016-109827,25-12-2016,LW-16825,TEC-AC-10002217,Technology,45.12,3.00,-7.90
CA-2016-109827,25-12-2016,LW-16825,TEC-AC-10004353,Technology,100.80,2.00,21.42
CA-2016-109827,25-12-2016,LW-16825,FUR-CH-10004754,Furniture,47.97,2.00,4.20
CA-2014-152233,05-10-2014,KH-16510,TEC-AC-10002800,Technology,99.98,2.00,34.99
CA-2014-125682,22-11-2014,RB-19645,OFF-PA-10001752,Office Supplies,9.96,2.00,4.88
CA-2017-162880,25-12-2017,GD-14590,OFF-BI-10003314,Office Supplies,3.86,1.00,1.40
CA-2015-128125,31-03-2015,EB-13705,OFF-PA-10000357,Office Supplies,98.38,3.00,35.66
CA-2015-128125,31-03-2015,EB-13705,FUR-FU-10001085,Furniture,22.38,3.00,-7.83
CA-2017-156237,14-09-2017,PS-18760,OFF-BI-10000301,Office Supplies,3.88,2.00,-2.59
CA-2017-156237,14-09-2017,PS-18760,TEC-MA-10002930,Technology,12.59,1.00,-18.04
CA-2017-156237,14-09-2017,PS-18760,FUR-CH-10002372,Furniture,113.37,2.00,-29.15
CA-2017-156237,14-09-2017,PS-18760,OFF-BI-10003707,Office Supplies,18.31,4.00,-12.21
CA-2017-156237,14-09-2017,PS-18760,FUR-FU-10001057,Furniture,127.94,8.00,4.80
CA-2017-156237,14-09-2017,PS-18760,TEC-MA-10001681,Technology,241.17,2.00,-168.82
CA-2014-144414,17-06-2014,GH-14425,FUR-FU-10003981,Furniture,6.24,3.00,2.62
CA-2014-144414,17-06-2014,GH-14425,OFF-FA-10000624,Office Supplies,17.90,5.00,8.95
CA-2014-144414,17-06-2014,GH-14425,OFF-BI-10004995,Office Supplies,3266.38,3.00,1061.57
CA-2017-163860,28-12-2017,LO-17170,OFF-BI-10003784,Office Supplies,1.68,5.00,-2.69
CA-2017-163860,28-12-2017,LO-17170,FUR-FU-10004586,Furniture,7.97,3.00,-2.39
CA-2017-163860,28-12-2017,LO-17170,FUR-CH-10004698,Furniture,113.37,2.00,-3.24
CA-2017-163860,28-12-2017,LO-17170,FUR-FU-10001935,Furniture,2.96,2.00,-1.41
US-2017-115609,02-11-2017,CS-12505,OFF-AP-10003040,Office Supplies,168.10,5.00,43.71
CA-2015-154291,25-07-2015,YS-21880,OFF-EN-10001335,Office Supplies,98.46,9.00,49.23
CA-2015-154291,25-07-2015,YS-21880,FUR-TA-10002041,Furniture,358.58,2.00,39.44
CA-2016-118689,02-10-2016,TC-20980,OFF-ST-10001558,Office Supplies,32.48,2.00,4.87
CA-2016-118689,02-10-2016,TC-20980,TEC-CO-10004722,Technology,17499.95,5.00,8399.98
CA-2016-118689,02-10-2016,TC-20980,OFF-BI-10004600,Office Supplies,735.98,2.00,331.19
CA-2016-118689,02-10-2016,TC-20980,OFF-BI-10003712,Office Supplies,34.37,7.00,16.84
CA-2016-118689,02-10-2016,TC-20980,OFF-AR-10001958,Office Supplies,33.96,2.00,9.51
CA-2016-140438,24-12-2016,PW-19030,TEC-PH-10001750,Technology,197.97,3.00,53.45
US-2017-123204,21-07-2017,CS-11860,OFF-AP-10002287,Office Supplies,17.48,4.00,4.54
CA-2015-112522,10-10-2015,DP-13165,OFF-AR-10003183,Office Supplies,8.02,3.00,1.00
CA-2016-153101,08-09-2016,PJ-19015,FUR-TA-10003008,Furniture,146.04,1.00,-12.78
CA-2016-142615,20-11-2016,BM-11575,TEC-AC-10004803,Technology,27.88,2.00,3.90
CA-2017-142643,15-10-2017,DL-13495,OFF-LA-10003510,Office Supplies,152.65,5.00,70.22
CA-2017-142643,15-10-2017,DL-13495,FUR-FU-10000087,Furniture,22.72,1.00,9.32
CA-2015-116260,06-07-2015,BF-10975,OFF-AR-10003732,Office Supplies,11.12,4.00,2.89
CA-2017-107517,05-02-2017,FC-14335,OFF-AP-10000275,Office Supplies,1640.70,5.00,459.40
CA-2017-107517,05-02-2017,FC-14335,TEC-PH-10003505,Technology,371.20,5.00,41.76
CA-2015-166338,06-12-2015,MP-18175,OFF-BI-10002852,Office Supplies,14.83,3.00,-10.38
CA-2016-123946,12-09-2016,AJ-10795,TEC-AC-10004877,Technology,20.70,3.00,1.66
CA-2016-123946,12-09-2016,AJ-10795,OFF-FA-10002975,Office Supplies,11.34,3.00,5.22
CA-2016-123946,12-09-2016,AJ-10795,OFF-ST-10000419,Office Supplies,67.90,5.00,0.68
CA-2016-123946,12-09-2016,AJ-10795,FUR-CH-10002073,Furniture,1059.12,4.00,307.14
CA-2014-147543,06-07-2014,BC-11125,FUR-CH-10000155,Furniture,478.48,2.00,47.85
US-2016-159093,09-05-2016,RS-19420,OFF-PA-10001260,Office Supplies,32.04,4.00,14.42
CA-2016-162110,18-07-2016,NP-18670,TEC-PH-10001924,Technology,55.99,1.00,3.50
US-2016-163461,18-06-2016,BT-11440,OFF-PA-10003134,Office Supplies,76.86,2.00,26.90
CA-2014-101462,20-04-2014,BP-11230,FUR-FU-10000409,Furniture,59.92,4.00,27.56
US-2016-100461,08-01-2016,JO-15145,FUR-BO-10002545,Furniture,1565.88,6.00,407.13
US-2016-100461,08-01-2016,JO-15145,OFF-BI-10001460,Office Supplies,106.05,7.00,49.84
US-2017-162670,23-12-2017,MF-18250,OFF-ST-10001328,Office Supplies,62.04,4.00,17.37
US-2017-162670,23-12-2017,MF-18250,TEC-PH-10003601,Technology,494.97,3.00,148.49
US-2017-162670,23-12-2017,MF-18250,OFF-ST-10001522,Office Supplies,367.96,4.00,14.72
US-2017-162670,23-12-2017,MF-18250,OFF-PA-10001994,Office Supplies,44.96,2.00,20.68
US-2017-162670,23-12-2017,MF-18250,OFF-EN-10001453,Office Supplies,182.94,3.00,85.98
CA-2017-128965,17-04-2017,PS-18760,OFF-PA-10004911,Office Supplies,28.14,3.00,13.51
CA-2017-128965,17-04-2017,PS-18760,OFF-LA-10001404,Office Supplies,7.38,2.00,3.47
CA-2017-128965,17-04-2017,PS-18760,OFF-FA-10001561,Office Supplies,10.90,5.00,3.60
CA-2017-128965,17-04-2017,PS-18760,TEC-AC-10001383,Technology,274.89,11.00,46.73
CA-2017-128965,17-04-2017,PS-18760,OFF-LA-10003190,Office Supplies,23.04,8.00,11.29
CA-2017-128965,17-04-2017,PS-18760,FUR-CH-10003774,Furniture,218.35,3.00,-19.11
CA-2017-138618,01-12-2017,MY-17380,OFF-PA-10000520,Office Supplies,10.37,2.00,3.63
US-2016-126452,21-08-2016,SC-20230,OFF-BI-10004465,Office Supplies,12.67,2.00,4.75
US-2016-126452,21-08-2016,SC-20230,TEC-PH-10003555,Technology,91.96,5.00,-20.69
US-2016-126452,21-08-2016,SC-20230,TEC-AC-10000844,Technology,254.97,3.00,91.79
US-2016-126452,21-08-2016,SC-20230,TEC-PH-10003187,Technology,31.98,2.00,-8.00
US-2016-126452,21-08-2016,SC-20230,FUR-TA-10003569,Furniture,2887.06,9.00,180.44
US-2016-126452,21-08-2016,SC-20230,OFF-PA-10003848,Office Supplies,12.96,2.00,6.22
US-2016-126452,21-08-2016,SC-20230,OFF-PA-10002606,Office Supplies,47.52,9.00,21.38
CA-2016-145009,05-12-2016,RF-19345,OFF-LA-10004853,Office Supplies,11.95,3.00,3.88
CA-2015-162544,16-12-2015,SG-20080,OFF-PA-10004948,Office Supplies,4.98,1.00,2.34
CA-2014-124394,17-10-2014,TB-21520,OFF-BI-10003676,Office Supplies,10.78,5.00,-17.25
CA-2014-124394,17-10-2014,TB-21520,TEC-AC-10001314,Technology,119.98,3.00,-18.00
US-2016-121013,05-09-2016,MM-17920,OFF-LA-10004545,Office Supplies,25.06,2.00,11.78
US-2016-121013,05-09-2016,MM-17920,FUR-TA-10003238,Furniture,1652.94,3.00,314.06
US-2015-123918,15-10-2015,CG-12520,FUR-FU-10004952,Furniture,131.38,6.00,-95.25
US-2015-123918,15-10-2015,CG-12520,OFF-PA-10003001,Office Supplies,5.34,1.00,1.87
CA-2015-137113,01-12-2015,TW-21025,FUR-CH-10001215,Furniture,2003.92,5.00,125.25
CA-2015-137113,01-12-2015,TW-21025,OFF-PA-10004255,Office Supplies,32.40,5.00,15.55
CA-2015-137113,01-12-2015,TW-21025,FUR-TA-10001705,Furniture,1913.40,9.00,401.81
CA-2015-137113,01-12-2015,TW-21025,OFF-ST-10002554,Office Supplies,146.73,3.00,2.93
CA-2015-137113,01-12-2015,TW-21025,OFF-PA-10002222,Office Supplies,114.20,5.00,52.53
CA-2015-120677,31-05-2015,BD-11320,FUR-CH-10002320,Furniture,2567.84,8.00,770.35
CA-2017-123036,10-09-2017,HA-14905,TEC-AC-10003499,Technology,37.06,4.00,8.80
CA-2017-123036,10-09-2017,HA-14905,TEC-PH-10003580,Technology,259.90,2.00,-56.31
CA-2017-120222,25-04-2017,LL-16840,OFF-PA-10004675,Office Supplies,19.05,3.00,8.76
CA-2017-120222,25-04-2017,LL-16840,OFF-BI-10000666,Office Supplies,73.34,3.00,27.50
CA-2017-164756,18-09-2017,SS-20140,TEC-PH-10001552,Technology,95.68,8.00,26.79
CA-2017-164756,18-09-2017,SS-20140,OFF-PA-10000673,Office Supplies,50.96,7.00,24.46
CA-2017-164756,18-09-2017,SS-20140,OFF-AR-10000380,Office Supplies,113.94,3.00,34.18
CA-2017-164756,18-09-2017,SS-20140,OFF-PA-10003848,Office Supplies,25.92,4.00,12.44
CA-2017-164756,18-09-2017,SS-20140,FUR-FU-10002963,Furniture,20.32,4.00,6.91
CA-2017-164756,18-09-2017,SS-20140,TEC-PH-10002447,Technology,411.98,2.00,119.47
CA-2017-164756,18-09-2017,SS-20140,OFF-SU-10004261,Office Supplies,34.48,2.00,10.00
CA-2017-164756,18-09-2017,SS-20140,OFF-PA-10003228,Office Supplies,244.55,5.00,114.94
CA-2017-122028,18-08-2017,CK-12205,OFF-BI-10004817,Office Supplies,10.78,3.00,-7.91
US-2015-165512,24-05-2015,VS-21820,FUR-CH-10002880,Furniture,602.65,7.00,-163.58
US-2015-165512,24-05-2015,VS-21820,OFF-BI-10001249,Office Supplies,7.66,6.00,-13.02
CA-2015-140557,07-09-2015,TN-21040,TEC-AC-10002402,Technology,559.93,7.00,167.98
US-2017-135013,24-07-2017,HR-14830,TEC-CO-10001449,Technology,2399.96,5.00,839.99
CA-2017-111220,02-09-2017,JS-15595,OFF-FA-10002280,Office Supplies,16.00,4.00,5.60
CA-2017-111220,02-09-2017,JS-15595,OFF-AP-10003278,Office Supplies,5.59,2.00,-15.09
CA-2017-111220,02-09-2017,JS-15595,OFF-ST-10003994,Office Supplies,235.92,5.00,-44.24
US-2017-149006,06-12-2017,BN-11470,OFF-ST-10003221,Office Supplies,10.68,1.00,2.88
CA-2017-149468,20-05-2017,AR-10405,OFF-BI-10002225,Office Supplies,41.28,2.00,19.81
CA-2016-140249,27-09-2016,SW-20455,TEC-PH-10002584,Technology,1001.58,2.00,125.20
US-2017-135503,10-12-2017,JE-16165,FUR-FU-10002364,Furniture,14.76,2.00,4.28
CA-2014-126277,13-09-2014,LH-16900,OFF-BI-10004022,Office Supplies,2.50,3.00,-2.00
US-2017-115301,29-07-2017,VG-21790,FUR-BO-10004709,Furniture,115.96,2.00,25.51
CA-2017-168942,01-08-2017,EM-13960,OFF-ST-10004340,Office Supplies,186.54,3.00,50.37
US-2017-128398,02-05-2017,EM-13825,TEC-AC-10001714,Technology,159.56,4.00,59.04
CA-2015-104115,12-06-2015,JH-15910,TEC-PH-10002844,Technology,55.98,2.00,4.20
CA-2014-142510,22-12-2014,NP-18700,OFF-ST-10000585,Office Supplies,132.16,1.00,9.91
CA-2014-142510,22-12-2014,NP-18700,OFF-BI-10002824,Office Supplies,17.90,6.00,-31.33
CA-2014-142510,22-12-2014,NP-18700,OFF-PA-10001289,Office Supplies,124.03,4.00,44.96
CA-2014-124247,16-12-2014,SH-20635,FUR-CH-10001854,Furniture,1403.92,5.00,70.20
CA-2016-105473,16-04-2016,BM-11785,OFF-SU-10003567,Office Supplies,28.80,3.00,0.86
CA-2015-102806,21-05-2015,HG-14965,OFF-BI-10001597,Office Supplies,24.59,2.00,-18.03
CA-2017-121706,26-02-2017,BM-11140,OFF-AP-10003287,Office Supplies,356.79,7.00,99.90
CA-2017-109211,04-04-2017,PS-19045,OFF-EN-10001532,Office Supplies,16.98,1.00,8.49
CA-2015-134257,16-03-2015,MS-17710,OFF-LA-10003930,Office Supplies,491.55,5.00,240.86
CA-2015-134257,16-03-2015,MS-17710,OFF-EN-10003845,Office Supplies,7.38,2.00,3.39
CA-2015-137925,30-11-2015,JL-15235,OFF-PA-10002659,Office Supplies,23.66,7.00,10.88
CA-2015-137925,30-11-2015,JL-15235,FUR-BO-10001608,Furniture,681.41,12.00,42.59
CA-2016-140046,28-07-2016,KM-16660,OFF-LA-10000305,Office Supplies,18.90,3.00,8.69
CA-2016-140382,23-06-2016,RD-19900,OFF-ST-10003638,Office Supplies,93.68,4.00,25.29
CA-2016-140382,23-06-2016,RD-19900,OFF-LA-10001934,Office Supplies,21.93,3.00,10.31
CA-2016-140382,23-06-2016,RD-19900,TEC-PH-10003012,Technology,862.34,7.00,97.01
CA-2016-140382,23-06-2016,RD-19900,OFF-PA-10001019,Office Supplies,19.98,1.00,9.39
CA-2014-164182,14-07-2014,ST-20530,TEC-PH-10002070,Technology,13.49,1.00,-2.25
CA-2014-164182,14-07-2014,ST-20530,TEC-PH-10002583,Technology,23.99,2.00,-13.99
CA-2014-164182,14-07-2014,ST-20530,FUR-FU-10001057,Furniture,31.98,2.00,1.20
CA-2014-164182,14-07-2014,ST-20530,OFF-AR-10001044,Office Supplies,41.58,2.00,4.68
CA-2017-137365,30-11-2017,BP-11095,TEC-AC-10001767,Technology,95.98,3.00,-10.80
CA-2016-129847,02-09-2016,TA-21385,FUR-FU-10000277,Furniture,84.27,2.00,-75.84
CA-2014-126963,15-06-2014,PS-18760,OFF-PA-10001952,Office Supplies,36.54,2.00,11.88
CA-2016-125094,05-11-2016,NP-18700,TEC-AC-10004420,Technology,479.72,4.00,52.77
CA-2017-107132,26-06-2017,SC-20260,OFF-BI-10001071,Office Supplies,102.37,2.00,37.11
CA-2017-107132,26-06-2017,SC-20260,OFF-SU-10002503,Office Supplies,28.40,5.00,8.24
CA-2017-107132,26-06-2017,SC-20260,OFF-ST-10001490,Office Supplies,713.88,4.00,214.16
CA-2017-107132,26-06-2017,SC-20260,OFF-PA-10003790,Office Supplies,68.52,3.00,31.52
CA-2015-139248,25-07-2015,RD-19930,TEC-PH-10004094,Technology,623.96,5.00,39.00
CA-2014-148369,23-09-2014,TH-21115,OFF-BI-10004876,Office Supplies,11.12,4.00,5.45
CA-2016-106243,30-09-2016,GM-14680,FUR-BO-10003034,Furniture,523.92,5.00,-26.20
CA-2015-126466,09-11-2015,JO-15550,OFF-FA-10000490,Office Supplies,2.48,2.00,1.17
CA-2015-130365,25-04-2015,ZC-21910,OFF-ST-10002574,Office Supplies,221.02,2.00,-55.26
CA-2015-130365,25-04-2015,ZC-21910,FUR-CH-10003535,Furniture,128.06,3.00,-23.78
CA-2017-143021,19-11-2017,AP-10720,OFF-BI-10001628,Office Supplies,58.41,7.00,18.25
CA-2017-143021,19-11-2017,AP-10720,FUR-TA-10001676,Furniture,79.97,3.00,-29.32
CA-2015-161767,20-11-2015,GK-14620,TEC-MA-10002790,Technology,479.99,2.00,56.00
CA-2015-129917,02-10-2015,HM-14980,OFF-BI-10001757,Office Supplies,11.81,3.00,4.13
CA-2015-129917,02-10-2015,HM-14980,OFF-BI-10004828,Office Supplies,53.57,4.00,19.42
CA-2015-129917,02-10-2015,HM-14980,TEC-PH-10000369,Technology,503.96,5.00,50.40
CA-2015-115420,25-04-2015,LS-16945,OFF-EN-10003862,Office Supplies,21.34,2.00,9.82
CA-2016-157588,14-07-2016,AR-10570,OFF-BI-10003963,Office Supplies,36.40,5.00,17.11
CA-2016-157588,14-07-2016,AR-10570,FUR-FU-10004848,Furniture,51.75,1.00,15.53
CA-2015-167255,27-09-2015,RH-19510,OFF-ST-10001328,Office Supplies,15.51,1.00,4.34
CA-2015-167255,27-09-2015,RH-19510,OFF-PA-10002377,Office Supplies,146.82,3.00,73.41
CA-2015-167255,27-09-2015,RH-19510,OFF-PA-10003441,Office Supplies,12.96,2.00,6.22
CA-2017-162096,10-11-2017,TB-21190,OFF-AR-10002221,Office Supplies,7.80,3.00,2.11
CA-2016-157161,16-07-2016,JD-15895,OFF-EN-10001509,Office Supplies,10.20,5.00,4.79
CA-2016-157161,16-07-2016,JD-15895,OFF-AR-10003338,Office Supplies,22.32,3.00,5.58
CA-2016-157161,16-07-2016,JD-15895,OFF-BI-10004728,Office Supplies,24.10,5.00,11.09
CA-2016-157161,16-07-2016,JD-15895,TEC-AC-10000358,Technology,75.98,2.00,18.24
CA-2016-157161,16-07-2016,JD-15895,OFF-BI-10002764,Office Supplies,6.46,2.00,3.17
CA-2016-157161,16-07-2016,JD-15895,OFF-PA-10001461,Office Supplies,60.12,9.00,28.86
CA-2015-110765,16-10-2015,MP-17965,TEC-PH-10004165,Technology,824.97,3.00,214.49
CA-2016-163937,10-01-2016,JB-16000,FUR-FU-10000010,Furniture,24.85,5.00,7.70
CA-2017-153822,19-09-2017,AB-10105,OFF-ST-10000321,Office Supplies,12.62,2.00,-2.52
CA-2017-153822,19-09-2017,AB-10105,TEC-AC-10000109,Technology,89.58,2.00,4.48
CA-2017-153822,19-09-2017,AB-10105,TEC-PH-10002415,Technology,471.92,2.00,29.50
CA-2017-153822,19-09-2017,AB-10105,OFF-BI-10001460,Office Supplies,18.18,4.00,-13.94
CA-2017-146185,15-09-2017,CC-12145,OFF-AR-10002987,Office Supplies,31.74,2.00,8.33
CA-2015-112144,28-06-2015,CY-12745,OFF-LA-10000443,Office Supplies,5.90,2.00,1.99
CA-2015-112144,28-06-2015,CY-12745,FUR-FU-10004306,Furniture,621.76,4.00,46.63
US-2016-119298,25-11-2016,EP-13915,TEC-PH-10002564,Technology,59.98,2.00,17.99
CA-2017-155159,25-11-2017,DL-13315,OFF-PA-10003724,Office Supplies,48.87,9.00,23.95
CA-2017-149076,14-01-2017,SO-20335,OFF-PA-10000483,Office Supplies,154.90,5.00,69.71
CA-2014-146990,07-11-2014,BP-11095,OFF-FA-10000611,Office Supplies,5.92,4.00,2.84
CA-2014-146990,07-11-2014,BP-11095,OFF-PA-10000246,Office Supplies,30.18,3.00,13.88
CA-2016-116526,01-09-2016,JA-15970,OFF-BI-10004728,Office Supplies,24.10,5.00,11.09
CA-2016-116526,01-09-2016,JA-15970,TEC-PH-10002365,Technology,8.78,1.00,2.28
CA-2016-116526,01-09-2016,JA-15970,OFF-AP-10002457,Office Supplies,376.74,4.00,71.16
CA-2016-116526,01-09-2016,JA-15970,OFF-BI-10000320,Office Supplies,29.52,4.00,14.46
CA-2016-116526,01-09-2016,JA-15970,OFF-AR-10004999,Office Supplies,11.96,2.00,2.99
CA-2016-116526,01-09-2016,JA-15970,OFF-BI-10001116,Office Supplies,26.40,5.00,12.67
CA-2017-158561,11-11-2017,BB-11545,OFF-AP-10002651,Office Supplies,1158.12,5.00,130.29
CA-2017-165099,11-12-2017,DK-13375,OFF-AP-10001634,Office Supplies,1.39,2.00,-3.76
CA-2015-109386,08-11-2015,RH-19600,OFF-AP-10003266,Office Supplies,44.43,3.00,18.66
CA-2015-109386,08-11-2015,RH-19600,TEC-PH-10002890,Technology,226.20,5.00,58.81
CA-2015-109386,08-11-2015,RH-19600,FUR-FU-10000308,Furniture,186.54,3.00,41.04
CA-2015-109386,08-11-2015,RH-19600,OFF-AR-10000380,Office Supplies,265.86,7.00,79.76
CA-2015-109386,08-11-2015,RH-19600,OFF-AR-10000122,Office Supplies,27.90,5.00,6.98
CA-2015-166800,19-11-2015,AG-10300,OFF-AP-10004868,Office Supplies,31.08,4.00,8.39
CA-2017-117443,23-12-2017,JB-15400,OFF-BI-10004002,Office Supplies,13.84,4.00,-22.14
CA-2017-117443,23-12-2017,JB-15400,OFF-PA-10004475,Office Supplies,175.87,4.00,63.75
US-2016-134369,16-09-2016,BC-11125,OFF-PA-10002195,Office Supplies,12.96,2.00,6.35
CA-2017-123687,26-05-2017,KC-16675,OFF-AP-10002670,Office Supplies,208.44,3.00,62.53
CA-2017-123687,26-05-2017,KC-16675,OFF-SU-10004498,Office Supplies,25.76,2.00,0.77
CA-2015-104871,30-03-2015,DR-12940,FUR-CH-10003298,Furniture,366.74,4.00,-110.02
CA-2014-133158,19-08-2014,DW-13195,FUR-FU-10000723,Furniture,289.24,7.00,26.03
CA-2014-133158,19-08-2014,DW-13195,OFF-BI-10000632,Office Supplies,69.46,2.00,22.57
CA-2014-126333,23-12-2014,ME-18010,OFF-PA-10000223,Office Supplies,5.18,1.00,1.81
CA-2015-141740,01-11-2015,JF-15490,FUR-CH-10001545,Furniture,205.16,2.00,13.68
CA-2014-119466,15-12-2014,SP-20860,FUR-FU-10001546,Furniture,8.54,2.00,-7.48
CA-2015-154823,21-08-2015,KN-16390,OFF-BI-10001098,Office Supplies,12.83,2.00,-8.98
CA-2015-154823,21-08-2015,KN-16390,FUR-CH-10003379,Furniture,598.46,3.00,-42.75
CA-2015-154823,21-08-2015,KN-16390,FUR-FU-10000193,Furniture,25.98,1.00,-3.90
US-2014-135881,23-05-2014,GT-14710,OFF-BI-10000829,Office Supplies,17.96,5.00,5.84
US-2014-135881,23-05-2014,GT-14710,OFF-SU-10003002,Office Supplies,5.04,2.00,0.15
US-2014-135881,23-05-2014,GT-14710,OFF-AP-10002118,Office Supplies,208.16,1.00,56.20
CA-2017-141201,09-12-2017,DB-12910,FUR-BO-10001519,Furniture,148.26,3.00,15.70
CA-2014-114790,11-03-2014,FM-14215,OFF-AP-10002578,Office Supplies,146.76,3.00,38.16
CA-2014-114790,11-03-2014,FM-14215,TEC-AC-10000710,Technology,32.96,2.00,14.17
CA-2014-114790,11-03-2014,FM-14215,TEC-PH-10000984,Technology,587.97,3.00,164.63
CA-2014-114790,11-03-2014,FM-14215,OFF-PA-10000213,Office Supplies,14.94,3.00,7.02
US-2016-154256,23-06-2016,SM-20005,OFF-LA-10003720,Office Supplies,25.83,7.00,12.14
CA-2014-124737,23-08-2014,AP-10915,OFF-PA-10001837,Office Supplies,15.55,3.00,5.44
CA-2014-124737,23-08-2014,AP-10915,OFF-SU-10004661,Office Supplies,6.80,1.00,0.51
CA-2014-124737,23-08-2014,AP-10915,FUR-FU-10003274,Furniture,4.22,3.00,1.27
CA-2014-124737,23-08-2014,AP-10915,TEC-PH-10000149,Technology,143.64,9.00,10.77
CA-2014-124737,23-08-2014,AP-10915,OFF-PA-10000019,Office Supplies,31.10,6.00,10.89
CA-2014-124737,23-08-2014,AP-10915,OFF-PA-10001125,Office Supplies,223.06,9.00,69.71
US-2017-101840,06-02-2017,SP-20545,TEC-PH-10002538,Technology,227.46,6.00,65.96
US-2017-101840,06-02-2017,SP-20545,OFF-BI-10000279,Office Supplies,46.24,4.00,15.61
CA-2017-131653,29-01-2017,RD-19585,OFF-LA-10001045,Office Supplies,5.22,2.00,2.40
US-2016-157840,20-12-2016,MC-17575,OFF-PA-10003673,Office Supplies,33.90,5.00,15.59
CA-2016-145548,11-11-2016,EB-13750,OFF-ST-10002562,Office Supplies,28.14,3.00,7.88
CA-2016-145548,11-11-2016,EB-13750,TEC-AC-10002305,Technology,36.00,2.00,6.48
CA-2016-145548,11-11-2016,EB-13750,OFF-AR-10003373,Office Supplies,92.94,3.00,25.09
CA-2016-145548,11-11-2016,EB-13750,FUR-CH-10003774,Furniture,245.65,3.00,8.19
CA-2016-145548,11-11-2016,EB-13750,OFF-BI-10001510,Office Supplies,55.01,3.00,17.19
CA-2016-145548,11-11-2016,EB-13750,OFF-BI-10004236,Office Supplies,35.23,3.00,11.45
CA-2017-119494,09-11-2017,JE-15610,FUR-CH-10004675,Furniture,523.39,3.00,52.34
CA-2014-124618,02-05-2014,CS-11860,TEC-CO-10004202,Technology,479.98,2.00,90.00
CA-2017-161970,22-09-2017,PB-19105,OFF-PA-10004255,Office Supplies,12.96,2.00,6.22
CA-2017-161970,22-09-2017,PB-19105,OFF-AR-10003896,Office Supplies,17.94,3.00,6.46
CA-2017-103443,17-12-2017,AT-10735,OFF-ST-10002276,Office Supplies,166.72,2.00,41.68
CA-2017-103443,17-12-2017,AT-10735,OFF-BI-10001617,Office Supplies,24.82,3.00,8.38
CA-2017-103443,17-12-2017,AT-10735,FUR-FU-10000308,Furniture,124.36,2.00,27.36
US-2017-165358,18-07-2017,SV-20365,TEC-CO-10001943,Technology,599.97,5.00,70.00
US-2017-165358,18-07-2017,SV-20365,FUR-CH-10002647,Furniture,198.74,4.00,-14.20
US-2017-165358,18-07-2017,SV-20365,OFF-SU-10004768,Office Supplies,9.18,2.00,1.15
CA-2016-160136,03-11-2016,PJ-18835,OFF-PA-10002160,Office Supplies,9.25,2.00,3.35
CA-2014-150581,08-04-2014,NM-18445,FUR-TA-10003748,Furniture,99.59,1.00,2.49
CA-2014-150581,08-04-2014,NM-18445,TEC-AC-10001908,Technology,399.96,4.00,139.99
CA-2016-119515,14-08-2016,TR-21325,OFF-PA-10000552,Office Supplies,15.55,3.00,5.44
CA-2014-141355,25-09-2014,BF-11005,OFF-AR-10003179,Office Supplies,14.58,2.00,2.37
CA-2016-165330,11-12-2016,WB-21850,OFF-BI-10004593,Office Supplies,209.60,5.00,68.12
CA-2016-165330,11-12-2016,WB-21850,OFF-AR-10000914,Office Supplies,23.32,2.00,6.06
CA-2016-165330,11-12-2016,WB-21850,OFF-PA-10000241,Office Supplies,30.98,1.00,13.94
CA-2016-165330,11-12-2016,WB-21850,TEC-AC-10000057,Technology,119.96,4.00,25.19
CA-2016-165330,11-12-2016,WB-21850,FUR-CH-10003774,Furniture,363.92,5.00,-31.84
CA-2016-165330,11-12-2016,WB-21850,OFF-BI-10002824,Office Supplies,35.81,3.00,11.19
CA-2016-165330,11-12-2016,WB-21850,OFF-BI-10004001,Office Supplies,122.69,9.00,39.87
CA-2016-165330,11-12-2016,WB-21850,FUR-TA-10004619,Furniture,892.14,7.00,111.52
CA-2016-165330,11-12-2016,WB-21850,OFF-ST-10000636,Office Supplies,50.22,3.00,2.01
CA-2016-165330,11-12-2016,WB-21850,OFF-AP-10001469,Office Supplies,83.42,2.00,24.19
CA-2016-165330,11-12-2016,WB-21850,OFF-BI-10002897,Office Supplies,5.87,2.00,2.13
CA-2015-132633,03-02-2015,KH-16630,OFF-BI-10002432,Office Supplies,12.14,3.00,4.10
CA-2016-157742,29-12-2016,KL-16645,OFF-EN-10002592,Office Supplies,27.79,3.00,10.42
CA-2017-127712,31-08-2017,MG-17890,OFF-SU-10002522,Office Supplies,6.21,2.00,0.70
CA-2017-169474,04-02-2017,JF-15355,OFF-AP-10003971,Office Supplies,32.67,3.00,8.49
CA-2014-106726,06-12-2014,RS-19765,OFF-ST-10001496,Office Supplies,1261.33,7.00,327.95
CA-2016-147473,30-05-2016,NL-18310,OFF-PA-10004782,Office Supplies,38.88,6.00,18.66
CA-2016-114209,21-05-2016,AS-10285,OFF-BI-10000343,Office Supplies,1.96,2.00,-3.24
CA-2016-114209,21-05-2016,AS-10285,OFF-PA-10003591,Office Supplies,82.66,9.00,31.00
CA-2014-141901,09-08-2014,GM-14500,OFF-PA-10001667,Office Supplies,5.98,1.00,2.69
CA-2016-164490,05-09-2016,SU-20665,OFF-PA-10004971,Office Supplies,9.25,2.00,3.35
CA-2016-112256,23-07-2016,CK-12205,OFF-AR-10001216,Office Supplies,4.45,2.00,0.33
CA-2016-112256,23-07-2016,CK-12205,OFF-PA-10004355,Office Supplies,5.18,1.00,1.81
CA-2016-112256,23-07-2016,CK-12205,OFF-AR-10001953,Office Supplies,175.92,5.00,15.39
CA-2016-112256,23-07-2016,CK-12205,OFF-BI-10004364,Office Supplies,4.75,4.00,-8.32
CA-2016-112256,23-07-2016,CK-12205,OFF-SU-10001165,Office Supplies,13.34,2.00,1.00
CA-2016-167416,12-05-2016,JM-15580,OFF-EN-10001141,Office Supplies,54.90,5.00,26.90
CA-2016-106950,02-09-2016,JE-15715,OFF-BI-10000014,Office Supplies,22.91,7.00,-17.57
CA-2016-106950,02-09-2016,JE-15715,OFF-AP-10000159,Office Supplies,309.46,9.00,34.81
CA-2016-106950,02-09-2016,JE-15715,OFF-AR-10003560,Office Supplies,19.46,4.00,3.40
CA-2016-106950,02-09-2016,JE-15715,FUR-TA-10001768,Furniture,472.52,3.00,-149.63
CA-2016-106950,02-09-2016,JE-15715,TEC-AC-10002049,Technology,1012.68,3.00,303.80
CA-2016-106950,02-09-2016,JE-15715,OFF-BI-10003166,Office Supplies,17.22,5.00,-12.63
CA-2017-118724,21-07-2017,AR-10825,OFF-AR-10003469,Office Supplies,3.52,2.00,1.69
CA-2017-118724,21-07-2017,AR-10825,TEC-PH-10002549,Technology,1626.19,9.00,121.96
CA-2017-112004,25-09-2017,AH-10075,OFF-BI-10003476,Office Supplies,8.60,5.00,-6.30
CA-2017-112004,25-09-2017,AH-10075,OFF-SU-10000157,Office Supplies,190.90,2.00,-42.95
US-2017-143175,03-08-2017,GA-14515,OFF-ST-10003123,Office Supplies,99.87,3.00,23.97
CA-2015-105844,25-10-2015,JF-15415,OFF-AR-10001955,Office Supplies,79.36,4.00,23.81
CA-2017-118864,15-06-2017,KH-16690,TEC-PH-10001809,Technology,119.96,1.00,7.50
CA-2015-119480,09-01-2015,CC-12685,OFF-PA-10000474,Office Supplies,106.32,3.00,49.97
CA-2015-119480,09-01-2015,CC-12685,OFF-AP-10001205,Office Supplies,163.44,3.00,45.76
CA-2015-119480,09-01-2015,CC-12685,OFF-AR-10004691,Office Supplies,42.76,2.00,11.12
CA-2015-119480,09-01-2015,CC-12685,OFF-PA-10004996,Office Supplies,51.55,5.00,24.23
US-2015-153374,09-02-2015,JF-15565,TEC-AC-10001908,Technology,479.95,6.00,89.99
CA-2016-101980,19-08-2016,RP-19390,OFF-BI-10000666,Office Supplies,146.69,6.00,55.01
CA-2016-101980,19-08-2016,RP-19390,OFF-BI-10004318,Office Supplies,276.78,2.00,89.95
CA-2016-101980,19-08-2016,RP-19390,OFF-BI-10003429,Office Supplies,25.32,5.00,9.18
CA-2017-144596,06-11-2017,CD-11980,OFF-PA-10003302,Office Supplies,318.96,9.00,149.91
CA-2015-124933,26-12-2015,DF-13135,OFF-PA-10003302,Office Supplies,212.64,6.00,99.94
CA-2014-159625,23-11-2014,SM-20005,OFF-EN-10002621,Office Supplies,23.47,3.00,8.80
CA-2016-144337,01-08-2016,SG-20890,OFF-PA-10000249,Office Supplies,19.65,2.00,6.63
CA-2014-117478,21-09-2014,LH-16750,OFF-BI-10000050,Office Supplies,6.57,3.00,-5.04
CA-2017-147410,04-09-2017,EJ-14155,OFF-ST-10003805,Office Supplies,421.10,2.00,105.28
CA-2017-128944,19-06-2017,KH-16330,FUR-CH-10000785,Furniture,760.12,6.00,-43.44
CA-2017-128944,19-06-2017,KH-16330,FUR-FU-10004909,Furniture,38.78,3.00,7.27
CA-2017-128944,19-06-2017,KH-16330,TEC-AC-10001553,Technology,122.33,9.00,1.53
CA-2016-109666,19-04-2016,KM-16720,TEC-PH-10004774,Technology,25.98,2.00,0.78
CA-2016-109666,19-04-2016,KM-16720,OFF-AR-10004582,Office Supplies,3.28,2.00,1.48
CA-2016-109666,19-04-2016,KM-16720,OFF-ST-10000991,Office Supplies,459.88,4.00,13.80
CA-2016-109666,19-04-2016,KM-16720,OFF-SU-10002522,Office Supplies,7.76,2.00,2.25
CA-2016-109666,19-04-2016,KM-16720,OFF-AR-10004022,Office Supplies,71.96,2.00,17.99
CA-2016-109666,19-04-2016,KM-16720,OFF-SU-10001218,Office Supplies,54.90,5.00,15.37
CA-2016-109666,19-04-2016,KM-16720,OFF-BI-10000174,Office Supplies,9.28,2.00,3.25
US-2016-102239,05-05-2016,LW-16990,FUR-TA-10003392,Furniture,1685.88,6.00,320.32
US-2016-102239,05-05-2016,LW-16990,OFF-BI-10001890,Office Supplies,5.73,2.00,2.00
CA-2014-143168,18-10-2014,IG-15085,OFF-PA-10000167,Office Supplies,61.96,2.00,27.88
CA-2014-143168,18-10-2014,IG-15085,OFF-BI-10003784,Office Supplies,1.34,1.00,0.47
CA-2017-104906,13-02-2017,JP-15460,OFF-PA-10001184,Office Supplies,17.94,3.00,8.79
CA-2017-118122,17-11-2017,GG-14650,OFF-BI-10002103,Office Supplies,13.90,2.00,4.52
US-2014-147774,20-01-2014,MM-18280,OFF-BI-10003091,Office Supplies,67.19,1.00,-51.52
CA-2017-166926,01-12-2017,SO-20335,OFF-PA-10001593,Office Supplies,41.86,7.00,18.84
CA-2017-166926,01-12-2017,SO-20335,FUR-BO-10002598,Furniture,141.96,2.00,41.17
CA-2015-128013,09-08-2015,MF-18250,FUR-FU-10000320,Furniture,10.02,3.00,4.41
CA-2015-128013,09-08-2015,MF-18250,OFF-PA-10001815,Office Supplies,144.12,3.00,69.18
CA-2016-123176,27-09-2016,JG-15160,OFF-PA-10003971,Office Supplies,17.94,3.00,8.79
CA-2016-123176,27-09-2016,JG-15160,OFF-AR-10004685,Office Supplies,13.89,3.00,4.58
US-2016-117541,14-11-2016,JM-16195,OFF-PA-10001609,Office Supplies,16.45,5.00,7.57
US-2016-117541,14-11-2016,JM-16195,FUR-FU-10000550,Furniture,19.92,4.00,6.57
CA-2016-166282,16-04-2016,PK-19075,TEC-AC-10004209,Technology,35.17,4.00,8.35
CA-2016-166282,16-04-2016,PK-19075,OFF-PA-10003022,Office Supplies,123.09,7.00,40.00
CA-2017-141439,26-11-2017,TT-21460,FUR-TA-10001039,Furniture,257.94,3.00,67.06
CA-2017-141439,26-11-2017,TT-21460,TEC-PH-10002624,Technology,1879.96,4.00,545.19
CA-2017-141439,26-11-2017,TT-21460,FUR-FU-10001473,Furniture,27.46,2.00,9.89
CA-2017-141439,26-11-2017,TT-21460,TEC-PH-10001819,Technology,89.98,2.00,43.19
CA-2017-141439,26-11-2017,TT-21460,FUR-CH-10004287,Furniture,828.60,3.00,240.29
CA-2015-163965,20-11-2015,SS-20875,OFF-BI-10004728,Office Supplies,7.23,5.00,-5.78
CA-2015-163965,20-11-2015,SS-20875,OFF-ST-10000918,Office Supplies,17.44,2.00,1.31
CA-2015-163965,20-11-2015,SS-20875,OFF-BI-10004593,Office Supplies,62.88,4.00,-50.30
CA-2015-163965,20-11-2015,SS-20875,FUR-BO-10001337,Furniture,290.35,3.00,-36.29
CA-2017-128783,07-09-2017,TG-21640,TEC-AC-10002473,Technology,113.52,4.00,46.54
CA-2017-128783,07-09-2017,TG-21640,FUR-FU-10003623,Furniture,135.30,5.00,37.88
CA-2014-122217,24-11-2014,HP-14815,FUR-FU-10002045,Furniture,111.15,5.00,48.91
US-2017-141558,11-03-2017,MH-17290,TEC-PH-10002555,Technology,776.85,5.00,-181.27
US-2017-141558,11-03-2017,MH-17290,OFF-BI-10002794,Office Supplies,12.29,1.00,-8.61
US-2017-141558,11-03-2017,MH-17290,FUR-TA-10004086,Furniture,154.76,3.00,-46.43
US-2017-141558,11-03-2017,MH-17290,OFF-ST-10004946,Office Supplies,43.28,1.00,3.25
CA-2016-139941,12-06-2016,CB-12415,OFF-PA-10000241,Office Supplies,92.94,3.00,41.82
CA-2016-139941,12-06-2016,CB-12415,OFF-AP-10004036,Office Supplies,52.56,3.00,18.40
CA-2015-166583,26-06-2015,VD-21670,TEC-PH-10001578,Technology,971.88,3.00,109.34
CA-2017-100412,22-12-2017,SR-20425,FUR-CH-10002647,Furniture,141.96,2.00,35.49
CA-2017-142909,22-12-2017,AG-10330,FUR-TA-10003008,Furniture,182.55,2.00,-135.09
CA-2014-137911,09-10-2014,BP-11095,OFF-PA-10004071,Office Supplies,88.77,2.00,31.07
CA-2015-106208,10-12-2015,JW-16075,OFF-AP-10004980,Office Supplies,53.09,7.00,-108.83
US-2015-136749,25-12-2015,LH-16900,FUR-FU-10000747,Furniture,275.88,6.00,46.90
US-2015-136749,25-12-2015,LH-16900,OFF-BI-10004492,Office Supplies,157.90,5.00,74.21
CA-2017-126718,29-04-2017,KT-16480,OFF-LA-10004055,Office Supplies,4.91,1.00,2.41
CA-2016-131380,28-03-2016,CC-12220,OFF-ST-10002485,Office Supplies,87.92,4.00,0.88
CA-2016-131380,28-03-2016,CC-12220,OFF-PA-10001243,Office Supplies,5.98,1.00,2.93
CA-2015-145835,13-05-2015,BF-11170,TEC-PH-10004447,Technology,222.38,2.00,16.68
CA-2015-145835,13-05-2015,BF-11170,OFF-FA-10002280,Office Supplies,16.00,4.00,5.60
CA-2014-138709,04-07-2014,MS-17770,OFF-PA-10004734,Office Supplies,21.84,3.00,10.92
CA-2014-138709,04-07-2014,MS-17770,OFF-BI-10000145,Office Supplies,15.60,5.00,7.64
CA-2014-122070,22-04-2014,AH-10030,OFF-EN-10004773,Office Supplies,247.84,8.00,121.44
CA-2014-122070,22-04-2014,AH-10030,OFF-BI-10004970,Office Supplies,9.91,3.00,3.35
CA-2016-158610,19-09-2016,CK-12595,OFF-ST-10000604,Office Supplies,69.52,2.00,17.38
CA-2014-117464,22-07-2014,NP-18325,OFF-AR-10003190,Office Supplies,11.52,4.00,3.23
CA-2014-117464,22-07-2014,NP-18325,FUR-CH-10000155,Furniture,717.72,3.00,71.77
CA-2014-117464,22-07-2014,NP-18325,OFF-ST-10003058,Office Supplies,236.50,10.00,68.59
CA-2014-117464,22-07-2014,NP-18325,FUR-TA-10004767,Furniture,170.35,3.00,19.16
US-2017-168613,08-10-2017,GM-14440,FUR-CH-10002372,Furniture,145.76,2.00,3.24
CA-2017-125381,25-04-2017,SG-20605,TEC-AC-10000158,Technology,107.97,3.00,22.67
US-2017-141677,26-03-2017,HK-14890,TEC-AC-10000158,Technology,143.96,5.00,1.80
US-2017-141677,26-03-2017,HK-14890,TEC-CO-10002313,Technology,2399.96,5.00,569.99
US-2017-141677,26-03-2017,HK-14890,OFF-PA-10002581,Office Supplies,74.35,3.00,23.24
US-2017-141677,26-03-2017,HK-14890,OFF-AP-10001205,Office Supplies,87.17,8.00,-226.64
US-2017-141677,26-03-2017,HK-14890,OFF-ST-10000344,Office Supplies,32.23,3.00,2.42
CA-2017-133067,04-05-2017,MY-18295,OFF-BI-10002897,Office Supplies,2.20,2.00,-1.54
CA-2017-133067,04-05-2017,MY-18295,OFF-BI-10003694,Office Supplies,9.40,3.00,-7.52
US-2016-144351,14-11-2016,RC-19960,TEC-PH-10001644,Technology,89.97,3.00,25.19
CA-2014-106054,06-01-2014,JO-15145,OFF-AR-10002399,Office Supplies,12.78,3.00,5.24
CA-2016-138667,27-12-2016,MW-18220,TEC-AC-10003063,Technology,40.00,2.00,0.50
CA-2017-150609,30-04-2017,NZ-18565,OFF-BI-10002071,Office Supplies,23.24,5.00,7.55
CA-2017-128853,21-04-2017,JM-15250,FUR-CH-10004218,Furniture,908.82,9.00,227.21
CA-2017-133102,17-08-2017,ED-13885,OFF-SU-10000432,Office Supplies,5.55,2.00,-1.04
CA-2017-133102,17-08-2017,ED-13885,OFF-AR-10003183,Office Supplies,8.02,3.00,1.00
CA-2017-133102,17-08-2017,ED-13885,FUR-CH-10002017,Furniture,74.59,4.00,-2.13
CA-2017-133102,17-08-2017,ED-13885,FUR-FU-10003247,Furniture,16.78,2.00,-22.24
CA-2017-133102,17-08-2017,ED-13885,OFF-AP-10001563,Office Supplies,38.86,4.00,-99.10
CA-2016-164399,12-11-2016,DW-13480,TEC-PH-10004908,Technology,203.98,3.00,25.50
CA-2016-164399,12-11-2016,DW-13480,FUR-TA-10003392,Furniture,674.35,3.00,-8.43
CA-2016-116918,01-10-2016,JK-15205,OFF-BI-10004140,Office Supplies,5.39,4.00,-4.49
CA-2016-116918,01-10-2016,JK-15205,OFF-AR-10003631,Office Supplies,30.98,8.00,5.03
CA-2016-110492,12-02-2016,JS-15880,OFF-ST-10003716,Office Supplies,1350.12,6.00,175.52
CA-2016-110492,12-02-2016,JS-15880,OFF-BI-10003274,Office Supplies,15.92,4.00,7.48
CA-2016-147683,13-11-2016,PO-19180,FUR-FU-10004848,Furniture,19.54,2.00,7.23
CA-2014-116785,26-04-2014,MH-17290,OFF-AR-10003504,Office Supplies,21.40,5.00,6.21
CA-2014-116785,26-04-2014,MH-17290,OFF-LA-10000305,Office Supplies,12.60,2.00,5.80
US-2015-156797,11-08-2015,PO-19180,OFF-AR-10001427,Office Supplies,11.96,2.00,3.11
US-2015-156797,11-08-2015,PO-19180,TEC-PH-10004614,Technology,138.00,2.00,34.50
CA-2016-104276,27-11-2016,HF-14995,TEC-PH-10001944,Technology,116.76,1.00,14.60
CA-2016-104276,27-11-2016,HF-14995,FUR-TA-10001039,Furniture,331.02,7.00,-114.35
CA-2016-120369,28-10-2016,VB-21745,FUR-FU-10003806,Furniture,756.80,5.00,75.68
CA-2014-118276,29-12-2014,MG-17890,FUR-FU-10002111,Furniture,8.74,3.00,-4.80
CA-2015-136658,10-09-2015,BO-11425,OFF-AR-10000817,Office Supplies,6.08,2.00,2.07
CA-2017-137414,02-10-2017,CM-12115,FUR-FU-10001424,Furniture,17.46,2.00,5.94
CA-2017-137414,02-10-2017,CM-12115,TEC-MA-10002930,Technology,369.16,11.00,32.30
CA-2016-143476,11-09-2016,LC-16930,OFF-AR-10003759,Office Supplies,2.91,2.00,0.91
CA-2016-143476,11-09-2016,LC-16930,OFF-PA-10001837,Office Supplies,20.74,4.00,7.26
CA-2016-143476,11-09-2016,LC-16930,OFF-PA-10001667,Office Supplies,9.57,2.00,2.99
US-2016-119046,02-06-2016,EH-13765,OFF-PA-10000246,Office Supplies,30.18,3.00,13.88
US-2016-119046,02-06-2016,EH-13765,OFF-BI-10001078,Office Supplies,51.65,12.00,18.72
US-2016-119046,02-06-2016,EH-13765,OFF-BI-10000138,Office Supplies,11.23,3.00,3.93
CA-2017-154949,15-10-2017,MC-17275,OFF-LA-10002034,Office Supplies,14.73,3.00,7.22
CA-2015-103072,27-09-2015,HW-14935,OFF-AR-10000127,Office Supplies,16.40,5.00,4.76
CA-2015-103072,27-09-2015,HW-14935,OFF-PA-10003172,Office Supplies,25.92,4.00,12.44
CA-2015-150770,03-05-2015,LC-16870,OFF-AR-10001246,Office Supplies,8.82,3.00,2.56
CA-2015-150770,03-05-2015,LC-16870,OFF-BI-10002026,Office Supplies,62.50,2.00,21.87
CA-2015-150770,03-05-2015,LC-16870,TEC-AC-10000844,Technology,339.96,4.00,122.39
CA-2015-150770,03-05-2015,LC-16870,OFF-BI-10001575,Office Supplies,49.57,2.00,17.35
CA-2017-154760,09-01-2017,BP-11290,OFF-BI-10004632,Office Supplies,274.49,3.00,-228.74
US-2017-104437,27-01-2017,TG-21310,TEC-PH-10000193,Technology,137.94,3.00,35.86
CA-2017-113075,02-09-2017,MC-18100,TEC-AC-10003441,Technology,40.68,3.00,-7.12
CA-2016-109953,14-07-2016,RB-19360,TEC-PH-10004093,Technology,110.38,3.00,12.42
CA-2016-109953,14-07-2016,RB-19360,OFF-AP-10002998,Office Supplies,151.62,7.00,50.03
CA-2016-109953,14-07-2016,RB-19360,FUR-FU-10000073,Furniture,30.80,4.00,10.16
CA-2017-127397,24-02-2017,ES-14080,OFF-PA-10001125,Office Supplies,123.92,5.00,38.73
CA-2017-127397,24-02-2017,ES-14080,TEC-AC-10003033,Technology,1319.80,5.00,214.47
CA-2014-157546,20-07-2014,RD-19720,OFF-BI-10002498,Office Supplies,89.71,6.00,30.28
CA-2014-157546,20-07-2014,RD-19720,OFF-PA-10004569,Office Supplies,22.83,3.00,10.73
CA-2017-153843,13-03-2017,SC-20380,OFF-BI-10002353,Office Supplies,30.88,2.00,15.44
CA-2017-153843,13-03-2017,SC-20380,OFF-AP-10001564,Office Supplies,465.16,2.00,120.94
CA-2017-153843,13-03-2017,SC-20380,OFF-PA-10003673,Office Supplies,27.12,4.00,12.48
CA-2016-137337,08-03-2016,GB-14575,FUR-FU-10003347,Furniture,113.60,8.00,44.30
CA-2016-137337,08-03-2016,GB-14575,OFF-PA-10001934,Office Supplies,12.96,2.00,6.35
CA-2016-137337,08-03-2016,GB-14575,OFF-BI-10000632,Office Supplies,69.46,2.00,22.57
CA-2014-138737,07-12-2014,FP-14320,OFF-AR-10003190,Office Supplies,8.64,3.00,2.42
CA-2016-164924,10-07-2016,EA-14035,TEC-MA-10000904,Technology,341.99,3.00,-319.19
CA-2016-101651,24-12-2016,SC-20305,FUR-FU-10000771,Furniture,43.96,7.00,18.46
CA-2016-101651,24-12-2016,SC-20305,OFF-EN-10001990,Office Supplies,39.76,7.00,18.69
CA-2017-136651,23-04-2017,JF-15355,FUR-FU-10002445,Furniture,66.36,7.00,26.54
CA-2017-136651,23-04-2017,JF-15355,OFF-BI-10003638,Office Supplies,92.88,6.00,30.19
CA-2017-136651,23-04-2017,JF-15355,FUR-FU-10004864,Furniture,24.14,2.00,7.97
CA-2017-118892,17-08-2017,TP-21415,FUR-CH-10002024,Furniture,4416.17,9.00,-630.88
US-2017-151127,22-05-2017,RL-19615,OFF-AR-10002445,Office Supplies,49.56,7.00,18.83
CA-2017-145807,09-02-2017,SB-20170,OFF-ST-10001370,Office Supplies,354.90,5.00,17.75
US-2014-127978,03-03-2014,JS-15595,OFF-LA-10000305,Office Supplies,15.12,3.00,4.91
US-2014-127978,03-03-2014,JS-15595,FUR-BO-10001972,Furniture,302.45,5.00,-199.62
US-2014-127978,03-03-2014,JS-15595,OFF-ST-10002486,Office Supplies,44.67,8.00,-10.05
CA-2015-158491,04-06-2015,BP-11155,TEC-AC-10001874,Technology,119.98,2.00,35.99
CA-2015-158491,04-06-2015,BP-11155,TEC-AC-10003870,Technology,989.97,3.00,395.99
CA-2016-116764,27-08-2016,EM-13825,OFF-LA-10002473,Office Supplies,9.22,4.00,3.34
CA-2016-152457,12-09-2016,SC-20695,OFF-PA-10003790,Office Supplies,68.52,3.00,31.52
CA-2016-152730,30-05-2016,EM-14140,OFF-AP-10002684,Office Supplies,364.74,3.00,109.42
CA-2016-152730,30-05-2016,EM-14140,FUR-FU-10001037,Furniture,47.40,5.00,21.33
CA-2016-152730,30-05-2016,EM-14140,OFF-ST-10000876,Office Supplies,49.76,4.00,13.93
CA-2016-152730,30-05-2016,EM-14140,OFF-AR-10003732,Office Supplies,5.56,2.00,1.45
CA-2016-152730,30-05-2016,EM-14140,OFF-PA-10000994,Office Supplies,629.10,6.00,301.97
CA-2016-152730,30-05-2016,EM-14140,OFF-AR-10000940,Office Supplies,14.70,5.00,3.97
CA-2016-152730,30-05-2016,EM-14140,OFF-PA-10004888,Office Supplies,45.36,7.00,21.77
CA-2016-152730,30-05-2016,EM-14140,TEC-PH-10000441,Technology,125.99,1.00,35.28
CA-2017-137001,10-06-2017,GZ-14545,OFF-AR-10001231,Office Supplies,14.70,7.00,4.12
CA-2017-156363,22-10-2017,ML-17395,TEC-PH-10003988,Technology,32.70,5.00,-6.54
CA-2017-156363,22-10-2017,ML-17395,OFF-EN-10003068,Office Supplies,31.68,4.00,11.09
CA-2017-122056,13-06-2017,PG-18895,OFF-AR-10004260,Office Supplies,181.86,7.00,50.92
US-2014-143721,23-11-2014,DK-12835,FUR-CH-10001973,Furniture,155.37,2.00,-35.51
CA-2017-122987,16-08-2017,SJ-20215,OFF-BI-10002824,Office Supplies,13.43,3.00,-11.19
CA-2017-122987,16-08-2017,SJ-20215,OFF-ST-10004950,Office Supplies,67.14,4.00,-0.84
CA-2016-133368,14-01-2016,AG-10675,OFF-PA-10004039,Office Supplies,89.57,2.00,32.47
CA-2016-133368,14-01-2016,AG-10675,FUR-FU-10003374,Furniture,315.78,8.00,31.58
CA-2016-123337,16-09-2016,KD-16495,FUR-BO-10001918,Furniture,273.67,2.00,-12.88
CA-2016-123337,16-09-2016,KD-16495,OFF-AP-10002287,Office Supplies,17.48,4.00,4.54
US-2016-150357,10-10-2016,EB-13975,OFF-SU-10004498,Office Supplies,20.61,2.00,-4.38
US-2016-150357,10-10-2016,EB-13975,OFF-BI-10002557,Office Supplies,4.10,3.00,-2.73
CA-2015-144519,13-11-2015,AW-10930,TEC-PH-10004908,Technology,339.96,5.00,42.50
CA-2015-144519,13-11-2015,AW-10930,FUR-FU-10000794,Furniture,63.98,7.00,21.75
CA-2014-120670,02-11-2014,JK-16120,TEC-AC-10004171,Technology,799.92,10.00,239.98
CA-2016-157217,19-07-2016,TC-21535,TEC-PH-10002070,Technology,35.98,2.00,4.50
CA-2016-157217,19-07-2016,TC-21535,TEC-AC-10003095,Technology,389.97,3.00,132.59
CA-2016-108224,14-05-2016,TH-21235,TEC-AC-10003832,Technology,185.53,7.00,48.70
CA-2015-162782,21-02-2015,PW-19240,OFF-BI-10003527,Office Supplies,2541.98,2.00,1270.99
CA-2017-159282,16-10-2017,GH-14410,TEC-MA-10001148,Technology,599.99,5.00,-479.99
CA-2017-155936,22-06-2017,JK-15730,OFF-BI-10002432,Office Supplies,3.04,3.00,-5.01
CA-2017-169439,09-09-2017,LC-17140,OFF-AR-10001374,Office Supplies,25.92,5.00,3.89
CA-2017-169439,09-09-2017,LC-17140,FUR-FU-10000723,Furniture,66.11,2.00,-9.09
CA-2017-151183,14-10-2017,BK-11260,TEC-AC-10003614,Technology,46.36,4.00,15.30
CA-2016-149965,20-06-2016,BS-11365,TEC-AC-10004877,Technology,6.90,1.00,0.55
CA-2016-149965,20-06-2016,BS-11365,FUR-FU-10004270,Furniture,57.69,3.00,23.65
CA-2014-158281,02-09-2014,AG-10525,TEC-MA-10002210,Technology,559.71,3.00,-121.27
CA-2016-153661,30-01-2016,SC-20725,OFF-ST-10000675,Office Supplies,305.01,9.00,76.25
CA-2016-153661,30-01-2016,SC-20725,OFF-BI-10004781,Office Supplies,50.78,2.00,17.77
CA-2016-153661,30-01-2016,SC-20725,OFF-LA-10004689,Office Supplies,26.01,9.00,12.22
CA-2017-109183,04-12-2017,LR-16915,TEC-MA-10001856,Technology,649.00,2.00,-272.58
CA-2016-113656,23-01-2016,CB-12415,FUR-FU-10000719,Furniture,59.99,7.00,21.60
CA-2015-148964,26-05-2015,RD-19900,FUR-FU-10003849,Furniture,20.24,1.00,7.89
CA-2014-111899,04-05-2014,NC-18340,OFF-AR-10001725,Office Supplies,37.84,2.00,2.84
CA-2014-111899,04-05-2014,NC-18340,OFF-FA-10000840,Office Supplies,5.47,6.00,1.85
CA-2015-101126,10-02-2015,NB-18655,OFF-ST-10000943,Office Supplies,77.24,5.00,7.72
CA-2014-163468,18-11-2014,JK-15730,FUR-TA-10002533,Furniture,292.10,4.00,-175.26
CA-2014-163468,18-11-2014,JK-15730,FUR-FU-10001546,Furniture,8.54,2.00,-7.48
CA-2014-163468,18-11-2014,JK-15730,FUR-BO-10003546,Furniture,424.12,6.00,-30.29
CA-2014-163468,18-11-2014,JK-15730,OFF-BI-10004728,Office Supplies,2.89,3.00,-4.92
CA-2014-163468,18-11-2014,JK-15730,OFF-ST-10000025,Office Supplies,381.72,5.00,-66.80
US-2017-117450,04-09-2017,DO-13645,FUR-CH-10003817,Furniture,97.18,2.00,6.07
US-2017-117450,04-09-2017,DO-13645,OFF-PA-10000289,Office Supplies,10.37,2.00,3.63
CA-2014-137274,29-03-2014,MG-18145,FUR-TA-10001889,Furniture,890.84,3.00,-152.72
CA-2016-144092,05-11-2016,LH-17155,TEC-AC-10002305,Technology,72.00,4.00,12.96
CA-2016-144092,05-11-2016,LH-17155,FUR-CH-10004875,Furniture,113.89,2.00,9.97
CA-2016-144092,05-11-2016,LH-17155,OFF-EN-10001434,Office Supplies,158.13,3.00,77.48
CA-2017-112172,10-06-2017,MM-18280,OFF-FA-10004395,Office Supplies,14.13,3.00,0.71
CA-2015-121699,10-08-2015,BD-11320,OFF-BI-10004632,Office Supplies,64.75,5.00,29.14
CA-2015-162761,09-10-2015,SC-20575,OFF-BI-10000145,Office Supplies,1.87,2.00,-1.31
CA-2015-162761,09-10-2015,SC-20575,OFF-BI-10002498,Office Supplies,11.21,2.00,-8.60
CA-2015-162761,09-10-2015,SC-20575,OFF-AR-10001761,Office Supplies,37.38,8.00,7.48
CA-2016-121377,28-05-2016,TN-21040,TEC-PH-10001817,Technology,286.40,1.00,25.06
CA-2017-115322,11-05-2017,ZC-21910,OFF-AR-10004456,Office Supplies,43.92,3.00,12.74
CA-2016-132066,16-10-2016,NB-18655,FUR-TA-10001539,Furniture,142.18,1.00,-37.92
CA-2017-158120,17-11-2017,KH-16330,OFF-PA-10003205,Office Supplies,19.61,3.00,6.62
CA-2017-158120,17-11-2017,KH-16330,OFF-BI-10002813,Office Supplies,4.16,7.00,-3.47
CA-2017-100097,26-11-2017,MN-17935,TEC-PH-10002310,Technology,979.95,5.00,264.59
CA-2017-100097,26-11-2017,MN-17935,FUR-FU-10003623,Furniture,135.30,5.00,37.88
CA-2017-167626,03-09-2017,MY-18295,OFF-PA-10003424,Office Supplies,8.90,3.00,3.34
CA-2017-167626,03-09-2017,MY-18295,TEC-AC-10004353,Technology,100.80,2.00,21.42
US-2017-126053,05-12-2017,CS-11950,FUR-FU-10001934,Furniture,41.96,2.00,10.91
US-2017-126053,05-12-2017,CS-11950,OFF-LA-10003766,Office Supplies,9.45,3.00,4.54
US-2017-128447,10-11-2017,MC-17845,OFF-AP-10004540,Office Supplies,400.80,5.00,112.22
US-2017-128447,10-11-2017,MC-17845,OFF-BI-10001543,Office Supplies,28.79,1.00,10.08
US-2014-131275,18-03-2014,SC-20050,FUR-FU-10004597,Furniture,111.00,2.00,14.43
US-2014-131275,18-03-2014,SC-20050,TEC-MA-10001148,Technology,1279.97,4.00,415.99
US-2014-131275,18-03-2014,SC-20050,OFF-ST-10000078,Office Supplies,1856.19,7.00,334.11
CA-2016-149349,12-11-2016,SP-20650,FUR-FU-10001037,Furniture,22.75,6.00,-8.53
CA-2017-115119,26-10-2017,SC-20440,TEC-PH-10001433,Technology,61.54,1.00,-13.33
CA-2017-115119,26-10-2017,SC-20440,OFF-BI-10003007,Office Supplies,81.44,7.00,-65.15
CA-2015-125563,11-04-2015,PR-18880,FUR-FU-10001290,Furniture,67.36,2.00,10.10
CA-2015-125563,11-04-2015,PR-18880,FUR-FU-10000087,Furniture,54.53,3.00,14.31
CA-2015-113152,25-12-2015,JK-15625,TEC-AC-10002049,Technology,843.90,2.00,371.32
CA-2015-113152,25-12-2015,JK-15625,FUR-BO-10002613,Furniture,449.57,2.00,56.20
CA-2017-165155,21-09-2017,BM-11575,OFF-ST-10004950,Office Supplies,15.51,1.00,3.88
CA-2014-163412,20-12-2014,SM-20950,FUR-CH-10004875,Furniture,192.19,3.00,36.30
CA-2015-159590,18-07-2015,KC-16255,OFF-AR-10003190,Office Supplies,5.76,2.00,1.61
CA-2014-116190,26-07-2014,SG-20470,FUR-CH-10000553,Furniture,67.88,2.00,18.33
CA-2014-116190,26-07-2014,SG-20470,OFF-LA-10002762,Office Supplies,162.89,13.00,76.56
CA-2014-116190,26-07-2014,SG-20470,FUR-FU-10000719,Furniture,25.71,3.00,9.26
CA-2014-168473,26-12-2014,TB-21520,OFF-ST-10000563,Office Supplies,191.88,6.00,19.19
CA-2017-168389,11-12-2017,DV-13045,FUR-TA-10004289,Furniture,721.88,6.00,-420.00
CA-2017-168389,11-12-2017,DV-13045,TEC-PH-10003555,Technology,73.57,4.00,-16.55
CA-2017-168389,11-12-2017,DV-13045,OFF-AR-10001958,Office Supplies,13.58,1.00,1.36
CA-2017-168389,11-12-2017,DV-13045,FUR-CH-10000225,Furniture,64.78,1.00,-12.15
CA-2014-130421,03-03-2014,SC-20020,OFF-AP-10002534,Office Supplies,176.77,3.00,-459.61
CA-2017-142125,21-10-2017,JB-15400,OFF-BI-10000301,Office Supplies,38.82,6.00,19.41
CA-2017-142125,21-10-2017,JB-15400,OFF-BI-10003460,Office Supplies,21.90,5.00,10.51
CA-2017-141138,10-11-2017,GH-14425,TEC-AC-10001772,Technology,111.79,7.00,43.60
CA-2017-152135,16-03-2017,MG-17650,TEC-PH-10003505,Technology,445.44,8.00,-81.66
CA-2016-151974,22-09-2016,RD-19660,OFF-LA-10004484,Office Supplies,16.52,5.00,5.37
CA-2017-154102,06-02-2017,SN-20560,OFF-PA-10001593,Office Supplies,29.90,5.00,13.46
CA-2015-139780,31-12-2015,AH-10690,OFF-BI-10004139,Office Supplies,116.40,8.00,52.38
CA-2016-114748,09-10-2016,MZ-17335,OFF-AR-10001315,Office Supplies,1.41,1.00,0.16
CA-2016-114748,09-10-2016,MZ-17335,FUR-FU-10001488,Furniture,169.57,2.00,0.00
US-2014-115189,30-12-2014,AR-10345,TEC-PH-10002170,Technology,251.96,6.00,-50.39
US-2014-115189,30-12-2014,AR-10345,FUR-TA-10004575,Furniture,523.76,3.00,-192.05
CA-2016-163594,12-04-2016,JF-15295,OFF-PA-10000809,Office Supplies,19.44,3.00,9.33
CA-2016-163594,12-04-2016,JF-15295,FUR-CH-10000225,Furniture,194.35,3.00,-36.44
CA-2016-163594,12-04-2016,JF-15295,OFF-BI-10003707,Office Supplies,36.62,3.00,13.73
CA-2016-127243,28-11-2016,DS-13180,TEC-PH-10004539,Technology,340.18,3.00,-73.71
CA-2016-127243,28-11-2016,DS-13180,OFF-FA-10004076,Office Supplies,12.67,8.00,2.69
CA-2016-127243,28-11-2016,DS-13180,OFF-BI-10003166,Office Supplies,6.89,2.00,-5.05
CA-2016-127243,28-11-2016,DS-13180,OFF-ST-10002301,Office Supplies,32.54,2.00,-7.73
CA-2016-127243,28-11-2016,DS-13180,FUR-CH-10002647,Furniture,347.80,7.00,-24.84
CA-2017-161851,15-04-2017,BP-11095,OFF-BI-10004654,Office Supplies,15.57,3.00,-11.94
CA-2015-110345,09-03-2015,TG-21310,OFF-LA-10001175,Office Supplies,4.61,2.00,1.67
CA-2014-107769,28-10-2014,BT-11395,TEC-PH-10001336,Technology,257.98,2.00,74.81
US-2017-123862,07-01-2017,JF-15190,OFF-ST-10000760,Office Supplies,153.78,11.00,44.60
US-2017-123862,07-01-2017,JF-15190,OFF-ST-10002301,Office Supplies,61.02,3.00,0.61
US-2017-123862,07-01-2017,JF-15190,OFF-SU-10004884,Office Supplies,110.11,7.00,31.93
US-2017-123862,07-01-2017,JF-15190,OFF-FA-10003112,Office Supplies,7.89,1.00,3.55
CA-2017-100580,13-08-2017,MK-17905,OFF-BI-10000069,Office Supplies,36.02,3.00,11.71
US-2017-145597,02-11-2017,GG-14650,OFF-AR-10001958,Office Supplies,54.34,4.00,5.43
CA-2014-132787,19-09-2014,MC-18130,OFF-ST-10001321,Office Supplies,92.52,6.00,24.98
CA-2015-136224,31-05-2015,ML-18265,OFF-AR-10003504,Office Supplies,10.27,3.00,1.16
CA-2016-105732,13-09-2016,AG-10270,OFF-ST-10000419,Office Supplies,40.74,3.00,0.41
CA-2016-105732,13-09-2016,AG-10270,OFF-LA-10004559,Office Supplies,14.40,5.00,7.06
CA-2016-105732,13-09-2016,AG-10270,TEC-PH-10001644,Technology,149.95,5.00,41.99
CA-2016-105732,13-09-2016,AG-10270,OFF-SU-10004782,Office Supplies,16.90,2.00,5.07
CA-2016-105732,13-09-2016,AG-10270,OFF-PA-10002250,Office Supplies,17.61,3.00,8.45
CA-2016-105732,13-09-2016,AG-10270,OFF-AP-10001394,Office Supplies,378.00,2.00,136.08
CA-2016-105732,13-09-2016,AG-10270,OFF-PA-10001838,Office Supplies,17.64,3.00,8.64
CA-2016-105732,13-09-2016,AG-10270,OFF-ST-10004340,Office Supplies,373.08,6.00,100.73
CA-2016-105732,13-09-2016,AG-10270,FUR-FU-10003664,Furniture,1336.44,14.00,387.57
CA-2016-105732,13-09-2016,AG-10270,TEC-PH-10004897,Technology,29.97,3.00,0.30
CA-2017-108035,29-11-2017,TT-21070,FUR-CH-10000454,Furniture,390.37,2.00,48.80
CA-2017-108035,29-11-2017,TT-21070,FUR-FU-10004017,Furniture,101.52,5.00,19.04
CA-2017-160031,04-12-2017,LT-16765,OFF-PA-10000241,Office Supplies,74.35,3.00,23.24
CA-2017-147844,02-05-2017,DD-13570,OFF-PA-10003016,Office Supplies,15.70,5.00,7.07
CA-2017-147844,02-05-2017,DD-13570,OFF-AR-10001615,Office Supplies,59.52,3.00,15.48
CA-2017-147844,02-05-2017,DD-13570,OFF-PA-10002713,Office Supplies,34.40,5.00,15.82
CA-2016-110975,25-12-2016,DB-12970,FUR-TA-10002958,Furniture,313.18,2.00,-120.05
CA-2016-110975,25-12-2016,DB-12970,FUR-CH-10003746,Furniture,866.65,3.00,173.33
CA-2014-141649,30-09-2014,DM-12955,OFF-AP-10003217,Office Supplies,795.41,6.00,59.66
CA-2014-124807,12-07-2014,ME-17725,OFF-PA-10001526,Office Supplies,35.86,9.00,13.00
CA-2014-124807,12-07-2014,ME-17725,TEC-AC-10002857,Technology,23.84,4.00,3.28
CA-2016-110009,08-09-2016,TR-21325,FUR-FU-10003039,Furniture,43.13,1.00,14.66
CA-2016-110009,08-09-2016,TR-21325,OFF-PA-10002615,Office Supplies,30.87,7.00,14.20
CA-2017-168172,06-08-2017,SH-20395,OFF-SU-10002573,Office Supplies,70.12,4.00,21.04
CA-2015-100146,14-05-2015,CB-12535,FUR-BO-10004015,Furniture,509.96,5.00,42.00
CA-2015-100146,14-05-2015,CB-12535,FUR-FU-10001979,Furniture,122.91,3.00,34.41
CA-2015-100146,14-05-2015,CB-12535,FUR-CH-10003833,Furniture,97.57,2.00,-6.10
CA-2015-100146,14-05-2015,CB-12535,FUR-CH-10004495,Furniture,722.35,3.00,81.26
CA-2017-152079,20-01-2017,ML-17410,OFF-LA-10001613,Office Supplies,11.52,5.00,4.18
CA-2016-129728,30-05-2016,JG-15310,FUR-FU-10003247,Furniture,167.84,8.00,11.75
CA-2014-121769,08-04-2014,JS-15880,FUR-TA-10004442,Furniture,172.11,1.00,-94.66
CA-2014-103058,23-07-2014,AG-10270,TEC-AC-10001314,Technology,99.98,2.00,8.00
CA-2017-121125,30-05-2017,MG-17890,TEC-PH-10001619,Technology,156.79,1.00,17.64
CA-2017-121125,30-05-2017,MG-17890,TEC-AC-10002323,Technology,35.36,2.00,-3.09
CA-2017-121125,30-05-2017,MG-17890,FUR-FU-10000820,Furniture,13.59,1.00,-0.34
US-2016-114013,13-03-2016,SC-20770,FUR-CH-10004287,Furniture,386.68,2.00,-5.52
US-2016-114013,13-03-2016,SC-20770,TEC-AC-10000474,Technology,379.96,5.00,47.50
US-2016-114013,13-03-2016,SC-20770,TEC-PH-10001494,Technology,539.91,3.00,-116.98
US-2016-114013,13-03-2016,SC-20770,OFF-PA-10004996,Office Supplies,41.24,5.00,13.92
US-2016-114013,13-03-2016,SC-20770,OFF-BI-10004318,Office Supplies,51.90,1.00,-41.52
US-2016-114013,13-03-2016,SC-20770,OFF-ST-10002574,Office Supplies,552.56,5.00,-138.14
US-2016-114013,13-03-2016,SC-20770,OFF-BI-10002353,Office Supplies,23.16,5.00,-15.44
US-2016-114013,13-03-2016,SC-20770,OFF-ST-10003641,Office Supplies,126.08,2.00,-28.37
US-2016-114013,13-03-2016,SC-20770,TEC-MA-10001148,Technology,449.10,3.00,-643.71
CA-2017-135069,10-04-2017,BS-11755,OFF-AP-10000026,Office Supplies,195.10,4.00,21.95
CA-2017-135069,10-04-2017,BS-11755,FUR-FU-10003878,Furniture,36.67,3.00,6.42
CA-2016-101693,25-06-2016,LC-17140,FUR-CH-10001146,Furniture,85.25,2.00,-6.09
CA-2016-101693,25-06-2016,LC-17140,FUR-FU-10003919,Furniture,32.71,2.00,-26.17
US-2014-164763,17-03-2014,MH-17440,OFF-BI-10000605,Office Supplies,11.43,3.00,5.37
US-2014-164763,17-03-2014,MH-17440,OFF-BI-10000309,Office Supplies,30.44,2.00,14.92
US-2014-164763,17-03-2014,MH-17440,OFF-PA-10003349,Office Supplies,12.96,2.00,6.35
US-2014-164763,17-03-2014,MH-17440,OFF-PA-10003063,Office Supplies,16.00,4.00,7.68
US-2014-164763,17-03-2014,MH-17440,OFF-AP-10003971,Office Supplies,32.67,3.00,8.49
CA-2014-161249,09-08-2014,RD-19720,OFF-FA-10004838,Office Supplies,4.46,3.00,-0.95
CA-2014-161249,09-08-2014,RD-19720,OFF-BI-10001097,Office Supplies,9.35,5.00,-6.54
CA-2015-148180,26-07-2015,BP-11095,OFF-BI-10000605,Office Supplies,9.14,3.00,3.09
CA-2015-148180,26-07-2015,BP-11095,OFF-BI-10003314,Office Supplies,23.14,6.00,8.39
CA-2015-148180,26-07-2015,BP-11095,OFF-AR-10002067,Office Supplies,99.20,5.00,25.79
CA-2014-165568,15-02-2014,BF-11020,OFF-BI-10001031,Office Supplies,21.36,5.00,7.21
CA-2015-145457,24-03-2015,CP-12085,FUR-FU-10003832,Furniture,46.90,5.00,13.13
US-2017-163657,02-09-2017,JL-15235,OFF-BI-10000138,Office Supplies,18.72,5.00,6.55
US-2017-163657,02-09-2017,JL-15235,FUR-TA-10004607,Furniture,236.53,2.00,-2.96
CA-2015-120446,16-11-2015,JG-15805,OFF-LA-10003148,Office Supplies,18.90,3.00,8.69
CA-2014-109932,09-12-2014,VP-21760,OFF-PA-10001804,Office Supplies,10.69,2.00,3.74
CA-2014-109932,09-12-2014,VP-21760,OFF-ST-10000036,Office Supplies,237.10,3.00,20.75
CA-2017-127474,03-02-2017,RD-19810,OFF-PA-10001166,Office Supplies,5.18,1.00,1.81
CA-2017-127474,03-02-2017,RD-19810,OFF-PA-10001033,Office Supplies,65.58,2.00,23.77
CA-2017-127474,03-02-2017,RD-19810,FUR-FU-10004597,Furniture,22.20,1.00,-26.09
CA-2017-127474,03-02-2017,RD-19810,OFF-PA-10000418,Office Supplies,419.40,5.00,146.79
CA-2017-115448,11-11-2017,MH-18025,FUR-FU-10004090,Furniture,88.92,5.00,14.45
CA-2017-105669,17-09-2017,SJ-20125,OFF-AR-10000390,Office Supplies,9.91,3.00,3.22
CA-2017-105669,17-09-2017,SJ-20125,FUR-CH-10003774,Furniture,318.43,5.00,-77.33
CA-2017-105669,17-09-2017,SJ-20125,OFF-BI-10002412,Office Supplies,5.80,5.00,-10.15
CA-2017-105669,17-09-2017,SJ-20125,TEC-PH-10002415,Technology,1415.76,6.00,88.49
CA-2017-134796,25-06-2017,FM-14380,TEC-PH-10003505,Technology,148.48,2.00,16.70
CA-2016-137743,30-07-2016,KH-16360,OFF-LA-10003663,Office Supplies,9.25,4.00,3.12
CA-2016-137743,30-07-2016,KH-16360,OFF-ST-10001780,Office Supplies,1036.62,2.00,51.83
CA-2015-137974,16-04-2015,LL-16840,TEC-PH-10002033,Technology,569.64,2.00,148.11
CA-2015-137974,16-04-2015,LL-16840,OFF-BI-10001036,Office Supplies,9.14,1.00,4.57
CA-2015-137974,16-04-2015,LL-16840,FUR-FU-10001468,Furniture,1196.86,7.00,119.69
CA-2015-137974,16-04-2015,LL-16840,FUR-BO-10001519,Furniture,523.26,9.00,125.58
US-2015-136987,11-04-2015,AR-10540,TEC-CO-10001943,Technology,639.97,4.00,215.99
US-2015-136987,11-04-2015,AR-10540,OFF-PA-10003127,Office Supplies,52.76,2.00,24.27
CA-2015-138485,27-02-2015,NP-18670,TEC-AC-10002076,Technology,538.92,9.00,80.84
CA-2016-103709,08-09-2016,LP-17095,OFF-AR-10003338,Office Supplies,14.88,2.00,3.72
CA-2016-103709,08-09-2016,LP-17095,OFF-PA-10004610,Office Supplies,34.24,8.00,15.41
CA-2016-103709,08-09-2016,LP-17095,OFF-ST-10001272,Office Supplies,261.74,2.00,65.44
CA-2016-138282,19-05-2016,AH-10690,OFF-AP-10001366,Office Supplies,87.84,8.00,23.72
CA-2017-148985,11-11-2017,TB-21190,FUR-FU-10001424,Furniture,34.92,4.00,11.87
CA-2014-138100,15-09-2014,AA-10315,OFF-PA-10000349,Office Supplies,14.94,3.00,7.02
CA-2014-138100,15-09-2014,AA-10315,FUR-FU-10002456,Furniture,14.56,2.00,6.26
CA-2015-100734,15-09-2015,AC-10615,OFF-BI-10002609,Office Supplies,3.58,4.00,-2.86
CA-2015-100734,15-09-2015,AC-10615,OFF-ST-10001522,Office Supplies,147.18,2.00,-29.44
CA-2016-139997,01-07-2016,EM-14140,TEC-CO-10000971,Technology,1499.95,5.00,449.99
CA-2016-109652,10-04-2016,QJ-19255,OFF-AR-10000034,Office Supplies,13.57,4.00,3.22
CA-2014-167199,06-01-2014,ME-17320,FUR-CH-10004063,Furniture,2573.82,9.00,746.41
CA-2014-167199,06-01-2014,ME-17320,OFF-BI-10004632,Office Supplies,609.98,2.00,274.49
CA-2014-167199,06-01-2014,ME-17320,OFF-AR-10001662,Office Supplies,5.48,2.00,1.48
CA-2014-167199,06-01-2014,ME-17320,TEC-PH-10004977,Technology,391.98,2.00,113.67
CA-2014-167199,06-01-2014,ME-17320,TEC-PH-10004539,Technology,755.96,4.00,204.11
CA-2014-167199,06-01-2014,ME-17320,OFF-FA-10001883,Office Supplies,31.12,4.00,0.31
CA-2014-167199,06-01-2014,ME-17320,OFF-PA-10000955,Office Supplies,6.54,1.00,3.01
CA-2016-124583,01-09-2016,LB-16795,OFF-EN-10002500,Office Supplies,12.78,1.00,5.75
CA-2014-113964,23-09-2014,JP-16135,OFF-BI-10004654,Office Supplies,18.46,4.00,6.92
CA-2014-129938,15-12-2014,EB-13705,FUR-CH-10003774,Furniture,445.80,7.00,-108.27
CA-2017-135111,28-12-2017,CS-12400,OFF-AR-10004707,Office Supplies,2.48,1.00,0.87
CA-2017-135111,28-12-2017,CS-12400,OFF-BI-10004040,Office Supplies,25.90,5.00,12.69
US-2015-134558,19-12-2015,PM-19135,OFF-PA-10001184,Office Supplies,29.90,5.00,14.65
US-2015-134558,19-12-2015,PM-19135,TEC-AC-10004145,Technology,2249.91,9.00,517.48
US-2015-134558,19-12-2015,PM-19135,FUR-TA-10003473,Furniture,1053.16,4.00,-105.32
CA-2017-157196,05-11-2017,AA-10645,OFF-PA-10003172,Office Supplies,12.96,2.00,6.22
CA-2015-108672,10-09-2015,FA-14230,FUR-FU-10003799,Furniture,106.68,6.00,33.07
US-2017-118598,16-11-2017,CM-12190,TEC-PH-10002583,Technology,119.94,6.00,6.00
US-2017-160836,11-09-2017,CC-12475,OFF-PA-10004239,Office Supplies,10.27,3.00,3.21
US-2017-160836,11-09-2017,CC-12475,FUR-TA-10002855,Furniture,512.19,5.00,-65.85
US-2017-160836,11-09-2017,CC-12475,OFF-AP-10001626,Office Supplies,1.56,2.00,-4.20
CA-2017-121048,14-07-2017,TC-21295,OFF-BI-10004022,Office Supplies,4.45,2.00,1.45
CA-2017-121048,14-07-2017,TC-21295,FUR-FU-10003601,Furniture,276.69,3.00,49.80
CA-2017-121048,14-07-2017,TC-21295,OFF-FA-10000490,Office Supplies,4.96,4.00,2.33
CA-2017-121048,14-07-2017,TC-21295,OFF-AR-10004042,Office Supplies,71.92,4.00,20.86
CA-2017-121048,14-07-2017,TC-21295,FUR-FU-10002960,Furniture,18.84,3.00,7.91
CA-2017-121048,14-07-2017,TC-21295,TEC-AC-10000991,Technology,140.97,3.00,19.74
CA-2017-121048,14-07-2017,TC-21295,TEC-PH-10004977,Technology,470.38,3.00,52.92
US-2017-120147,30-03-2017,TB-21400,OFF-AR-10000817,Office Supplies,6.08,2.00,2.07
US-2017-120147,30-03-2017,TB-21400,TEC-PH-10002447,Technology,164.79,1.00,18.54
CA-2016-158043,31-01-2016,JK-15325,OFF-EN-10003134,Office Supplies,23.36,2.00,11.68
US-2017-106579,08-06-2017,BW-11200,OFF-BI-10000309,Office Supplies,12.18,4.00,-18.87
CA-2014-115889,02-11-2014,SH-20395,TEC-PH-10001615,Technology,46.38,2.00,5.22
CA-2014-115889,02-11-2014,SH-20395,OFF-ST-10003208,Office Supplies,362.92,2.00,105.25
US-2017-161935,14-07-2017,JL-15835,OFF-PA-10000605,Office Supplies,9.25,2.00,3.35
US-2017-161935,14-07-2017,JL-15835,TEC-PH-10000560,Technology,1889.95,9.00,-377.99
US-2017-161935,14-07-2017,JL-15835,OFF-ST-10003455,Office Supplies,62.04,5.00,4.65
US-2017-161935,14-07-2017,JL-15835,FUR-FU-10002937,Furniture,396.92,5.00,148.85
US-2017-161935,14-07-2017,JL-15835,OFF-ST-10001837,Office Supplies,239.46,7.00,17.96
US-2017-161935,14-07-2017,JL-15835,OFF-AR-10004757,Office Supplies,13.12,5.00,2.13
US-2017-167920,09-12-2017,JL-15835,OFF-BI-10004236,Office Supplies,29.36,2.00,13.51
US-2017-167920,09-12-2017,JL-15835,OFF-AP-10000159,Office Supplies,214.90,5.00,62.32
US-2017-167920,09-12-2017,JL-15835,OFF-BI-10003274,Office Supplies,15.92,4.00,7.48
US-2017-167920,09-12-2017,JL-15835,TEC-AC-10001013,Technology,146.45,5.00,48.33
US-2017-167920,09-12-2017,JL-15835,OFF-ST-10004963,Office Supplies,15.14,1.00,0.61
US-2017-167920,09-12-2017,JL-15835,OFF-LA-10004409,Office Supplies,5.76,2.00,2.65
US-2017-167920,09-12-2017,JL-15835,TEC-CO-10001046,Technology,1399.98,2.00,629.99
CA-2016-162383,05-09-2016,MD-17350,OFF-BI-10002824,Office Supplies,8.95,2.00,-7.46
CA-2016-162383,05-09-2016,MD-17350,OFF-BI-10001757,Office Supplies,8.86,6.00,-6.49
CA-2016-162383,05-09-2016,MD-17350,FUR-CH-10004477,Furniture,85.25,2.00,-1.22
CA-2014-125731,10-09-2014,CL-12565,OFF-EN-10003072,Office Supplies,21.73,7.00,7.60
CA-2014-125731,10-09-2014,CL-12565,FUR-CH-10003973,Furniture,1487.04,5.00,148.70
US-2017-106145,26-09-2017,RA-19885,OFF-EN-10001028,Office Supplies,71.88,6.00,33.06
US-2017-106145,26-09-2017,RA-19885,FUR-FU-10003829,Furniture,9.24,3.00,2.96
US-2017-106145,26-09-2017,RA-19885,OFF-PA-10002245,Office Supplies,35.88,6.00,16.15
US-2017-106145,26-09-2017,RA-19885,OFF-BI-10002215,Office Supplies,17.04,3.00,5.54
US-2017-106145,26-09-2017,RA-19885,OFF-BI-10003925,Office Supplies,931.18,3.00,314.27
CA-2016-107146,17-06-2016,LC-16885,FUR-FU-10002298,Furniture,266.35,3.00,-13.32
CA-2016-107146,17-06-2016,LC-16885,FUR-CH-10004853,Furniture,483.14,4.00,54.35
US-2017-134642,25-02-2017,SW-20245,FUR-CH-10002880,Furniture,196.78,2.00,-22.14
US-2017-134642,25-02-2017,SW-20245,FUR-BO-10004709,Furniture,231.92,5.00,5.80
US-2017-160143,31-03-2017,HG-14965,OFF-SU-10004231,Office Supplies,29.70,3.00,8.02
CA-2017-103415,03-12-2017,MV-17485,FUR-FU-10000820,Furniture,13.59,2.00,-14.27
CA-2016-106460,19-02-2016,GT-14710,OFF-PA-10001736,Office Supplies,70.88,2.00,33.31
US-2017-112347,02-12-2017,BS-11380,OFF-ST-10003306,Office Supplies,114.29,1.00,12.86
US-2017-112347,02-12-2017,BS-11380,OFF-BI-10003707,Office Supplies,36.62,8.00,-24.42
US-2017-112347,02-12-2017,BS-11380,FUR-BO-10003546,Furniture,242.35,8.00,-363.53
US-2017-112347,02-12-2017,BS-11380,TEC-PH-10000213,Technology,49.62,2.00,4.96
US-2017-112347,02-12-2017,BS-11380,FUR-FU-10001488,Furniture,508.70,6.00,0.00
US-2017-112347,02-12-2017,BS-11380,TEC-PH-10004833,Technology,57.36,6.00,-14.34
US-2017-112347,02-12-2017,BS-11380,FUR-CH-10002335,Furniture,906.68,5.00,68.00
CA-2014-103492,10-10-2014,CM-12715,TEC-PH-10001128,Technology,719.95,6.00,72.00
CA-2014-103492,10-10-2014,CM-12715,TEC-PH-10004667,Technology,755.94,7.00,66.15
CA-2014-103492,10-10-2014,CM-12715,OFF-BI-10004817,Office Supplies,11.98,5.00,-19.17
CA-2014-103492,10-10-2014,CM-12715,OFF-BI-10004140,Office Supplies,0.90,1.00,-1.57
CA-2016-136595,05-09-2016,EM-13825,FUR-FU-10004671,Furniture,21.20,3.00,-11.66
CA-2014-140396,20-11-2014,KH-16330,OFF-EN-10002592,Office Supplies,34.74,3.00,17.37
CA-2014-140396,20-11-2014,KH-16330,TEC-PH-10004447,Technology,833.94,6.00,216.82
CA-2014-140396,20-11-2014,KH-16330,OFF-BI-10003669,Office Supplies,12.96,3.00,4.54
CA-2014-140396,20-11-2014,KH-16330,OFF-PA-10000223,Office Supplies,25.92,4.00,12.44
CA-2014-114181,10-05-2014,AF-10885,FUR-BO-10004467,Furniture,349.97,7.00,-216.98
CA-2014-114181,10-05-2014,AF-10885,OFF-AR-10000716,Office Supplies,22.32,5.00,5.30
CA-2017-159506,27-11-2017,JR-16210,OFF-PA-10003641,Office Supplies,158.28,6.00,72.81
CA-2017-159506,27-11-2017,JR-16210,OFF-BI-10004519,Office Supplies,497.94,3.00,224.07
US-2014-137155,01-11-2014,DL-12925,OFF-AP-10002518,Office Supplies,533.94,3.00,154.84
US-2014-137155,01-11-2014,DL-12925,OFF-PA-10000806,Office Supplies,167.94,3.00,82.29
US-2014-137155,01-11-2014,DL-12925,FUR-FU-10003142,Furniture,31.68,6.00,9.82
CA-2016-105746,30-12-2016,BD-11605,FUR-CH-10000454,Furniture,170.79,1.00,0.00
US-2016-104815,03-09-2016,RB-19570,FUR-BO-10003894,Furniture,198.74,4.00,0.00
CA-2017-157672,05-10-2017,RB-19795,TEC-AC-10001714,Technology,63.82,2.00,13.56
US-2016-166660,30-01-2016,TB-21250,FUR-CH-10001190,Furniture,435.17,4.00,-59.84
US-2016-166660,30-01-2016,TB-21250,FUR-BO-10000468,Furniture,48.58,1.00,7.77
CA-2017-140802,21-04-2017,KN-16390,TEC-AC-10001998,Technology,47.98,3.00,8.40
CA-2017-140802,21-04-2017,KN-16390,OFF-PA-10001534,Office Supplies,20.74,4.00,7.26
CA-2014-133830,05-12-2014,RL-19615,OFF-AR-10003045,Office Supplies,26.46,9.00,11.91
CA-2014-133830,05-12-2014,RL-19615,OFF-PA-10001363,Office Supplies,49.12,4.00,23.09
CA-2014-133830,05-12-2014,RL-19615,OFF-FA-10002280,Office Supplies,15.00,3.00,7.20
CA-2014-100916,21-10-2014,FH-14275,OFF-ST-10003479,Office Supplies,194.70,5.00,9.74
CA-2014-100916,21-10-2014,FH-14275,FUR-TA-10004607,Furniture,591.32,4.00,112.35
CA-2014-100916,21-10-2014,FH-14275,OFF-AR-10001022,Office Supplies,2.84,1.00,0.88
CA-2015-129532,08-12-2015,YS-21880,OFF-ST-10004186,Office Supplies,221.96,2.00,4.44
CA-2015-129532,08-12-2015,YS-21880,TEC-AC-10000865,Technology,236.00,4.00,40.12
CA-2014-134726,02-11-2014,SW-20755,TEC-AC-10000023,Technology,41.94,2.00,15.10
CA-2014-134726,02-11-2014,SW-20755,TEC-PH-10001750,Technology,52.79,1.00,4.62
CA-2016-138597,18-12-2016,PN-18775,FUR-CH-10004997,Furniture,563.94,3.00,112.79
CA-2015-123113,23-11-2015,AT-10735,OFF-AP-10000275,Office Supplies,2625.12,8.00,735.03
CA-2015-123113,23-11-2015,AT-10735,OFF-AR-10004999,Office Supplies,17.94,3.00,4.49
CA-2015-169656,13-08-2015,EJ-13720,OFF-ST-10003816,Office Supplies,422.86,3.00,15.86
CA-2015-142734,16-04-2015,DM-13345,FUR-CH-10003968,Furniture,127.76,2.00,2.84
CA-2014-163223,21-03-2014,KH-16690,TEC-PH-10000730,Technology,3499.93,7.00,909.98
CA-2014-163223,21-03-2014,KH-16690,OFF-LA-10004409,Office Supplies,14.40,5.00,6.62
CA-2014-163223,21-03-2014,KH-16690,OFF-PA-10000675,Office Supplies,122.97,3.00,60.26
CA-2014-163223,21-03-2014,KH-16690,OFF-AR-10001573,Office Supplies,9.32,4.00,2.70
CA-2014-163223,21-03-2014,KH-16690,OFF-BI-10001597,Office Supplies,122.94,3.00,59.01
CA-2017-122945,16-11-2017,MB-18085,FUR-FU-10001196,Furniture,17.31,3.00,5.19
CA-2015-139738,25-09-2015,DK-12895,OFF-AR-10004602,Office Supplies,128.74,7.00,12.87
CA-2016-158778,05-09-2016,DB-13210,FUR-FU-10000260,Furniture,58.25,9.00,11.65
CA-2016-158778,05-09-2016,DB-13210,FUR-CH-10001146,Furniture,71.25,2.00,-19.34
CA-2016-158778,05-09-2016,DB-13210,OFF-AR-10000896,Office Supplies,7.87,3.00,0.59
CA-2016-158778,05-09-2016,DB-13210,FUR-CH-10000309,Furniture,887.27,3.00,-63.38
CA-2017-119655,20-04-2017,CV-12295,OFF-BI-10001989,Office Supplies,146.86,7.00,70.49
CA-2017-119655,20-04-2017,CV-12295,OFF-BI-10001036,Office Supplies,36.56,4.00,18.28
CA-2015-164567,15-06-2015,GK-14620,TEC-PH-10002103,Technology,225.58,3.00,22.56
CA-2014-131947,17-09-2014,JA-15970,OFF-AR-10001473,Office Supplies,5.25,2.00,0.46
CA-2014-131947,17-09-2014,JA-15970,OFF-AR-10000411,Office Supplies,38.26,3.00,4.78
CA-2014-131947,17-09-2014,JA-15970,OFF-PA-10000246,Office Supplies,40.24,5.00,13.08
CA-2014-131947,17-09-2014,JA-15970,TEC-MA-10004086,Technology,29.93,5.00,-21.95
CA-2014-131947,17-09-2014,JA-15970,OFF-PA-10003039,Office Supplies,148.70,6.00,46.47
CA-2014-131947,17-09-2014,JA-15970,TEC-AC-10004633,Technology,55.92,10.00,16.78
CA-2016-152520,08-07-2016,TH-21115,OFF-PA-10000289,Office Supplies,12.96,2.00,6.22
CA-2016-101791,27-05-2016,BS-11665,FUR-FU-10003247,Furniture,25.18,3.00,-33.36
CA-2016-101791,27-05-2016,BS-11665,FUR-FU-10002191,Furniture,5.58,2.00,-1.68
CA-2016-101791,27-05-2016,BS-11665,OFF-ST-10001496,Office Supplies,1297.37,9.00,97.30
CA-2017-121195,24-12-2017,NS-18505,OFF-ST-10000585,Office Supplies,264.32,2.00,19.82
CA-2017-163209,03-05-2017,MK-18160,OFF-PA-10001166,Office Supplies,25.92,4.00,12.44
CA-2017-163209,03-05-2017,MK-18160,OFF-AR-10003651,Office Supplies,22.96,7.00,6.66
CA-2014-133354,22-02-2014,SA-20830,OFF-PA-10001800,Office Supplies,19.44,3.00,9.33
US-2015-130491,08-02-2015,BH-11710,OFF-PA-10000791,Office Supplies,9.54,2.00,4.29
US-2015-130491,08-02-2015,BH-11710,OFF-FA-10000134,Office Supplies,5.81,1.00,1.80
US-2015-130491,08-02-2015,BH-11710,OFF-AR-10001149,Office Supplies,5.76,2.00,1.73
CA-2015-113740,24-08-2015,SC-20380,FUR-FU-10000010,Furniture,14.91,3.00,4.62
CA-2014-148425,30-11-2014,RF-19345,OFF-BI-10000201,Office Supplies,6.64,9.00,-4.43
CA-2016-144309,10-12-2016,CM-12235,OFF-PA-10001776,Office Supplies,18.54,2.00,8.71
CA-2016-144309,10-12-2016,CM-12235,OFF-BI-10003656,Office Supplies,679.96,5.00,220.99
CA-2017-151225,27-10-2017,JM-15655,FUR-TA-10001539,Furniture,189.58,1.00,9.48
CA-2017-151225,27-10-2017,JM-15655,TEC-PH-10004100,Technology,71.96,5.00,7.20
US-2014-144078,25-11-2014,RB-19435,TEC-PH-10001580,Technology,539.92,5.00,47.24
US-2014-144078,25-11-2014,RB-19435,FUR-CH-10002335,Furniture,725.34,4.00,54.40
US-2014-144078,25-11-2014,RB-19435,OFF-AR-10004707,Office Supplies,7.44,3.00,2.60
CA-2014-124464,14-07-2014,SS-20515,OFF-AP-10000576,Office Supplies,39.48,1.00,11.05
CA-2015-136805,23-05-2015,NM-18445,OFF-AP-10001394,Office Supplies,850.50,5.00,245.70
CA-2015-136805,23-05-2015,NM-18445,FUR-FU-10003724,Furniture,75.33,9.00,19.59
US-2015-159499,21-11-2015,EM-14095,OFF-AP-10002867,Office Supplies,325.63,6.00,28.49
US-2015-159499,21-11-2015,EM-14095,TEC-AC-10002718,Technology,23.34,2.00,-1.46
US-2015-159499,21-11-2015,EM-14095,OFF-LA-10003121,Office Supplies,16.52,5.00,5.37
CA-2014-162089,30-03-2014,MP-17470,OFF-EN-10002230,Office Supplies,335.72,5.00,113.31
CA-2014-162089,30-03-2014,MP-17470,TEC-PH-10001819,Technology,251.94,7.00,88.18
CA-2014-162089,30-03-2014,MP-17470,FUR-CH-10002304,Furniture,127.30,7.00,-9.09
US-2017-158526,29-12-2017,KH-16360,FUR-CH-10002602,Furniture,1207.84,8.00,314.04
US-2017-158526,29-12-2017,KH-16360,OFF-BI-10002414,Office Supplies,12.53,1.00,5.89
US-2017-158526,29-12-2017,KH-16360,OFF-AR-10003696,Office Supplies,34.58,1.00,10.03
US-2017-158526,29-12-2017,KH-16360,FUR-CH-10004495,Furniture,300.98,1.00,87.28
US-2017-158526,29-12-2017,KH-16360,FUR-CH-10001270,Furniture,258.75,3.00,77.63
CA-2017-104885,02-03-2017,DB-13555,OFF-AR-10001615,Office Supplies,59.52,3.00,15.48
CA-2017-104885,02-03-2017,DB-13555,OFF-EN-10003286,Office Supplies,57.96,7.00,27.24
CA-2017-104885,02-03-2017,DB-13555,FUR-BO-10003660,Furniture,441.96,2.00,101.65
CA-2017-104885,02-03-2017,DB-13555,OFF-PA-10002764,Office Supplies,68.04,6.00,33.34
US-2016-157490,06-10-2016,LB-16795,TEC-MA-10001695,Technology,703.71,6.00,-938.28
US-2016-157490,06-10-2016,LB-16795,OFF-BI-10002824,Office Supplies,17.90,4.00,-14.92
US-2016-157490,06-10-2016,LB-16795,OFF-BI-10002571,Office Supplies,11.98,4.00,-9.18
US-2016-157490,06-10-2016,LB-16795,TEC-AC-10001553,Technology,67.96,5.00,0.85
CA-2015-161452,05-04-2015,CA-11965,FUR-CH-10003973,Furniture,892.22,3.00,89.22
US-2014-115196,09-09-2014,DL-12925,TEC-MA-10002073,Technology,1299.99,2.00,-572.00
CA-2016-138968,15-03-2016,FC-14335,OFF-BI-10003529,Office Supplies,4.54,2.00,1.65
CA-2016-138968,15-03-2016,FC-14335,FUR-CH-10000309,Furniture,1352.03,4.00,84.50
CA-2015-101889,27-12-2015,DB-13120,FUR-TA-10004154,Furniture,1548.99,9.00,-464.70
CA-2015-101889,27-12-2015,DB-13120,OFF-EN-10003286,Office Supplies,19.87,3.00,6.71
CA-2017-110821,07-08-2017,CK-12205,TEC-AC-10001552,Technology,119.45,3.00,-13.44
CA-2017-110821,07-08-2017,CK-12205,OFF-ST-10002790,Office Supplies,118.16,2.00,-25.11
CA-2015-121552,22-03-2015,FW-14395,OFF-AR-10003217,Office Supplies,19.56,4.00,5.48
CA-2015-107685,30-11-2015,JM-15865,FUR-FU-10002813,Furniture,80.96,4.00,29.15
CA-2015-107685,30-11-2015,JM-15865,OFF-PA-10003848,Office Supplies,25.92,4.00,12.44
US-2014-120740,15-04-2014,PS-18970,OFF-AP-10000240,Office Supplies,106.96,2.00,31.02
US-2014-120740,15-04-2014,PS-18970,FUR-FU-10004091,Furniture,187.76,4.00,76.98
CA-2017-155740,30-07-2017,TC-21475,OFF-BI-10001071,Office Supplies,76.78,4.00,-53.74
CA-2017-146493,01-06-2017,CV-12805,OFF-BI-10003676,Office Supplies,53.90,5.00,25.87
CA-2014-105417,07-01-2014,VS-21820,FUR-FU-10004864,Furniture,76.73,3.00,-53.71
CA-2014-105417,07-01-2014,VS-21820,OFF-BI-10003708,Office Supplies,10.43,7.00,-18.25
US-2017-141509,29-09-2017,SC-20575,OFF-AR-10002067,Office Supplies,99.20,5.00,25.79
CA-2017-139493,13-09-2017,SG-20605,OFF-AR-10003158,Office Supplies,15.92,5.00,2.79
CA-2014-151967,22-10-2014,NB-18580,FUR-FU-10000193,Furniture,129.92,4.00,10.39
US-2016-140158,04-10-2016,DR-12940,OFF-BI-10000977,Office Supplies,30.40,1.00,13.98
US-2016-140158,04-10-2016,DR-12940,TEC-CO-10001449,Technology,5399.91,9.00,2591.96
US-2016-140158,04-10-2016,DR-12940,OFF-ST-10000136,Office Supplies,119.10,3.00,34.54
CA-2015-130974,27-11-2015,MA-17560,OFF-PA-10000743,Office Supplies,40.08,6.00,19.24
CA-2015-130974,27-11-2015,MA-17560,OFF-PA-10001019,Office Supplies,59.94,3.00,28.17
CA-2015-130974,27-11-2015,MA-17560,TEC-AC-10003095,Technology,259.98,2.00,88.39
CA-2015-130974,27-11-2015,MA-17560,FUR-BO-10002916,Furniture,170.98,1.00,32.49
CA-2015-130974,27-11-2015,MA-17560,FUR-FU-10002506,Furniture,38.97,3.00,4.68
CA-2015-130974,27-11-2015,MA-17560,OFF-PA-10003823,Office Supplies,154.90,5.00,69.71
CA-2015-130974,27-11-2015,MA-17560,FUR-TA-10004619,Furniture,446.07,4.00,0.00
CA-2017-133487,06-05-2017,TS-21655,OFF-AP-10001271,Office Supplies,152.94,3.00,41.29
CA-2014-142951,08-10-2014,JG-15115,TEC-AC-10002331,Technology,23.47,3.00,4.99
CA-2014-133592,31-12-2014,KM-16375,OFF-PA-10003228,Office Supplies,195.64,4.00,91.95
CA-2014-133592,31-12-2014,KM-16375,OFF-PA-10002586,Office Supplies,14.94,3.00,7.02
CA-2014-133592,31-12-2014,KM-16375,TEC-AC-10002049,Technology,1687.80,4.00,742.63
CA-2014-133592,31-12-2014,KM-16375,FUR-BO-10000362,Furniture,341.96,2.00,78.65
CA-2014-133592,31-12-2014,KM-16375,FUR-CH-10004218,Furniture,605.88,6.00,151.47
CA-2015-120782,28-04-2015,SD-20485,OFF-AP-10003779,Office Supplies,186.73,1.00,41.50
CA-2015-120782,28-04-2015,SD-20485,OFF-BI-10003527,Office Supplies,3812.97,3.00,1906.49
CA-2015-116876,14-02-2015,TT-21070,OFF-BI-10002897,Office Supplies,26.42,9.00,9.58
CA-2015-116876,14-02-2015,TT-21070,TEC-PH-10002584,Technology,625.99,1.00,187.80
CA-2016-169838,25-11-2016,BB-11545,FUR-TA-10001095,Furniture,1568.61,9.00,329.41
CA-2016-169838,25-11-2016,BB-11545,OFF-BI-10004002,Office Supplies,17.30,1.00,8.30
CA-2016-169838,25-11-2016,BB-11545,TEC-AC-10004518,Technology,160.00,8.00,62.40
US-2017-128951,15-07-2017,RS-19420,OFF-AP-10002191,Office Supplies,179.94,3.00,50.38
US-2017-128951,15-07-2017,RS-19420,FUR-TA-10004575,Furniture,872.94,3.00,157.13
US-2017-128951,15-07-2017,RS-19420,OFF-PA-10003177,Office Supplies,12.96,2.00,6.22
CA-2014-102330,29-12-2014,AI-10855,OFF-LA-10003923,Office Supplies,88.80,6.00,44.40
CA-2014-102330,29-12-2014,AI-10855,TEC-PH-10001051,Technology,319.97,4.00,36.00
CA-2016-118899,22-03-2016,MC-17275,FUR-CH-10004754,Furniture,167.89,7.00,14.69
CA-2017-107958,02-07-2017,AH-10120,OFF-PA-10000357,Office Supplies,163.96,5.00,59.44
CA-2017-107958,02-07-2017,AH-10120,OFF-BI-10001787,Office Supplies,5.23,4.00,-8.11
CA-2017-151799,14-12-2017,BF-11170,TEC-CO-10002313,Technology,1199.98,2.00,467.99
CA-2017-151799,14-12-2017,BF-11170,OFF-ST-10002790,Office Supplies,73.85,1.00,2.22
CA-2017-151799,14-12-2017,BF-11170,OFF-SU-10001664,Office Supplies,25.71,3.00,6.68
CA-2017-151799,14-12-2017,BF-11170,OFF-FA-10001332,Office Supplies,17.28,6.00,8.12
CA-2017-151799,14-12-2017,BF-11170,FUR-TA-10003473,Furniture,526.58,2.00,-52.66
CA-2016-114601,26-08-2016,AA-10480,OFF-PA-10000605,Office Supplies,11.56,2.00,5.66
CA-2016-114601,26-08-2016,AA-10480,TEC-PH-10002170,Technology,209.97,3.00,58.79
CA-2016-114601,26-08-2016,AA-10480,FUR-TA-10004147,Furniture,447.84,4.00,98.52
CA-2016-114601,26-08-2016,AA-10480,TEC-AC-10003911,Technology,479.97,3.00,163.19
CA-2016-114601,26-08-2016,AA-10480,OFF-AR-10002578,Office Supplies,8.64,3.00,2.51
CA-2017-100237,15-10-2017,SV-20815,OFF-AR-10001761,Office Supplies,11.68,2.00,4.20
CA-2014-139542,25-10-2014,EH-14185,TEC-AC-10001553,Technology,40.78,3.00,0.51
CA-2014-139542,25-10-2014,EH-14185,OFF-BI-10000309,Office Supplies,13.70,3.00,-9.59
US-2015-142811,02-04-2015,JL-15850,TEC-PH-10003095,Technology,87.80,5.00,32.93
CA-2017-139353,28-10-2017,JM-15250,FUR-FU-10001876,Furniture,77.95,3.00,15.59
CA-2017-139353,28-10-2017,JM-15250,OFF-ST-10001522,Office Supplies,147.18,2.00,-29.44
CA-2017-139353,28-10-2017,JM-15250,OFF-PA-10000300,Office Supplies,47.95,3.00,16.18
CA-2014-150203,05-12-2014,JB-15925,OFF-AP-10001469,Office Supplies,250.26,6.00,72.58
US-2017-101518,03-11-2017,PB-19105,TEC-AC-10001553,Technology,40.78,3.00,0.51
CA-2015-149636,06-01-2015,SP-20620,OFF-PA-10004041,Office Supplies,29.60,5.00,9.25
CA-2015-149636,06-01-2015,SP-20620,OFF-BI-10002764,Office Supplies,1.94,2.00,-1.36
US-2017-146213,09-09-2017,MC-17605,TEC-AC-10001114,Technology,159.96,4.00,51.19
CA-2015-108588,05-01-2015,BG-11695,OFF-AR-10001615,Office Supplies,59.52,3.00,15.48
CA-2015-108588,05-01-2015,BG-11695,OFF-EN-10000461,Office Supplies,17.48,2.00,8.22
CA-2015-108588,05-01-2015,BG-11695,OFF-BI-10004506,Office Supplies,13.17,2.00,4.61
US-2017-138086,16-04-2017,JO-15550,OFF-AP-10000027,Office Supplies,40.74,3.00,12.22
CA-2015-139374,10-09-2015,AR-10345,FUR-CH-10003981,Furniture,179.89,1.00,-2.57
CA-2016-113978,25-09-2016,TS-21505,OFF-AP-10003849,Office Supplies,286.26,1.00,17.89
CA-2016-113978,25-09-2016,TS-21505,OFF-ST-10004963,Office Supplies,24.22,2.00,-4.84
CA-2016-113978,25-09-2016,TS-21505,OFF-ST-10002574,Office Supplies,331.54,3.00,-82.88
US-2015-150231,16-03-2015,JK-15640,OFF-AR-10001761,Office Supplies,17.52,3.00,6.31
CA-2016-106915,26-11-2016,GA-14515,OFF-AR-10000716,Office Supplies,17.86,4.00,4.24
US-2016-109260,26-09-2016,TN-21040,TEC-AC-10002637,Technology,431.98,3.00,-75.60
CA-2017-104850,13-06-2017,TW-21025,FUR-CH-10003774,Furniture,291.14,4.00,-25.47
CA-2017-140508,18-09-2017,PA-19060,OFF-EN-10000927,Office Supplies,114.85,4.00,35.89
CA-2017-143294,02-06-2017,JD-15790,OFF-PA-10000743,Office Supplies,10.69,2.00,3.74
CA-2016-165673,15-05-2016,MN-17935,OFF-PA-10000697,Office Supplies,15.23,4.00,5.52
CA-2017-134418,15-09-2017,GM-14500,OFF-AR-10004441,Office Supplies,12.42,3.00,5.22
US-2016-106313,22-08-2016,DG-13300,OFF-PA-10001870,Office Supplies,19.44,3.00,9.33
CA-2014-105872,30-05-2014,JG-15160,OFF-BI-10003684,Office Supplies,70.37,4.00,26.39
CA-2017-108287,18-12-2017,AG-10330,OFF-AR-10001315,Office Supplies,12.67,9.00,1.43
CA-2017-141103,30-07-2017,JF-15355,TEC-PH-10003589,Technology,89.95,5.00,43.18
CA-2014-154781,21-11-2014,SC-20680,OFF-PA-10001609,Office Supplies,6.58,2.00,3.03
CA-2014-154781,21-11-2014,SC-20680,TEC-AC-10000474,Technology,94.99,1.00,28.50
CA-2015-147816,24-09-2015,CM-11935,TEC-PH-10003095,Technology,35.12,2.00,13.17
CA-2017-105326,20-08-2017,KT-16480,OFF-PA-10001639,Office Supplies,25.92,4.00,12.44
CA-2016-133613,17-06-2016,CP-12340,OFF-BI-10002003,Office Supplies,7.96,2.00,3.74
CA-2016-133613,17-06-2016,CP-12340,TEC-PH-10004539,Technology,566.97,3.00,153.08
CA-2016-133613,17-06-2016,CP-12340,OFF-AR-10003829,Office Supplies,9.84,3.00,2.85
CA-2015-109113,19-12-2015,EK-13795,TEC-AC-10004761,Technology,25.49,2.00,4.78
CA-2015-156153,31-05-2015,CW-11905,OFF-FA-10003472,Office Supplies,7.56,6.00,0.30
CA-2015-133242,18-06-2015,KH-16510,FUR-FU-10003464,Furniture,60.84,3.00,19.47
CA-2015-133242,18-06-2015,KH-16510,OFF-ST-10003716,Office Supplies,450.04,2.00,58.51
CA-2015-133242,18-06-2015,KH-16510,OFF-BI-10004002,Office Supplies,34.60,2.00,16.61
CA-2015-133242,18-06-2015,KH-16510,TEC-PH-10002496,Technology,467.97,3.00,140.39
CA-2015-133242,18-06-2015,KH-16510,OFF-BI-10004826,Office Supplies,33.02,2.00,15.85
CA-2015-158323,30-11-2015,AB-10600,FUR-FU-10001546,Furniture,17.09,2.00,1.07
CA-2015-161795,21-12-2015,AH-10075,OFF-AR-10001919,Office Supplies,3.01,2.00,0.34
CA-2017-100902,17-11-2017,CK-12595,OFF-PA-10002558,Office Supplies,268.24,7.00,93.88
CA-2017-100902,17-11-2017,CK-12595,TEC-AC-10003174,Technology,431.16,5.00,107.79
CA-2017-112844,13-11-2017,SP-20620,TEC-PH-10003988,Technology,43.60,4.00,12.21
CA-2017-112844,13-11-2017,SP-20620,FUR-FU-10004845,Furniture,154.95,3.00,30.99
CA-2016-158925,24-10-2016,JP-15460,OFF-PA-10003072,Office Supplies,15.55,3.00,5.44
CA-2014-155390,06-12-2014,BG-11035,OFF-PA-10003641,Office Supplies,42.21,2.00,13.72
CA-2017-123071,03-12-2017,CC-12550,OFF-PA-10003729,Office Supplies,10.37,2.00,3.63
CA-2017-156391,26-09-2017,SL-20155,OFF-AR-10003251,Office Supplies,2.22,1.00,0.56
CA-2015-103093,03-02-2015,FO-14305,OFF-EN-10003286,Office Supplies,74.52,9.00,35.02
US-2017-118941,12-08-2017,BB-11545,OFF-AR-10004078,Office Supplies,17.52,3.00,5.26
US-2017-118941,12-08-2017,BB-11545,FUR-CH-10002331,Furniture,1779.90,5.00,373.78
US-2017-118941,12-08-2017,BB-11545,OFF-AR-10001953,Office Supplies,219.90,5.00,59.37
CA-2015-169299,24-08-2015,DO-13435,OFF-AR-10002053,Office Supplies,7.15,3.00,0.72
CA-2017-154088,12-11-2017,LB-16735,OFF-PA-10003651,Office Supplies,26.72,5.00,9.35
CA-2016-155978,01-08-2016,TS-21205,TEC-PH-10002885,Technology,1039.73,2.00,90.98
CA-2016-155978,01-08-2016,TS-21205,OFF-AP-10002892,Office Supplies,45.96,2.00,13.79
CA-2016-108196,25-11-2016,CS-12505,OFF-BI-10000545,Office Supplies,456.59,2.00,-304.39
CA-2016-108196,25-11-2016,CS-12505,TEC-MA-10000418,Technology,4499.99,5.00,-6599.98
CA-2016-108196,25-11-2016,CS-12505,TEC-AC-10000926,Technology,59.98,3.00,12.00
CA-2016-152800,13-04-2016,SP-20920,OFF-EN-10001509,Office Supplies,6.12,3.00,2.88
CA-2014-166961,27-12-2014,CD-12790,OFF-AP-10001366,Office Supplies,10.98,1.00,2.96
CA-2014-166961,27-12-2014,CD-12790,OFF-FA-10003485,Office Supplies,7.86,3.00,3.62
CA-2014-166961,27-12-2014,CD-12790,OFF-ST-10004507,Office Supplies,51.45,3.00,13.89
CA-2014-166961,27-12-2014,CD-12790,OFF-BI-10002353,Office Supplies,37.06,3.00,13.90
CA-2016-139381,18-04-2016,RF-19840,OFF-AP-10001271,Office Supplies,203.92,4.00,55.06
CA-2016-139381,18-04-2016,RF-19840,TEC-PH-10004924,Technology,29.56,4.00,7.98
CA-2015-132136,08-03-2015,FO-14305,OFF-BI-10002706,Office Supplies,8.57,3.00,-14.57
CA-2016-162236,04-11-2016,ER-13855,OFF-ST-10003442,Office Supplies,45.25,2.00,3.96
CA-2016-162236,04-11-2016,ER-13855,FUR-TA-10002533,Furniture,876.30,10.00,-292.10
CA-2016-162236,04-11-2016,ER-13855,OFF-SU-10003505,Office Supplies,185.38,2.00,-34.76
US-2014-111353,29-11-2014,PB-19150,OFF-LA-10002762,Office Supplies,25.06,2.00,11.78
US-2016-117037,17-05-2016,LW-17215,OFF-BI-10000279,Office Supplies,2.89,1.00,-4.77
US-2016-117037,17-05-2016,LW-17215,OFF-FA-10000936,Office Supplies,7.90,3.00,2.47
US-2016-117037,17-05-2016,LW-17215,FUR-FU-10004973,Furniture,22.61,3.00,-10.17
US-2016-117037,17-05-2016,LW-17215,OFF-PA-10000791,Office Supplies,30.53,8.00,9.54
CA-2017-160801,19-09-2017,FG-14260,OFF-BI-10001132,Office Supplies,4.84,3.00,-3.39
CA-2016-108364,19-12-2016,BP-11050,OFF-BI-10002012,Office Supplies,1.80,5.00,-2.88
CA-2017-169362,12-10-2017,SP-20860,TEC-AC-10001383,Technology,39.98,2.00,-1.50
CA-2015-127481,12-12-2015,JD-15895,OFF-PA-10002036,Office Supplies,32.40,5.00,15.88
CA-2015-127481,12-12-2015,JD-15895,OFF-PA-10002377,Office Supplies,97.88,2.00,48.94
CA-2015-112711,12-07-2015,FM-14380,TEC-PH-10000526,Technology,307.17,4.00,30.72
US-2015-145121,02-10-2015,MP-17965,OFF-BI-10001078,Office Supplies,26.90,5.00,13.18
CA-2017-166184,24-03-2017,HR-14830,OFF-EN-10004483,Office Supplies,47.01,3.00,22.09
CA-2017-166184,24-03-2017,HR-14830,TEC-PH-10002624,Technology,469.99,1.00,136.30
CA-2017-166184,24-03-2017,HR-14830,FUR-CH-10003396,Furniture,207.85,3.00,2.31
CA-2017-157413,01-06-2017,BW-11065,OFF-ST-10002756,Office Supplies,324.74,3.00,-77.13
CA-2014-143637,24-03-2014,MS-17710,FUR-FU-10002813,Furniture,40.48,2.00,14.57
CA-2015-102260,22-09-2015,SJ-20125,OFF-LA-10003714,Office Supplies,12.00,4.00,4.20
CA-2015-102260,22-09-2015,SJ-20125,OFF-ST-10003716,Office Supplies,720.06,4.00,-63.01
CA-2015-102260,22-09-2015,SJ-20125,OFF-ST-10002289,Office Supplies,25.42,1.00,-4.77
CA-2015-102260,22-09-2015,SJ-20125,OFF-AR-10001315,Office Supplies,2.82,2.00,0.32
CA-2015-102260,22-09-2015,SJ-20125,OFF-BI-10000042,Office Supplies,3.20,2.00,-2.56
US-2016-137295,08-01-2016,VS-21820,OFF-BI-10004236,Office Supplies,30.83,7.00,-24.66
US-2016-137295,08-01-2016,VS-21820,OFF-AR-10001955,Office Supplies,47.62,3.00,5.95
US-2016-137295,08-01-2016,VS-21820,TEC-PH-10004080,Technology,108.78,2.00,10.88
CA-2016-134334,14-02-2016,DK-13090,OFF-PA-10000791,Office Supplies,4.77,1.00,2.15
CA-2016-134334,14-02-2016,DK-13090,OFF-AR-10001770,Office Supplies,7.98,3.00,2.07
CA-2016-134334,14-02-2016,DK-13090,FUR-TA-10002356,Furniture,550.43,3.00,-47.18
CA-2016-134334,14-02-2016,DK-13090,FUR-FU-10003274,Furniture,10.56,6.00,4.65
US-2017-109316,08-06-2017,MG-17680,FUR-BO-10004834,Furniture,1497.67,2.00,140.96
US-2017-109316,08-06-2017,MG-17680,TEC-PH-10000307,Technology,17.52,2.00,-3.50
CA-2016-138478,21-10-2016,DP-13390,OFF-AR-10002240,Office Supplies,113.22,3.00,29.44
CA-2016-138478,21-10-2016,DP-13390,OFF-PA-10001801,Office Supplies,35.88,6.00,17.58
CA-2016-138478,21-10-2016,DP-13390,OFF-BI-10001120,Office Supplies,4535.98,3.00,1644.29
CA-2017-150469,26-01-2017,CJ-12010,OFF-FA-10000611,Office Supplies,11.84,8.00,5.68
CA-2017-152436,08-12-2017,CW-11905,OFF-ST-10000036,Office Supplies,592.74,6.00,160.04
CA-2016-169334,21-10-2016,GW-14605,OFF-ST-10004950,Office Supplies,111.67,9.00,6.98
US-2014-115413,26-08-2014,PP-18955,OFF-AR-10003770,Office Supplies,8.64,3.00,2.51
US-2014-115413,26-08-2014,PP-18955,TEC-AC-10002800,Technology,149.97,3.00,52.49
CA-2014-125150,16-05-2014,PW-19030,FUR-CH-10002439,Furniture,232.88,5.00,17.47
CA-2015-127327,03-02-2015,PW-19030,FUR-CH-10004218,Furniture,90.88,1.00,15.15
CA-2017-117114,31-10-2017,CY-12745,TEC-PH-10004042,Technology,508.77,4.00,38.16
CA-2017-117114,31-10-2017,CY-12745,OFF-EN-10001137,Office Supplies,9.91,3.00,3.22
CA-2015-137302,26-04-2015,BW-11110,FUR-CH-10002017,Furniture,63.94,3.00,6.39
CA-2015-137302,26-04-2015,BW-11110,OFF-AR-10000588,Office Supplies,59.52,3.00,15.48
CA-2015-137302,26-04-2015,BW-11110,TEC-PH-10003174,Technology,311.98,3.00,39.00
CA-2015-137302,26-04-2015,BW-11110,OFF-BI-10001524,Office Supplies,50.35,3.00,17.62
CA-2016-112382,09-05-2016,MB-18085,TEC-PH-10001552,Technology,19.14,2.00,1.91
CA-2015-128958,24-01-2015,CR-12820,OFF-AR-10004757,Office Supplies,13.12,5.00,2.13
CA-2015-106257,13-04-2015,EB-14110,FUR-TA-10002530,Furniture,241.57,2.00,-15.10
CA-2015-106257,13-04-2015,EB-14110,TEC-PH-10001494,Technology,479.92,2.00,41.99
CA-2015-149083,25-09-2015,SH-19975,FUR-CH-10004289,Furniture,307.14,4.00,-11.52
CA-2015-149083,25-09-2015,SH-19975,OFF-LA-10002945,Office Supplies,12.60,2.00,5.80
CA-2015-149083,25-09-2015,SH-19975,TEC-AC-10002567,Technology,159.98,2.00,57.59
US-2014-137869,28-03-2014,CV-12295,OFF-EN-10001509,Office Supplies,6.12,3.00,2.88
US-2014-137869,28-03-2014,CV-12295,FUR-TA-10003954,Furniture,1184.72,4.00,106.62
CA-2016-116603,17-07-2016,AT-10735,OFF-AP-10002892,Office Supplies,45.96,2.00,13.79
CA-2014-158470,19-04-2014,AG-10390,OFF-BI-10003638,Office Supplies,58.05,3.00,26.70
CA-2014-158470,19-04-2014,AG-10390,OFF-PA-10001569,Office Supplies,71.28,11.00,34.21
US-2017-123834,21-07-2017,GM-14500,FUR-TA-10001676,Furniture,124.40,4.00,-21.33
CA-2015-125976,27-09-2015,JK-15205,OFF-PA-10001125,Office Supplies,154.90,5.00,69.71
CA-2015-125976,27-09-2015,JK-15205,TEC-PH-10002496,Technology,1871.88,12.00,561.56
CA-2016-128706,27-02-2016,DW-13540,FUR-FU-10004053,Furniture,16.19,2.00,-6.88
CA-2016-104311,02-05-2016,AS-10090,OFF-ST-10000321,Office Supplies,18.94,3.00,-3.79
CA-2016-104311,02-05-2016,AS-10090,OFF-ST-10002957,Office Supplies,12.67,3.00,-3.17
CA-2016-104311,02-05-2016,AS-10090,OFF-LA-10000973,Office Supplies,5.04,2.00,1.76
CA-2014-169649,09-12-2014,TS-21205,OFF-PA-10000143,Office Supplies,8.45,2.00,2.96
CA-2014-169649,09-12-2014,TS-21205,OFF-AP-10003287,Office Supplies,20.39,2.00,-53.01
CA-2015-144890,25-12-2015,SM-20320,OFF-PA-10001526,Office Supplies,9.96,2.00,4.88
CA-2017-135587,07-12-2017,BH-11710,OFF-AP-10004540,Office Supplies,320.64,4.00,89.78
CA-2017-135587,07-12-2017,BH-11710,TEC-AC-10001266,Technology,52.00,4.00,23.40
CA-2014-103429,30-05-2014,LW-16825,OFF-BI-10004233,Office Supplies,25.58,2.00,8.95
CA-2014-103429,30-05-2014,LW-16825,TEC-PH-10003505,Technology,464.00,5.00,134.56
CA-2014-103429,30-05-2014,LW-16825,OFF-AP-10001005,Office Supplies,235.95,3.00,77.86
CA-2014-103429,30-05-2014,LW-16825,OFF-PA-10001712,Office Supplies,39.96,4.00,17.98
CA-2017-152261,02-03-2017,JA-15970,OFF-BI-10002353,Office Supplies,18.53,4.00,-12.35
CA-2015-142993,12-10-2015,KA-16525,TEC-AC-10003038,Technology,17.90,2.00,3.40
CA-2015-142993,12-10-2015,KA-16525,OFF-ST-10000934,Office Supplies,81.96,2.00,0.00
CA-2015-143364,14-07-2015,TG-21310,OFF-ST-10002743,Office Supplies,272.74,3.00,-64.77
CA-2015-143364,14-07-2015,TG-21310,OFF-PA-10001846,Office Supplies,18.50,4.00,6.70
CA-2015-143364,14-07-2015,TG-21310,FUR-CH-10004287,Furniture,441.92,2.00,49.72
CA-2015-143364,14-07-2015,TG-21310,FUR-BO-10001608,Furniture,127.76,6.00,-191.65
CA-2014-100972,19-11-2014,DB-13360,OFF-PA-10000357,Office Supplies,166.44,3.00,79.89
CA-2016-136994,27-05-2016,LS-17245,OFF-PA-10000575,Office Supplies,13.38,2.00,6.15
US-2017-166233,03-07-2017,MO-17950,TEC-AC-10002167,Technology,24.00,2.00,-2.70
CA-2017-122112,25-09-2017,CA-11965,OFF-EN-10004459,Office Supplies,24.45,4.00,8.86
CA-2016-101672,03-10-2016,DB-12910,OFF-LA-10002271,Office Supplies,6.16,2.00,2.96
CA-2016-101672,03-10-2016,DB-12910,FUR-CH-10004063,Furniture,915.14,4.00,102.95
CA-2016-101672,03-10-2016,DB-12910,OFF-PA-10004610,Office Supplies,8.56,2.00,3.85
CA-2016-101672,03-10-2016,DB-12910,OFF-PA-10001878,Office Supplies,97.82,2.00,45.98
CA-2017-168403,09-09-2017,DK-12835,OFF-PA-10002036,Office Supplies,31.10,6.00,11.28
CA-2017-168403,09-09-2017,DK-12835,OFF-AP-10003278,Office Supplies,11.18,1.00,0.84
CA-2015-148705,12-03-2015,EB-14170,OFF-LA-10001641,Office Supplies,5.04,2.00,1.76
CA-2016-160241,29-11-2016,DR-12940,FUR-FU-10003806,Furniture,242.18,4.00,-302.72
CA-2016-155747,14-06-2016,JS-15685,FUR-TA-10003392,Furniture,337.18,2.00,-118.01
CA-2017-118017,03-12-2017,LC-16870,OFF-AR-10003856,Office Supplies,13.34,6.00,1.00
CA-2017-118017,03-12-2017,LC-16870,TEC-AC-10002006,Technology,76.75,6.00,10.55
CA-2017-118017,03-12-2017,LC-16870,TEC-AC-10002006,Technology,102.34,8.00,14.07
CA-2017-118017,03-12-2017,LC-16870,OFF-PA-10002246,Office Supplies,10.32,2.00,3.74
CA-2017-118017,03-12-2017,LC-16870,OFF-SU-10004782,Office Supplies,47.32,7.00,5.92
CA-2017-118017,03-12-2017,LC-16870,FUR-FU-10004351,Furniture,23.38,3.00,7.01
CA-2017-118017,03-12-2017,LC-16870,FUR-FU-10004270,Furniture,16.72,5.00,3.34
CA-2017-118017,03-12-2017,LC-16870,FUR-FU-10004053,Furniture,16.19,1.00,4.66
CA-2016-113117,16-08-2016,JP-15520,OFF-PA-10000019,Office Supplies,32.40,5.00,15.55
CA-2016-148684,25-12-2016,TS-21655,OFF-AR-10003811,Office Supplies,19.89,9.00,5.37
CA-2016-148684,25-12-2016,TS-21655,TEC-AC-10001838,Technology,399.98,2.00,171.99
CA-2016-148684,25-12-2016,TS-21655,FUR-FU-10003553,Furniture,343.85,5.00,137.54
CA-2016-148684,25-12-2016,TS-21655,OFF-PA-10003302,Office Supplies,106.32,3.00,49.97
CA-2017-125367,23-07-2017,NM-18445,OFF-BI-10002412,Office Supplies,13.92,3.00,4.35
CA-2017-124744,21-06-2017,EH-14125,OFF-BI-10002852,Office Supplies,82.40,5.00,40.38
CA-2017-124744,21-06-2017,EH-14125,OFF-BI-10000145,Office Supplies,6.24,2.00,3.06
CA-2017-124744,21-06-2017,EH-14125,OFF-PA-10001970,Office Supplies,447.84,8.00,219.44
CA-2017-128363,13-08-2017,DC-12850,OFF-AP-10001563,Office Supplies,272.05,7.00,30.61
CA-2017-128363,13-08-2017,DC-12850,OFF-BI-10001359,Office Supplies,1614.58,6.00,-1237.85
CA-2017-128363,13-08-2017,DC-12850,OFF-FA-10003495,Office Supplies,24.32,5.00,9.12
CA-2017-128363,13-08-2017,DC-12850,TEC-AC-10003709,Technology,1.58,2.00,0.48
CA-2017-128363,13-08-2017,DC-12850,FUR-FU-10003268,Furniture,31.98,1.00,0.00
CA-2017-128363,13-08-2017,DC-12850,OFF-EN-10003845,Office Supplies,14.76,5.00,4.80
CA-2017-128363,13-08-2017,DC-12850,FUR-CH-10002073,Furniture,423.65,2.00,47.66
CA-2015-126669,07-11-2015,DO-13645,OFF-PA-10001357,Office Supplies,76.64,2.00,26.82
US-2015-118766,15-10-2015,LS-16975,OFF-EN-10001415,Office Supplies,4.46,1.00,1.67
US-2015-118766,15-10-2015,LS-16975,OFF-BI-10002813,Office Supplies,3.96,10.00,-6.93
CA-2016-112585,30-07-2016,RW-19630,OFF-AP-10003849,Office Supplies,715.64,2.00,178.91
CA-2016-149762,03-12-2016,RD-19720,FUR-TA-10004147,Furniture,268.70,3.00,6.72
CA-2016-149762,03-12-2016,RD-19720,OFF-AR-10001662,Office Supplies,21.92,8.00,5.92
CA-2016-149762,03-12-2016,RD-19720,OFF-ST-10001558,Office Supplies,48.72,3.00,7.31
CA-2016-149762,03-12-2016,RD-19720,FUR-BO-10001337,Furniture,205.67,2.00,-12.10
CA-2016-167605,28-04-2016,RB-19570,FUR-FU-10001602,Furniture,30.34,2.00,-31.86
US-2017-105697,25-08-2017,JE-15715,OFF-ST-10003996,Office Supplies,25.70,2.00,1.93
CA-2017-165323,17-06-2017,SR-20740,TEC-MA-10003673,Technology,3404.50,5.00,1668.21
CA-2017-165323,17-06-2017,SR-20740,TEC-AC-10004992,Technology,101.34,3.00,8.11
CA-2015-110891,20-11-2015,PO-19195,FUR-CH-10002880,Furniture,344.37,4.00,-93.47
CA-2017-100783,04-09-2017,JK-16120,OFF-AR-10000380,Office Supplies,30.38,1.00,3.80
CA-2015-152513,04-07-2015,JP-16135,OFF-BI-10002706,Office Supplies,22.85,2.00,7.43
CA-2017-139822,15-09-2017,Dp-13240,OFF-ST-10000943,Office Supplies,38.62,2.00,10.81
CA-2017-139822,15-09-2017,Dp-13240,TEC-AC-10001090,Technology,59.98,2.00,10.80
CA-2017-107713,13-03-2017,JB-16000,OFF-BI-10002026,Office Supplies,174.30,3.00,81.92
CA-2017-134096,24-09-2017,PP-18955,TEC-PH-10000526,Technology,383.96,5.00,38.40
CA-2017-134096,24-09-2017,PP-18955,OFF-BI-10004002,Office Supplies,15.57,3.00,-11.42
CA-2016-125843,13-08-2016,RF-19840,OFF-BI-10002309,Office Supplies,22.32,4.00,10.71
CA-2016-125843,13-08-2016,RF-19840,OFF-LA-10003923,Office Supplies,103.60,7.00,51.80
CA-2017-120404,20-11-2017,KH-16330,TEC-AC-10003433,Technology,2.97,3.00,1.34
CA-2017-120404,20-11-2017,KH-16330,TEC-PH-10001363,Technology,569.99,1.00,171.00
CA-2017-120404,20-11-2017,KH-16330,FUR-FU-10000820,Furniture,50.97,3.00,9.17
CA-2017-167549,25-07-2017,EM-14200,FUR-TA-10004767,Furniture,298.12,6.00,-4.26
CA-2016-120082,25-03-2016,DK-12835,OFF-AR-10001955,Office Supplies,59.52,3.00,17.86
US-2016-168095,15-07-2016,MC-17425,FUR-CH-10004886,Furniture,230.28,3.00,23.03
US-2016-168095,15-07-2016,MC-17425,OFF-PA-10003641,Office Supplies,105.52,5.00,34.29
CA-2017-166093,17-08-2017,RW-19540,OFF-EN-10003134,Office Supplies,23.36,2.00,11.68
CA-2017-166093,17-08-2017,RW-19540,TEC-PH-10002564,Technology,71.98,3.00,9.00
CA-2017-166093,17-08-2017,RW-19540,OFF-PA-10003893,Office Supplies,8.56,2.00,3.85
CA-2017-166093,17-08-2017,RW-19540,OFF-BI-10000174,Office Supplies,13.92,3.00,4.87
CA-2017-166093,17-08-2017,RW-19540,OFF-AP-10001058,Office Supplies,2518.29,9.00,654.76
CA-2017-166093,17-08-2017,RW-19540,OFF-ST-10001496,Office Supplies,540.57,3.00,140.55
CA-2017-166093,17-08-2017,RW-19540,OFF-BI-10004230,Office Supplies,221.06,8.00,77.37
CA-2016-146325,14-12-2016,DS-13180,FUR-CH-10001146,Furniture,81.42,2.00,-9.16
CA-2016-146325,14-12-2016,DS-13180,OFF-ST-10001590,Office Supplies,134.80,10.00,35.05
CA-2017-134194,25-12-2017,GA-14725,OFF-BI-10003684,Office Supplies,39.58,9.00,-59.37
CA-2017-134194,25-12-2017,GA-14725,OFF-SU-10000946,Office Supplies,44.69,7.00,5.03
CA-2017-134194,25-12-2017,GA-14725,OFF-AR-10001615,Office Supplies,31.74,2.00,2.38
CA-2017-134194,25-12-2017,GA-14725,OFF-BI-10001597,Office Supplies,40.98,5.00,-65.57
CA-2017-134194,25-12-2017,GA-14725,OFF-BI-10001116,Office Supplies,3.17,3.00,-5.07
CA-2014-131009,01-03-2014,SC-20380,OFF-FA-10004395,Office Supplies,18.84,5.00,-3.53
CA-2014-131009,01-03-2014,SC-20380,FUR-CH-10001270,Furniture,362.25,6.00,0.00
CA-2014-131009,01-03-2014,SC-20380,FUR-FU-10001095,Furniture,63.55,6.00,-34.95
CA-2014-131009,01-03-2014,SC-20380,OFF-ST-10001469,Office Supplies,129.55,3.00,-22.67
CA-2015-145814,19-11-2015,KD-16345,OFF-BI-10003196,Office Supplies,5.98,2.00,2.24
CA-2015-145814,19-11-2015,KD-16345,TEC-PH-10002200,Technology,861.76,4.00,249.91
CA-2014-138359,01-04-2014,KH-16330,OFF-ST-10000636,Office Supplies,66.96,4.00,2.68
CA-2014-138359,01-04-2014,KH-16330,OFF-BI-10000145,Office Supplies,6.24,2.00,3.06
CA-2017-131807,05-10-2017,GG-14650,FUR-CH-10001190,Furniture,435.17,4.00,-59.84
CA-2017-131807,05-10-2017,GG-14650,OFF-FA-10002780,Office Supplies,14.90,5.00,6.85
CA-2017-131807,05-10-2017,GG-14650,OFF-AP-10004052,Office Supplies,15.80,4.00,4.11
CA-2017-131807,05-10-2017,GG-14650,FUR-FU-10004666,Furniture,72.90,5.00,26.97
CA-2017-131807,05-10-2017,GG-14650,FUR-TA-10004086,Furniture,206.35,3.00,5.16
CA-2017-131807,05-10-2017,GG-14650,TEC-PH-10000702,Technology,7.99,1.00,2.70
CA-2017-104864,18-11-2017,JS-15685,OFF-ST-10002301,Office Supplies,81.36,5.00,-19.32
CA-2017-104864,18-11-2017,JS-15685,OFF-BI-10001636,Office Supplies,20.23,8.00,-16.19
CA-2017-104864,18-11-2017,JS-15685,OFF-AP-10002684,Office Supplies,389.06,4.00,48.63
CA-2017-104864,18-11-2017,JS-15685,OFF-PA-10004609,Office Supplies,20.74,4.00,7.26
CA-2017-104864,18-11-2017,JS-15685,OFF-PA-10003309,Office Supplies,41.47,8.00,14.52
CA-2015-138219,23-03-2015,BP-11095,OFF-PA-10000380,Office Supplies,33.36,4.00,16.68
CA-2016-157707,10-10-2016,CC-12610,FUR-BO-10001567,Furniture,90.88,3.00,-190.85
CA-2016-157707,10-10-2016,CC-12610,TEC-PH-10002583,Technology,15.99,1.00,-3.00
CA-2016-157707,10-10-2016,CC-12610,FUR-CH-10004853,Furniture,120.78,1.00,13.59
US-2015-126753,16-08-2015,SP-20860,TEC-PH-10003580,Technology,519.79,4.00,-112.62
US-2015-126753,16-08-2015,SP-20860,TEC-AC-10004227,Technology,31.18,3.00,-5.46
US-2015-126753,16-08-2015,SP-20860,OFF-PA-10002787,Office Supplies,10.37,2.00,3.63
US-2015-126753,16-08-2015,SP-20860,OFF-BI-10003981,Office Supplies,2.72,2.00,-1.91
US-2015-126753,16-08-2015,SP-20860,FUR-FU-10001488,Furniture,254.35,3.00,0.00
US-2015-126753,16-08-2015,SP-20860,OFF-BI-10003727,Office Supplies,3.76,3.00,-2.76
US-2015-126753,16-08-2015,SP-20860,OFF-PA-10000130,Office Supplies,10.27,3.00,3.21
CA-2014-166051,31-05-2014,JK-15625,TEC-PH-10002680,Technology,659.97,3.00,197.99
CA-2014-166051,31-05-2014,JK-15625,TEC-PH-10002538,Technology,113.73,3.00,32.98
CA-2015-113040,27-08-2015,CC-12100,OFF-BI-10001249,Office Supplies,5.10,1.00,1.66
CA-2014-103800,03-01-2014,DP-13000,OFF-PA-10000174,Office Supplies,16.45,2.00,5.55
CA-2014-113383,10-09-2014,SF-20065,OFF-AP-10004532,Office Supplies,81.92,4.00,22.12
CA-2014-113383,10-09-2014,SF-20065,FUR-FU-10001986,Furniture,254.90,5.00,76.47
CA-2017-152499,22-01-2017,EH-13765,OFF-FA-10002975,Office Supplies,15.12,5.00,4.91
CA-2017-152499,22-01-2017,EH-13765,OFF-AR-10003481,Office Supplies,7.87,3.00,0.89
CA-2016-151498,21-04-2016,DN-13690,OFF-BI-10004967,Office Supplies,8.32,5.00,2.81
CA-2016-137939,20-07-2016,PJ-19015,TEC-PH-10003589,Technology,89.95,5.00,43.18
US-2016-117793,23-08-2016,MA-17560,OFF-LA-10002945,Office Supplies,25.20,4.00,11.59
US-2016-117793,23-08-2016,MA-17560,OFF-LA-10003537,Office Supplies,37.59,3.00,17.67
US-2016-117793,23-08-2016,MA-17560,OFF-ST-10002406,Office Supplies,14.97,1.00,4.19
US-2016-117793,23-08-2016,MA-17560,TEC-AC-10003433,Technology,1.98,2.00,0.89
CA-2016-133872,14-06-2016,VM-21835,OFF-BI-10002082,Office Supplies,39.94,4.00,-26.62
CA-2016-133872,14-06-2016,VM-21835,TEC-AC-10000521,Technology,18.46,2.00,2.31
US-2015-165743,20-11-2015,MM-18055,OFF-BI-10001982,Office Supplies,4.90,3.00,-3.43
US-2015-165743,20-11-2015,MM-18055,FUR-BO-10002268,Furniture,145.76,6.00,-247.80
US-2015-165743,20-11-2015,MM-18055,OFF-BI-10001758,Office Supplies,9.61,6.00,-7.37
US-2017-105998,03-11-2017,CR-12580,TEC-AC-10004469,Technology,199.75,5.00,87.89
US-2017-105998,03-11-2017,CR-12580,FUR-TA-10001095,Furniture,1673.18,12.00,20.91
US-2014-148194,04-05-2014,BS-11365,FUR-FU-10001852,Furniture,12.18,7.00,3.90
US-2014-148194,04-05-2014,BS-11365,OFF-AP-10000696,Office Supplies,57.68,4.00,19.03
US-2015-151407,08-11-2015,RD-19585,TEC-PH-10003885,Technology,263.96,4.00,76.55
CA-2015-110870,12-12-2015,KD-16270,TEC-AC-10002926,Technology,299.94,6.00,128.97
CA-2015-110870,12-12-2015,KD-16270,OFF-SU-10001225,Office Supplies,25.76,7.00,0.52
CA-2014-143210,01-12-2014,AA-10645,TEC-PH-10004434,Technology,271.90,2.00,78.85
CA-2014-143210,01-12-2014,AA-10645,FUR-FU-10003878,Furniture,45.84,3.00,15.59
CA-2014-143210,01-12-2014,AA-10645,FUR-FU-10002268,Furniture,9.82,2.00,3.24
CA-2016-139808,07-10-2016,MC-18100,OFF-FA-10001883,Office Supplies,93.36,12.00,0.93
CA-2015-110863,17-11-2015,AA-10645,OFF-ST-10002756,Office Supplies,541.24,4.00,5.41
CA-2015-110863,17-11-2015,AA-10645,OFF-PA-10000474,Office Supplies,106.32,3.00,49.97
CA-2015-110863,17-11-2015,AA-10645,FUR-CH-10002073,Furniture,1323.90,5.00,383.93
CA-2014-127859,17-03-2014,QJ-19255,OFF-PA-10003641,Office Supplies,126.62,6.00,41.15
US-2015-136427,20-06-2015,JM-16195,TEC-PH-10002070,Technology,125.94,7.00,15.74
CA-2017-120168,25-05-2017,TB-21625,OFF-BI-10004519,Office Supplies,663.92,5.00,207.48
CA-2017-120168,25-05-2017,TB-21625,TEC-AC-10002167,Technology,120.00,8.00,13.20
CA-2017-120168,25-05-2017,TB-21625,OFF-FA-10000936,Office Supplies,3.29,1.00,1.48
CA-2017-120168,25-05-2017,TB-21625,FUR-FU-10000732,Furniture,18.84,3.00,6.03
US-2014-131870,09-09-2014,NF-18595,FUR-FU-10002501,Furniture,60.67,6.00,12.89
US-2014-131870,09-09-2014,NF-18595,OFF-AR-10000634,Office Supplies,30.82,9.00,2.70
CA-2017-114804,17-10-2017,BF-11020,TEC-PH-10001700,Technology,52.79,1.00,4.62
CA-2017-167227,02-11-2017,NP-18670,OFF-AP-10001962,Office Supplies,83.90,10.00,20.98
CA-2017-167227,02-11-2017,NP-18670,OFF-PA-10001838,Office Supplies,11.76,2.00,5.76
CA-2014-129189,21-07-2014,HM-14860,OFF-AP-10000124,Office Supplies,4.99,3.00,-12.98
CA-2014-129189,21-07-2014,HM-14860,OFF-EN-10003567,Office Supplies,87.92,5.00,29.67
CA-2014-129189,21-07-2014,HM-14860,FUR-CH-10004997,Furniture,657.93,5.00,-93.99
CA-2014-129189,21-07-2014,HM-14860,OFF-BI-10000494,Office Supplies,1.04,1.00,-1.83
CA-2015-132465,11-09-2015,DM-13525,FUR-FU-10000277,Furniture,210.68,2.00,50.56
CA-2015-132465,11-09-2015,DM-13525,OFF-ST-10003641,Office Supplies,78.80,1.00,1.58
CA-2015-132465,11-09-2015,DM-13525,TEC-AC-10001998,Technology,19.99,1.00,6.80
CA-2015-132465,11-09-2015,DM-13525,OFF-ST-10001932,Office Supplies,772.68,4.00,108.18
CA-2016-166373,21-10-2016,JF-15565,TEC-AC-10002323,Technology,106.08,6.00,-9.28
CA-2016-158806,07-01-2016,NM-18520,FUR-FU-10004270,Furniture,23.08,3.00,-10.96
CA-2016-158806,07-01-2016,NM-18520,OFF-PA-10004621,Office Supplies,25.92,5.00,9.07
CA-2015-119690,25-06-2015,MV-17485,OFF-PA-10001019,Office Supplies,47.95,3.00,16.18
CA-2015-119690,25-06-2015,MV-17485,OFF-BI-10000201,Office Supplies,0.98,2.00,-1.48
CA-2015-119690,25-06-2015,MV-17485,FUR-FU-10004587,Furniture,75.38,9.00,-20.73
CA-2015-119690,25-06-2015,MV-17485,OFF-LA-10001613,Office Supplies,4.61,2.00,1.67
CA-2015-153738,20-09-2015,AG-10270,OFF-BI-10001308,Office Supplies,37.68,6.00,16.96
CA-2017-169012,10-07-2017,BF-11275,OFF-AP-10003278,Office Supplies,41.91,3.00,10.90
CA-2017-109393,30-06-2017,JC-15775,FUR-BO-10003966,Furniture,436.00,3.00,5.13
CA-2017-121489,21-08-2017,CM-11815,FUR-CH-10004698,Furniture,388.70,6.00,38.87
CA-2017-121489,21-08-2017,CM-11815,OFF-ST-10000025,Office Supplies,572.58,6.00,34.35
CA-2017-121489,21-08-2017,CM-11815,TEC-AC-10000682,Technology,33.18,2.00,11.61
US-2017-133081,11-03-2017,PV-18985,TEC-AC-10001772,Technology,63.88,4.00,24.91
US-2017-133081,11-03-2017,PV-18985,FUR-FU-10001379,Furniture,26.72,1.00,11.76
CA-2017-165008,15-09-2017,DO-13645,OFF-BI-10002794,Office Supplies,295.06,9.00,106.96
CA-2016-145611,20-09-2016,HA-14905,OFF-AP-10001005,Office Supplies,393.25,5.00,129.77
CA-2016-113600,15-12-2016,SH-20395,OFF-BI-10000201,Office Supplies,2.21,3.00,-1.48
CA-2017-130834,03-11-2017,JM-16195,OFF-PA-10003673,Office Supplies,16.27,3.00,5.29
CA-2016-168543,03-07-2016,DK-13225,OFF-AP-10000938,Office Supplies,706.86,7.00,197.92
CA-2014-144974,26-09-2014,CM-12715,OFF-BI-10003274,Office Supplies,5.97,5.00,-4.58
CA-2014-144974,26-09-2014,CM-12715,FUR-FU-10001095,Furniture,21.18,1.00,4.77
CA-2014-144974,26-09-2014,CM-12715,OFF-AP-10001492,Office Supplies,41.38,6.00,3.10
CA-2014-109904,14-07-2014,BF-10975,OFF-AR-10004999,Office Supplies,17.94,3.00,4.49
CA-2017-152205,28-09-2017,SF-20965,OFF-BI-10004094,Office Supplies,2.66,1.00,-1.86
CA-2015-121188,28-08-2015,CB-12025,OFF-ST-10001490,Office Supplies,892.35,5.00,267.71
CA-2015-121188,28-08-2015,CB-12025,FUR-BO-10004695,Furniture,307.67,2.00,28.96
CA-2015-121188,28-08-2015,CB-12025,OFF-ST-10000736,Office Supplies,728.82,9.00,29.15
CA-2015-121188,28-08-2015,CB-12025,OFF-BI-10001617,Office Supplies,41.36,5.00,13.96
CA-2015-121188,28-08-2015,CB-12025,TEC-PH-10003589,Technology,43.18,3.00,15.11
CA-2015-121188,28-08-2015,CB-12025,FUR-FU-10003981,Furniture,4.16,2.00,1.75
CA-2015-156013,20-09-2015,TC-20980,OFF-PA-10001970,Office Supplies,61.40,5.00,28.86
CA-2015-156013,20-09-2015,TC-20980,OFF-BI-10002437,Office Supplies,24.45,2.00,8.86
CA-2016-132997,07-11-2016,LW-17215,TEC-PH-10000586,Technology,263.96,4.00,71.27
CA-2016-132997,07-11-2016,LW-17215,TEC-PH-10003811,Technology,359.97,3.00,100.79
CA-2016-132997,07-11-2016,LW-17215,OFF-PA-10004983,Office Supplies,12.96,2.00,6.22
CA-2016-132997,07-11-2016,LW-17215,OFF-ST-10003479,Office Supplies,116.82,3.00,5.84
CA-2016-132997,07-11-2016,LW-17215,OFF-BI-10004318,Office Supplies,276.78,2.00,89.95
US-2015-160563,20-10-2015,NS-18640,TEC-AC-10002567,Technology,239.97,3.00,86.39
US-2015-160563,20-10-2015,NS-18640,FUR-FU-10001731,Furniture,16.02,6.00,6.09
CA-2017-151750,01-01-2017,JM-15250,OFF-ST-10002743,Office Supplies,454.56,5.00,-107.96
CA-2017-151750,01-01-2017,JM-15250,FUR-FU-10002116,Furniture,141.42,5.00,-187.38
CA-2017-151750,01-01-2017,JM-15250,FUR-CH-10003199,Furniture,310.74,4.00,-26.64
CA-2017-151750,01-01-2017,JM-15250,OFF-AR-10003158,Office Supplies,12.74,4.00,2.23
CA-2017-151750,01-01-2017,JM-15250,OFF-BI-10000301,Office Supplies,6.47,5.00,-9.71
CA-2017-151750,01-01-2017,JM-15250,OFF-BI-10000343,Office Supplies,13.75,14.00,-22.68
CA-2017-151750,01-01-2017,JM-15250,OFF-AP-10004708,Office Supplies,15.22,2.00,-38.82
CA-2015-106187,23-06-2015,RF-19345,FUR-FU-10000794,Furniture,27.42,3.00,9.32
CA-2015-106187,23-06-2015,RF-19345,OFF-BI-10004519,Office Supplies,165.98,1.00,74.69
CA-2015-106187,23-06-2015,RF-19345,TEC-AC-10001590,Technology,75.00,3.00,18.00
US-2016-164945,22-11-2016,CA-12055,OFF-BI-10001524,Office Supplies,134.27,8.00,47.00
CA-2015-150714,26-10-2015,KH-16690,OFF-LA-10001474,Office Supplies,146.54,6.00,47.63
CA-2015-150714,26-10-2015,KH-16690,OFF-PA-10001497,Office Supplies,131.90,3.00,47.82
CA-2015-150714,26-10-2015,KH-16690,OFF-AP-10003287,Office Supplies,203.88,5.00,20.39
CA-2015-150714,26-10-2015,KH-16690,OFF-BI-10002982,Office Supplies,14.30,7.00,-10.49
CA-2015-150714,26-10-2015,KH-16690,OFF-ST-10001809,Office Supplies,718.64,10.00,-161.69
CA-2016-105753,20-10-2016,LC-16960,FUR-FU-10000246,Furniture,61.10,5.00,18.33
CA-2017-120894,28-04-2017,JL-15130,OFF-AP-10000252,Office Supplies,28.08,3.00,5.27
CA-2016-106621,29-09-2016,DM-12955,OFF-AR-10002375,Office Supplies,10.50,4.00,1.18
CA-2015-107020,10-07-2015,MV-18190,OFF-BI-10003719,Office Supplies,39.92,2.00,12.97
US-2015-117492,07-08-2015,NS-18640,OFF-AP-10001492,Office Supplies,77.58,9.00,20.17
CA-2014-101392,07-12-2014,AS-10630,OFF-ST-10000532,Office Supplies,269.36,7.00,70.03
CA-2015-127502,10-12-2015,MT-17815,OFF-LA-10001613,Office Supplies,5.76,2.00,2.82
CA-2017-143658,08-11-2017,SR-20425,OFF-AR-10002818,Office Supplies,109.90,5.00,32.97
CA-2017-133046,27-07-2017,DK-13375,FUR-FU-10001940,Furniture,23.88,3.00,10.51
CA-2017-133046,27-07-2017,DK-13375,OFF-PA-10003883,Office Supplies,26.20,4.00,12.05
CA-2017-133046,27-07-2017,DK-13375,OFF-PA-10002787,Office Supplies,12.96,2.00,6.22
CA-2017-133046,27-07-2017,DK-13375,TEC-AC-10000991,Technology,234.95,5.00,32.89
CA-2017-122798,28-12-2017,SV-20935,OFF-ST-10003058,Office Supplies,118.25,5.00,34.29
CA-2017-122798,28-12-2017,SV-20935,OFF-PA-10004239,Office Supplies,4.28,1.00,1.93
CA-2016-169663,10-03-2016,RH-19510,TEC-AC-10003038,Technology,26.85,3.00,5.10
CA-2016-169663,10-03-2016,RH-19510,TEC-MA-10000984,Technology,3357.60,3.00,377.73
CA-2015-149846,22-05-2015,SB-20185,OFF-LA-10004484,Office Supplies,8.26,2.00,3.80
CA-2015-149846,22-05-2015,SB-20185,TEC-MA-10004002,Technology,2973.32,7.00,334.50
CA-2015-149846,22-05-2015,SB-20185,OFF-ST-10002406,Office Supplies,104.79,7.00,29.34
CA-2015-149846,22-05-2015,SB-20185,TEC-PH-10003645,Technology,775.73,6.00,58.18
CA-2017-159149,17-02-2017,CR-12820,FUR-BO-10001601,Furniture,89.07,1.00,-17.03
CA-2017-159149,17-02-2017,CR-12820,OFF-AR-10000937,Office Supplies,175.44,6.00,52.63
CA-2017-159149,17-02-2017,CR-12820,TEC-PH-10000038,Technology,438.34,4.00,-87.67
US-2017-167570,08-12-2017,EG-13900,FUR-CH-10003396,Furniture,215.54,4.00,-58.50
CA-2017-160122,18-11-2017,RD-19930,OFF-EN-10002592,Office Supplies,55.58,6.00,20.84
CA-2017-160122,18-11-2017,RD-19930,FUR-CH-10000422,Furniture,127.39,2.00,-25.48
CA-2016-130393,01-12-2016,JM-15865,FUR-CH-10002647,Furniture,248.43,5.00,-17.75
CA-2016-130393,01-12-2016,JM-15865,OFF-AP-10004859,Office Supplies,11.65,4.00,-30.87
CA-2016-130393,01-12-2016,JM-15865,FUR-CH-10004477,Furniture,85.25,2.00,-1.22
CA-2017-144820,03-10-2017,LW-16825,OFF-AR-10004817,Office Supplies,20.64,5.00,2.32
CA-2017-101014,29-08-2017,RW-19540,FUR-FU-10003374,Furniture,148.02,3.00,41.45
CA-2017-105543,24-11-2017,BG-11695,OFF-ST-10003123,Office Supplies,33.29,1.00,7.99
US-2017-113201,30-06-2017,TT-21220,OFF-PA-10000675,Office Supplies,204.95,5.00,100.43
US-2017-106551,22-07-2017,EB-13930,FUR-CH-10004997,Furniture,526.34,4.00,-75.19
CA-2016-116722,11-11-2016,LP-17080,FUR-FU-10001934,Furniture,41.96,2.00,10.91
CA-2016-116722,11-11-2016,LP-17080,FUR-CH-10004997,Furniture,451.15,3.00,0.00
CA-2016-116722,11-11-2016,LP-17080,OFF-BI-10001890,Office Supplies,31.50,11.00,11.03
CA-2014-138128,09-12-2014,FP-14320,OFF-EN-10002500,Office Supplies,30.67,3.00,9.59
CA-2014-138128,09-12-2014,FP-14320,TEC-CO-10001766,Technology,1079.98,4.00,126.00
US-2017-150070,07-09-2017,JA-15970,FUR-CH-10004860,Furniture,161.57,2.00,-28.27
CA-2015-137064,06-02-2015,TS-21655,OFF-BI-10002049,Office Supplies,2.93,3.00,-4.99
CA-2015-137064,06-02-2015,TS-21655,TEC-AC-10003499,Technology,18.53,2.00,4.40
CA-2015-137064,06-02-2015,TS-21655,OFF-ST-10003470,Office Supplies,670.75,3.00,-125.77
CA-2017-157350,26-08-2017,DP-13000,FUR-FU-10000222,Furniture,64.96,5.00,-43.85
CA-2014-127866,20-07-2014,JD-15895,TEC-AC-10000023,Technology,41.94,2.00,15.10
CA-2014-127866,20-07-2014,JD-15895,OFF-PA-10003971,Office Supplies,11.96,2.00,5.86
CA-2014-127866,20-07-2014,JD-15895,OFF-AR-10003481,Office Supplies,13.12,4.00,3.80
CA-2014-127866,20-07-2014,JD-15895,OFF-ST-10001490,Office Supplies,535.41,3.00,160.62
CA-2015-131352,08-10-2015,GH-14485,FUR-FU-10003708,Furniture,72.78,3.00,-70.96
CA-2015-121776,16-02-2015,RD-19585,OFF-PA-10001970,Office Supplies,36.84,3.00,17.31
CA-2015-121776,16-02-2015,RD-19585,OFF-LA-10002762,Office Supplies,87.71,7.00,41.22
CA-2016-118073,12-08-2016,CS-12490,FUR-TA-10002533,Furniture,562.29,7.00,-255.59
CA-2014-103219,09-11-2014,BF-11215,FUR-FU-10004091,Furniture,56.52,9.00,21.48
CA-2016-102561,18-07-2016,NK-18490,OFF-AR-10001545,Office Supplies,11.26,8.00,1.27
CA-2016-102561,18-07-2016,NK-18490,OFF-ST-10001476,Office Supplies,284.08,10.00,24.86
CA-2016-102561,18-07-2016,NK-18490,OFF-PA-10004971,Office Supplies,18.50,4.00,6.70
CA-2016-100993,05-02-2016,AZ-10750,OFF-LA-10003223,Office Supplies,14.73,3.00,7.22
CA-2016-100993,05-02-2016,AZ-10750,OFF-ST-10004340,Office Supplies,186.54,3.00,50.37
CA-2016-100993,05-02-2016,AZ-10750,FUR-TA-10001095,Furniture,557.73,4.00,6.97
CA-2016-100993,05-02-2016,AZ-10750,TEC-PH-10001448,Technology,159.97,4.00,-31.99
US-2014-112949,20-06-2014,Co-12640,OFF-AP-10001005,Office Supplies,471.90,6.00,155.73
US-2014-112949,20-06-2014,Co-12640,OFF-AR-10003469,Office Supplies,3.52,2.00,1.69
US-2017-146822,09-06-2017,AG-10675,OFF-PA-10000249,Office Supplies,49.12,4.00,23.09
US-2016-131058,27-12-2016,EM-14140,OFF-LA-10001613,Office Supplies,20.16,7.00,9.88
CA-2014-167997,26-01-2014,CA-11965,OFF-BI-10001758,Office Supplies,10.68,2.00,5.02
CA-2014-167997,26-01-2014,CA-11965,FUR-BO-10004409,Furniture,141.96,2.00,39.75
CA-2017-140151,23-03-2017,RB-19360,OFF-ST-10001558,Office Supplies,32.48,2.00,4.87
CA-2017-140151,23-03-2017,RB-19360,OFF-PA-10002986,Office Supplies,20.04,3.00,9.62
CA-2017-140151,23-03-2017,RB-19360,TEC-CO-10004722,Technology,13999.96,4.00,6719.98
US-2017-143770,20-03-2017,RD-19720,TEC-AC-10002842,Technology,238.00,2.00,38.08
US-2017-143770,20-03-2017,RD-19720,OFF-PA-10001125,Office Supplies,61.96,2.00,27.88
CA-2016-131296,04-10-2016,MS-17830,FUR-TA-10002622,Furniture,239.37,2.00,-23.94
CA-2016-103464,18-11-2016,PG-18820,TEC-AC-10002842,Technology,595.00,5.00,95.20
CA-2017-136238,26-12-2017,KB-16240,OFF-PA-10004285,Office Supplies,16.03,3.00,5.61
CA-2016-120803,09-03-2016,RB-19465,TEC-AC-10004469,Technology,199.75,5.00,87.89
CA-2016-134138,16-02-2016,JD-15790,FUR-CH-10001545,Furniture,227.96,2.00,36.47
CA-2015-120915,28-09-2015,JJ-15445,OFF-AP-10002578,Office Supplies,293.52,6.00,76.32
CA-2015-120915,28-09-2015,JJ-15445,TEC-PH-10003012,Technology,307.98,2.00,89.31
CA-2015-168207,02-11-2015,LT-17110,FUR-FU-10004909,Furniture,96.96,6.00,33.94
CA-2015-168207,02-11-2015,LT-17110,OFF-BI-10001524,Office Supplies,117.49,7.00,41.12
CA-2015-168207,02-11-2015,LT-17110,OFF-BI-10003355,Office Supplies,11.95,3.00,4.18
CA-2015-168207,02-11-2015,LT-17110,FUR-BO-10004357,Furniture,512.50,3.00,-30.15
CA-2016-144148,31-07-2016,AH-10690,FUR-TA-10002774,Furniture,863.13,7.00,-32.37
CA-2017-107174,06-11-2017,AB-10060,FUR-TA-10004575,Furniture,2036.86,7.00,366.63
CA-2017-107174,06-11-2017,AB-10060,FUR-CH-10003312,Furniture,449.57,2.00,-73.05
CA-2017-107174,06-11-2017,AB-10060,TEC-AC-10001465,Technology,108.96,3.00,32.69
CA-2016-146150,14-02-2016,FM-14380,OFF-AR-10002240,Office Supplies,264.18,7.00,68.69
CA-2014-114125,09-07-2014,GH-14410,OFF-LA-10004559,Office Supplies,2.88,1.00,1.41
CA-2014-114125,09-07-2014,GH-14410,OFF-BI-10003291,Office Supplies,41.90,6.00,14.14
CA-2014-114125,09-07-2014,GH-14410,OFF-ST-10001505,Office Supplies,23.92,4.00,4.07
CA-2016-114944,30-01-2016,HE-14800,OFF-PA-10003892,Office Supplies,156.51,4.00,52.82
CA-2016-135965,22-09-2016,SZ-20035,OFF-ST-10002370,Office Supplies,128.34,6.00,37.22
CA-2017-149699,22-12-2017,CM-12115,TEC-AC-10000474,Technology,474.95,5.00,142.49
CA-2016-166429,02-09-2016,TG-21310,TEC-CO-10002095,Technology,999.98,2.00,449.99
CA-2015-112767,02-08-2015,DK-12985,FUR-TA-10003469,Furniture,277.50,4.00,-188.70
CA-2015-119879,21-11-2015,SS-20410,FUR-TA-10002958,Furniture,1252.70,8.00,-480.20
CA-2015-119879,21-11-2015,SS-20410,TEC-PH-10002923,Technology,110.97,5.00,-24.04
CA-2017-155642,18-05-2017,BM-11575,FUR-FU-10004973,Furniture,22.61,3.00,-10.17
CA-2017-155642,18-05-2017,BM-11575,FUR-FU-10001918,Furniture,1.89,1.00,-0.99
US-2017-101721,23-07-2017,MY-17380,OFF-PA-10003641,Office Supplies,63.31,3.00,20.58
CA-2015-136728,13-09-2015,AG-10900,OFF-EN-10002621,Office Supplies,7.82,1.00,2.93
CA-2015-136728,13-09-2015,AG-10900,FUR-CH-10003817,Furniture,170.07,4.00,-12.15
CA-2016-127194,10-12-2016,BW-11110,OFF-PA-10000659,Office Supplies,62.82,9.00,29.53
CA-2015-140375,02-10-2015,SG-20470,OFF-PA-10001870,Office Supplies,19.44,3.00,9.33
CA-2015-140375,02-10-2015,SG-20470,OFF-BI-10000320,Office Supplies,7.38,1.00,3.62
US-2017-155866,17-11-2017,CC-12370,OFF-PA-10004735,Office Supplies,38.88,6.00,18.66
US-2017-155866,17-11-2017,CC-12370,FUR-FU-10004091,Furniture,187.76,4.00,76.98
CA-2015-141327,30-11-2015,LR-16915,OFF-BI-10000546,Office Supplies,6.05,7.00,-4.23
CA-2015-141327,30-11-2015,LR-16915,OFF-AP-10001293,Office Supplies,98.35,3.00,9.84
CA-2015-141327,30-11-2015,LR-16915,FUR-FU-10000576,Furniture,335.74,2.00,25.18
CA-2015-136700,06-12-2015,DB-13120,OFF-PA-10004519,Office Supplies,8.96,2.00,4.39
CA-2017-102736,05-09-2017,LP-17095,TEC-AC-10004568,Technology,89.57,4.00,-1.12
CA-2017-102736,05-09-2017,LP-17095,OFF-AR-10001897,Office Supplies,71.96,5.00,7.20
CA-2017-102736,05-09-2017,LP-17095,OFF-PA-10001800,Office Supplies,15.55,3.00,5.44
CA-2017-125269,24-04-2017,AF-10870,OFF-BI-10001628,Office Supplies,10.43,5.00,-18.25
CA-2017-125269,24-04-2017,AF-10870,OFF-ST-10004123,Office Supplies,72.78,1.00,-18.20
CA-2015-114811,08-11-2015,KD-16495,OFF-ST-10000885,Office Supplies,67.15,5.00,16.79
CA-2015-114811,08-11-2015,KD-16495,TEC-PH-10004165,Technology,549.98,2.00,142.99
CA-2015-114811,08-11-2015,KD-16495,FUR-FU-10002240,Furniture,11.82,3.00,4.73
CA-2015-114811,08-11-2015,KD-16495,TEC-MA-10000045,Technology,4643.80,4.00,2229.02
CA-2015-114811,08-11-2015,KD-16495,FUR-CH-10003746,Furniture,577.76,2.00,115.55
CA-2015-122266,26-04-2015,SA-20830,FUR-TA-10000577,Furniture,191.52,1.00,-76.61
CA-2015-122266,26-04-2015,SA-20830,OFF-AR-10004757,Office Supplies,2.62,1.00,0.43
CA-2015-141565,20-09-2015,BG-11035,OFF-BI-10000545,Office Supplies,1369.76,6.00,-913.18
CA-2015-141565,20-09-2015,BG-11035,OFF-ST-10001522,Office Supplies,294.37,4.00,-58.87
CA-2017-128769,07-09-2017,DM-12955,OFF-AP-10001271,Office Supplies,81.57,2.00,7.14
CA-2016-116337,07-11-2016,MC-17845,FUR-FU-10002030,Furniture,44.46,5.00,-17.78
CA-2016-116337,07-11-2016,MC-17845,OFF-ST-10001272,Office Supplies,314.09,3.00,19.63
CA-2015-120845,25-09-2015,ML-17395,OFF-BI-10001116,Office Supplies,6.34,4.00,-4.65
CA-2015-120845,25-09-2015,ML-17395,OFF-PA-10004665,Office Supplies,10.48,1.00,3.80
CA-2015-120845,25-09-2015,ML-17395,OFF-BI-10004506,Office Supplies,2.47,1.00,-1.81
CA-2015-120845,25-09-2015,ML-17395,OFF-BI-10001982,Office Supplies,3.26,2.00,-2.28
CA-2014-120775,03-10-2014,RD-19930,OFF-FA-10002676,Office Supplies,4.34,3.00,0.87
CA-2014-120775,03-10-2014,RD-19930,FUR-FU-10000758,Furniture,31.78,3.00,-19.07
CA-2014-120775,03-10-2014,RD-19930,OFF-LA-10002271,Office Supplies,4.93,2.00,1.72
CA-2014-120775,03-10-2014,RD-19930,OFF-BI-10002609,Office Supplies,1.79,3.00,-3.04
CA-2014-120775,03-10-2014,RD-19930,OFF-FA-10000254,Office Supplies,15.07,4.00,-3.77
CA-2014-152905,18-02-2014,AB-10015,OFF-ST-10000321,Office Supplies,12.62,2.00,-2.52
CA-2016-104633,12-06-2016,EA-14035,OFF-PA-10000241,Office Supplies,185.88,6.00,83.65
CA-2016-104633,12-06-2016,EA-14035,OFF-PA-10004782,Office Supplies,12.96,2.00,6.22
CA-2017-104136,01-11-2017,SF-20065,OFF-PA-10004243,Office Supplies,189.70,10.00,91.06
CA-2017-104136,01-11-2017,SF-20065,OFF-PA-10001033,Office Supplies,40.99,1.00,20.09
CA-2016-123050,04-04-2016,BC-11125,FUR-FU-10000723,Furniture,82.64,2.00,7.44
CA-2016-123050,04-04-2016,BC-11125,OFF-ST-10003455,Office Supplies,31.02,2.00,8.07
CA-2016-123050,04-04-2016,BC-11125,TEC-AC-10001109,Technology,89.97,3.00,37.79
CA-2016-162355,30-06-2016,PF-19165,OFF-AR-10004344,Office Supplies,35.97,3.00,9.71
CA-2016-162355,30-06-2016,PF-19165,FUR-BO-10004695,Furniture,1266.86,7.00,291.38
CA-2014-158225,22-09-2014,SE-20110,OFF-ST-10000675,Office Supplies,169.45,5.00,42.36
CA-2014-158225,22-09-2014,SE-20110,OFF-ST-10002301,Office Supplies,40.68,2.00,0.41
CA-2017-102204,01-05-2017,CJ-12010,OFF-SU-10001212,Office Supplies,3.33,2.00,0.42
CA-2017-102204,01-05-2017,CJ-12010,FUR-TA-10001889,Furniture,933.26,4.00,-458.15
CA-2017-102204,01-05-2017,CJ-12010,FUR-CH-10002024,Furniture,2803.92,5.00,0.00
CA-2017-103065,20-10-2017,PT-19090,OFF-ST-10000617,Office Supplies,4.77,2.00,-0.77
CA-2017-103065,20-10-2017,PT-19090,OFF-PA-10000380,Office Supplies,6.67,1.00,2.50
CA-2017-103065,20-10-2017,PT-19090,OFF-AR-10003251,Office Supplies,4.45,2.00,1.11
CA-2017-103065,20-10-2017,PT-19090,FUR-FU-10000175,Furniture,43.94,4.00,6.04
CA-2014-109855,01-09-2014,LH-16900,OFF-BI-10004716,Office Supplies,23.74,2.00,8.31
CA-2014-109855,01-09-2014,LH-16900,TEC-AC-10002842,Technology,357.00,3.00,57.12
CA-2014-109897,12-08-2014,BW-11200,TEC-PH-10003691,Technology,806.34,8.00,50.40
CA-2014-109897,12-08-2014,BW-11200,FUR-FU-10002878,Furniture,85.44,3.00,31.61
US-2014-143581,19-08-2014,BS-11365,OFF-ST-10000991,Office Supplies,344.91,3.00,10.35
CA-2015-129217,10-05-2015,DP-13390,OFF-AP-10002439,Office Supplies,70.97,5.00,-191.62
CA-2015-129217,10-05-2015,DP-13390,OFF-AR-10004602,Office Supplies,36.78,2.00,3.68
CA-2016-133816,10-05-2016,CS-12400,TEC-PH-10001795,Technology,743.99,2.00,-124.00
CA-2015-140221,05-03-2015,MS-17365,OFF-BI-10002854,Office Supplies,11.21,2.00,-16.82
CA-2015-140221,05-03-2015,MS-17365,FUR-FU-10000023,Furniture,4.71,2.00,-1.88
CA-2015-140221,05-03-2015,MS-17365,OFF-AP-10000828,Office Supplies,180.98,5.00,-470.55
CA-2015-140221,05-03-2015,MS-17365,OFF-ST-10000777,Office Supplies,60.42,2.00,6.04
CA-2017-152310,12-08-2017,DK-12895,TEC-CO-10000971,Technology,299.99,1.00,90.00
CA-2017-152310,12-08-2017,DK-12895,OFF-PA-10003134,Office Supplies,192.16,4.00,92.24
CA-2017-152310,12-08-2017,DK-12895,TEC-PH-10002538,Technology,242.62,8.00,27.30
CA-2017-152310,12-08-2017,DK-12895,OFF-ST-10001228,Office Supplies,46.74,3.00,11.69
CA-2017-152310,12-08-2017,DK-12895,TEC-AC-10000397,Technology,174.95,5.00,12.25
CA-2017-152310,12-08-2017,DK-12895,OFF-BI-10004308,Office Supplies,100.70,6.00,37.76
CA-2016-118101,26-06-2016,SN-20560,OFF-PA-10000357,Office Supplies,368.91,9.00,180.77
CA-2016-118101,26-06-2016,SN-20560,OFF-BI-10000773,Office Supplies,8.02,1.00,3.77
CA-2016-118101,26-06-2016,SN-20560,OFF-ST-10001837,Office Supplies,171.04,4.00,44.47
CA-2016-100307,15-12-2016,TC-21475,OFF-PA-10002552,Office Supplies,19.44,3.00,9.33
CA-2015-138457,13-09-2015,AM-10705,OFF-BI-10000014,Office Supplies,13.09,4.00,-10.04
CA-2014-131800,30-12-2014,AJ-10960,OFF-AP-10004136,Office Supplies,122.94,3.00,30.74
CA-2014-131800,30-12-2014,AJ-10960,OFF-BI-10003429,Office Supplies,35.45,7.00,12.85
CA-2014-118304,29-04-2014,KH-16360,TEC-PH-10000376,Technology,19.98,2.00,5.19
CA-2017-121790,30-01-2017,LP-17095,FUR-TA-10003469,Furniture,69.38,1.00,-47.18
CA-2017-121790,30-01-2017,LP-17095,OFF-SU-10004231,Office Supplies,31.68,4.00,2.77
CA-2017-121790,30-01-2017,LP-17095,TEC-PH-10002584,Technology,2003.17,4.00,250.40
CA-2017-121790,30-01-2017,LP-17095,OFF-AR-10003602,Office Supplies,9.34,2.00,3.15
CA-2016-169670,25-12-2016,JE-15715,FUR-CH-10002331,Furniture,2563.06,8.00,313.26
CA-2016-139549,20-10-2016,MY-18295,FUR-CH-10001802,Furniture,387.14,4.00,4.84
CA-2015-104059,13-06-2015,FC-14245,OFF-AR-10000634,Office Supplies,3.42,1.00,0.30
CA-2017-164112,30-06-2017,ND-18460,OFF-ST-10002615,Office Supplies,1085.42,7.00,282.21
CA-2015-143882,26-06-2015,DB-13360,OFF-PA-10004040,Office Supplies,43.06,9.00,15.61
US-2016-139262,21-02-2016,LC-16960,OFF-BI-10003727,Office Supplies,3.76,3.00,-2.76
US-2016-139262,21-02-2016,LC-16960,OFF-BI-10002026,Office Supplies,34.86,2.00,-26.73
US-2016-139262,21-02-2016,LC-16960,OFF-ST-10001496,Office Supplies,432.46,3.00,32.43
CA-2017-146192,22-04-2017,BD-11725,OFF-ST-10003716,Office Supplies,675.06,3.00,87.76
CA-2017-134810,09-05-2017,MC-17605,OFF-EN-10002504,Office Supplies,65.23,3.00,22.02
CA-2017-134810,09-05-2017,MC-17605,FUR-CH-10001270,Furniture,207.00,3.00,25.88
CA-2015-154284,21-12-2015,SZ-20035,TEC-MA-10004241,Technology,600.53,2.00,137.26
CA-2015-154284,21-12-2015,SZ-20035,OFF-AR-10001468,Office Supplies,59.90,2.00,14.23
CA-2015-154284,21-12-2015,SZ-20035,TEC-AC-10003198,Technology,637.44,8.00,135.46
CA-2015-154284,21-12-2015,SZ-20035,FUR-FU-10003039,Furniture,51.76,3.00,-33.64
CA-2014-156244,12-08-2014,DH-13675,OFF-PA-10000295,Office Supplies,31.10,6.00,10.89
CA-2014-156244,12-08-2014,DH-13675,OFF-AR-10004344,Office Supplies,47.96,5.00,4.20
CA-2014-156244,12-08-2014,DH-13675,TEC-AC-10002473,Technology,158.93,7.00,41.72
CA-2014-156244,12-08-2014,DH-13675,OFF-AP-10002403,Office Supplies,211.25,6.00,15.84
CA-2014-156244,12-08-2014,DH-13675,OFF-SU-10000432,Office Supplies,5.55,2.00,-1.04
CA-2014-156244,12-08-2014,DH-13675,OFF-LA-10000443,Office Supplies,2.95,1.00,1.00
CA-2015-106362,11-12-2015,LC-16885,OFF-BI-10003166,Office Supplies,10.33,3.00,-7.58
US-2017-168802,03-11-2017,JO-15145,OFF-BI-10002393,Office Supplies,18.37,4.00,5.97
US-2017-146906,13-03-2017,MT-17815,TEC-PH-10001809,Technology,299.90,2.00,74.98
CA-2016-166380,30-05-2016,EB-13750,OFF-EN-10002600,Office Supplies,26.55,9.00,12.74
CA-2016-166380,30-05-2016,EB-13750,TEC-AC-10000109,Technology,111.98,2.00,26.88
US-2015-158911,05-07-2015,RS-19765,FUR-FU-10003829,Furniture,4.93,2.00,0.74
US-2015-158911,05-07-2015,RS-19765,OFF-LA-10003223,Office Supplies,11.78,3.00,4.27
US-2014-103338,11-03-2014,RB-19435,OFF-AR-10001770,Office Supplies,7.98,3.00,2.07
CA-2015-109169,20-04-2015,OT-18730,OFF-EN-10003296,Office Supplies,180.96,2.00,81.43
US-2017-167318,26-07-2017,GZ-14545,TEC-AC-10003870,Technology,1649.95,5.00,659.98
US-2017-167318,26-07-2017,GZ-14545,FUR-CH-10000665,Furniture,362.35,3.00,45.29
US-2014-120313,31-10-2014,NL-18310,TEC-PH-10003092,Technology,73.58,2.00,8.28
CA-2017-135419,03-11-2017,BG-11740,FUR-TA-10001086,Furniture,486.37,4.00,36.48
CA-2016-128671,11-08-2016,MT-18070,OFF-PA-10001870,Office Supplies,32.40,5.00,15.55
CA-2016-128671,11-08-2016,MT-18070,OFF-BI-10003305,Office Supplies,41.86,7.00,19.26
CA-2016-128671,11-08-2016,MT-18070,OFF-BI-10003007,Office Supplies,77.56,2.00,35.68
CA-2016-149335,25-07-2016,BC-11125,OFF-AR-10001419,Office Supplies,37.17,9.00,11.15
CA-2014-168312,01-03-2014,GW-14605,OFF-ST-10003692,Office Supplies,137.35,3.00,8.58
CA-2014-168312,01-03-2014,GW-14605,FUR-TA-10001866,Furniture,376.51,3.00,-43.03
US-2017-105935,26-01-2017,BD-11500,FUR-FU-10002157,Furniture,62.72,4.00,24.46
US-2017-105935,26-01-2017,BD-11500,TEC-PH-10001459,Technology,2939.93,7.00,764.38
CA-2014-161508,12-07-2014,PV-18985,FUR-CH-10002126,Furniture,512.36,3.00,-14.64
CA-2014-161508,12-07-2014,PV-18985,OFF-FA-10001561,Office Supplies,3.49,2.00,0.57
CA-2014-161508,12-07-2014,PV-18985,OFF-AR-10003158,Office Supplies,22.29,7.00,3.90
CA-2014-161508,12-07-2014,PV-18985,OFF-PA-10001804,Office Supplies,16.03,3.00,5.61
CA-2017-130904,11-04-2017,HM-14980,OFF-AR-10000422,Office Supplies,1.75,1.00,0.15
CA-2017-130904,11-04-2017,HM-14980,OFF-AR-10000127,Office Supplies,20.99,8.00,2.36
CA-2017-133620,13-11-2017,EM-14065,OFF-ST-10004634,Office Supplies,11.21,1.00,3.36
CA-2015-142937,05-12-2015,SF-20065,OFF-AR-10003582,Office Supplies,45.04,2.00,4.50
US-2016-149790,26-09-2016,SC-20380,OFF-BI-10002026,Office Supplies,15.62,2.00,-25.00
CA-2016-130778,19-11-2016,ND-18370,OFF-AP-10000595,Office Supplies,8.74,2.00,2.27
CA-2016-130778,19-11-2016,ND-18370,OFF-PA-10001509,Office Supplies,44.75,5.00,20.59
CA-2017-144456,08-09-2017,FC-14245,OFF-ST-10001321,Office Supplies,61.68,5.00,5.40
CA-2017-144456,08-09-2017,FC-14245,TEC-PH-10001750,Technology,158.38,3.00,13.86
CA-2017-103478,21-07-2017,KL-16555,OFF-BI-10001890,Office Supplies,2.86,4.00,-4.58
CA-2017-103478,21-07-2017,KL-16555,OFF-BI-10004224,Office Supplies,94.19,7.00,-164.84
CA-2017-118577,06-10-2017,XP-21865,OFF-PA-10001357,Office Supplies,143.70,3.00,68.98
CA-2017-118577,06-10-2017,XP-21865,OFF-PA-10004888,Office Supplies,6.48,1.00,3.11
CA-2017-113572,07-11-2017,FP-14320,TEC-AC-10002370,Technology,7.88,4.00,2.52
CA-2016-153269,09-03-2016,PS-18760,OFF-ST-10004634,Office Supplies,11.21,1.00,3.36
CA-2016-153269,09-03-2016,PS-18760,FUR-CH-10002647,Furniture,354.90,5.00,88.73
CA-2016-153269,09-03-2016,PS-18760,OFF-PA-10001801,Office Supplies,17.94,3.00,8.79
CA-2016-153269,09-03-2016,PS-18760,OFF-BI-10004632,Office Supplies,51.80,4.00,23.31
CA-2017-161655,13-05-2017,CW-11905,OFF-BI-10002082,Office Supplies,299.52,9.00,149.76
CA-2016-101469,02-07-2016,KH-16360,OFF-AR-10003986,Office Supplies,7.70,2.00,3.16
CA-2014-153087,27-12-2014,TC-20980,OFF-PA-10001243,Office Supplies,23.92,4.00,11.72
CA-2014-153087,27-12-2014,TC-20980,TEC-AC-10003198,Technology,498.00,5.00,184.26
CA-2017-135076,13-04-2017,YS-21880,FUR-CH-10003774,Furniture,436.70,6.00,-38.21
CA-2014-161634,14-11-2014,CC-12220,OFF-PA-10002262,Office Supplies,32.40,5.00,15.55
CA-2017-141481,11-06-2017,ZD-21925,OFF-AP-10004532,Office Supplies,61.44,3.00,16.59
CA-2016-132549,25-11-2016,JK-15370,OFF-ST-10001325,Office Supplies,73.36,7.00,19.81
US-2014-155544,21-03-2014,GM-14440,OFF-LA-10004544,Office Supplies,59.20,5.00,22.20
US-2014-155544,21-03-2014,GM-14440,FUR-FU-10001473,Furniture,32.95,3.00,6.59
US-2014-155544,21-03-2014,GM-14440,FUR-CH-10000422,Furniture,218.38,3.00,-10.92
US-2015-115238,30-04-2015,JW-15220,FUR-FU-10002960,Furniture,31.40,5.00,13.19
US-2015-115238,30-04-2015,JW-15220,FUR-FU-10002445,Furniture,9.48,1.00,3.79
US-2015-115238,30-04-2015,JW-15220,TEC-PH-10001300,Technology,209.50,10.00,58.66
US-2015-115238,30-04-2015,JW-15220,FUR-FU-10001025,Furniture,24.30,5.00,10.45
US-2015-115238,30-04-2015,JW-15220,OFF-PA-10002689,Office Supplies,6.48,1.00,3.11
CA-2017-132199,03-05-2017,BO-11350,FUR-FU-10004245,Furniture,32.45,2.00,7.30
CA-2017-132199,03-05-2017,BO-11350,OFF-BI-10003684,Office Supplies,26.39,4.00,-17.59
CA-2017-132199,03-05-2017,BO-11350,FUR-TA-10003748,Furniture,373.47,5.00,-112.04
CA-2017-132199,03-05-2017,BO-11350,OFF-BI-10002133,Office Supplies,64.20,5.00,-44.94
CA-2017-132199,03-05-2017,BO-11350,OFF-FA-10002280,Office Supplies,8.00,2.00,2.80
CA-2016-163174,26-08-2016,XP-21865,FUR-FU-10000308,Furniture,186.54,3.00,41.04
CA-2014-110555,11-04-2014,MM-18055,OFF-ST-10000876,Office Supplies,87.08,7.00,24.38
CA-2014-110555,11-04-2014,MM-18055,TEC-PH-10000586,Technology,105.58,2.00,9.24
CA-2014-110555,11-04-2014,MM-18055,TEC-AC-10003399,Technology,217.44,6.00,91.32
CA-2017-147207,02-01-2017,TS-21655,OFF-AR-10001955,Office Supplies,31.74,2.00,3.97
CA-2017-147207,02-01-2017,TS-21655,OFF-AP-10000027,Office Supplies,5.43,2.00,-13.58
CA-2017-147207,02-01-2017,TS-21655,FUR-TA-10002958,Furniture,913.43,5.00,-169.64
CA-2017-147207,02-01-2017,TS-21655,OFF-ST-10002615,Office Supplies,372.14,3.00,27.91
CA-2017-137631,28-04-2017,JL-15235,TEC-PH-10002624,Technology,751.98,2.00,84.60
CA-2017-157273,30-01-2017,SZ-20035,TEC-PH-10002275,Technology,604.77,4.00,60.48
CA-2014-109918,07-09-2014,LR-17035,OFF-SU-10004290,Office Supplies,27.36,4.00,7.39
CA-2014-109918,07-09-2014,LR-17035,OFF-PA-10000174,Office Supplies,20.56,2.00,9.66
CA-2014-109918,07-09-2014,LR-17035,OFF-BI-10004308,Office Supplies,83.92,5.00,31.47
CA-2016-118745,11-06-2016,SV-20365,FUR-TA-10003473,Furniture,902.71,3.00,33.85
CA-2016-163972,17-10-2016,MG-17890,FUR-BO-10003894,Furniture,120.67,2.00,21.29
CA-2014-165393,27-12-2014,NC-18415,OFF-BI-10001658,Office Supplies,4.98,1.00,-8.47
CA-2016-113726,24-11-2016,SC-20680,FUR-FU-10003535,Furniture,82.26,3.00,33.73
CA-2016-152940,10-11-2016,RO-19780,OFF-ST-10000352,Office Supplies,29.74,1.00,4.46
CA-2015-158701,05-01-2015,JL-15175,OFF-AP-10004859,Office Supplies,87.36,6.00,23.59
CA-2015-158701,05-01-2015,JL-15175,OFF-BI-10001294,Office Supplies,56.16,6.00,17.55
CA-2017-156272,21-03-2017,PW-19030,OFF-AP-10001242,Office Supplies,64.38,1.00,8.05
CA-2015-162964,12-11-2015,MF-18250,OFF-ST-10002344,Office Supplies,64.78,1.00,-14.58
CA-2015-162964,12-11-2015,MF-18250,OFF-PA-10003349,Office Supplies,15.55,3.00,5.64
CA-2015-162964,12-11-2015,MF-18250,OFF-EN-10003055,Office Supplies,223.89,7.00,69.97
CA-2014-103527,09-09-2014,CC-12220,OFF-PA-10001622,Office Supplies,10.90,3.00,3.41
CA-2016-134544,17-03-2016,AC-10660,TEC-PH-10003800,Technology,84.78,2.00,-20.14
CA-2016-163048,08-02-2016,MH-17440,FUR-CH-10001270,Furniture,241.50,4.00,0.00
CA-2016-145135,26-11-2016,CD-12790,TEC-AC-10003447,Technology,59.97,3.00,14.99
CA-2016-145135,26-11-2016,CD-12790,OFF-PA-10004285,Office Supplies,13.36,2.00,6.41
CA-2017-137582,04-09-2017,CV-12805,OFF-BI-10001757,Office Supplies,11.81,3.00,4.13
CA-2015-149601,28-05-2015,TB-21625,OFF-ST-10001558,Office Supplies,16.24,1.00,2.44
CA-2015-149601,28-05-2015,TB-21625,OFF-ST-10001328,Office Supplies,77.55,5.00,21.71
CA-2014-139423,01-11-2014,DG-13300,OFF-AP-10004708,Office Supplies,76.12,2.00,22.07
CA-2016-102596,27-12-2016,RD-19810,OFF-FA-10000621,Office Supplies,17.18,6.00,6.23
CA-2017-153227,04-12-2017,CS-12250,OFF-PA-10001838,Office Supplies,11.76,2.00,5.76
CA-2017-110625,23-12-2017,JB-16045,FUR-FU-10001473,Furniture,27.46,2.00,9.89
CA-2016-142594,01-12-2016,EJ-14155,TEC-PH-10000193,Technology,137.94,3.00,35.86
CA-2016-142594,01-12-2016,EJ-14155,FUR-FU-10002045,Furniture,111.15,5.00,48.91
CA-2016-142594,01-12-2016,EJ-14155,OFF-AP-10002945,Office Supplies,901.95,3.00,297.64
CA-2016-142594,01-12-2016,EJ-14155,FUR-TA-10001095,Furniture,366.01,3.00,-47.06
CA-2014-152254,30-06-2014,BD-11620,OFF-PA-10001144,Office Supplies,310.69,7.00,108.74
US-2014-120236,03-09-2014,MR-17545,OFF-BI-10004099,Office Supplies,7.68,5.00,-11.52
CA-2017-120061,02-11-2017,SR-20425,FUR-CH-10001973,Furniture,155.37,2.00,-35.51
CA-2015-133837,13-04-2015,TH-21100,OFF-ST-10000344,Office Supplies,10.74,1.00,0.81
CA-2015-110814,05-12-2015,BD-11635,OFF-BI-10002026,Office Supplies,232.40,5.00,78.44
CA-2015-110814,05-12-2015,BD-11635,FUR-CH-10003535,Furniture,164.65,3.00,12.81
CA-2015-110814,05-12-2015,BD-11635,OFF-PA-10004156,Office Supplies,22.68,2.00,11.11
CA-2016-154067,01-02-2016,SM-20950,OFF-PA-10002254,Office Supplies,105.52,4.00,48.54
CA-2017-140480,08-07-2017,HE-14800,FUR-FU-10003247,Furniture,83.92,4.00,5.87
CA-2017-140480,08-07-2017,HE-14800,TEC-AC-10002473,Technology,141.90,5.00,58.18
CA-2017-140480,08-07-2017,HE-14800,FUR-FU-10001057,Furniture,39.98,2.00,9.20
CA-2017-140480,08-07-2017,HE-14800,OFF-AR-10001419,Office Supplies,28.91,7.00,8.67
CA-2017-140480,08-07-2017,HE-14800,OFF-AR-10004010,Office Supplies,174.95,5.00,45.49
CA-2015-134082,11-12-2015,JK-15640,OFF-BI-10004230,Office Supplies,110.53,4.00,38.68
CA-2016-130820,15-11-2016,ON-18715,FUR-TA-10001768,Furniture,630.02,4.00,-199.51
CA-2016-159765,09-05-2016,TH-21100,OFF-AR-10003514,Office Supplies,27.86,7.00,9.19
CA-2017-132290,10-03-2017,MD-17350,FUR-TA-10002228,Furniture,933.41,4.00,-173.35
CA-2016-147109,17-12-2016,AH-10075,OFF-PA-10001972,Office Supplies,51.84,10.00,18.14
CA-2016-147109,17-12-2016,AH-10075,TEC-AC-10002942,Technology,165.60,3.00,-6.21
CA-2017-107265,06-04-2017,ML-17755,OFF-PA-10000474,Office Supplies,106.32,3.00,49.97
CA-2017-118199,09-05-2017,LB-16795,OFF-BI-10004330,Office Supplies,147.92,5.00,46.23
CA-2017-118199,09-05-2017,LB-16795,OFF-ST-10000604,Office Supplies,104.28,3.00,26.07
CA-2017-118199,09-05-2017,LB-16795,FUR-TA-10004154,Furniture,286.85,1.00,63.11
CA-2017-118199,09-05-2017,LB-16795,OFF-ST-10000636,Office Supplies,66.96,4.00,2.68
CA-2017-118199,09-05-2017,LB-16795,TEC-AC-10004171,Technology,199.98,2.00,87.99
CA-2017-150091,12-10-2017,NP-18670,TEC-AC-10002167,Technology,45.00,3.00,4.95
CA-2017-150091,12-10-2017,NP-18670,OFF-FA-10000621,Office Supplies,17.90,5.00,8.77
CA-2017-150091,12-10-2017,NP-18670,FUR-FU-10004053,Furniture,40.48,2.00,17.41
CA-2017-150091,12-10-2017,NP-18670,FUR-BO-10003404,Furniture,2154.90,5.00,129.29
CA-2016-137652,28-08-2016,EB-13750,OFF-BI-10004099,Office Supplies,18.43,8.00,-12.29
CA-2015-128356,02-10-2015,RP-19390,OFF-SU-10004290,Office Supplies,10.94,2.00,0.96
CA-2017-167017,23-11-2017,DC-12850,OFF-SU-10001935,Office Supplies,4.36,2.00,0.17
US-2017-132220,12-11-2017,DJ-13510,TEC-AC-10004227,Technology,62.35,6.00,-10.91
CA-2016-118129,19-12-2016,CL-12565,FUR-FU-10004904,Furniture,303.92,5.00,-30.39
US-2014-113124,30-03-2014,NC-18340,OFF-ST-10001511,Office Supplies,129.30,2.00,6.47
CA-2017-155621,08-11-2017,KN-16450,FUR-FU-10003535,Furniture,274.20,10.00,112.42
US-2014-127635,14-09-2014,SC-20260,OFF-FA-10000053,Office Supplies,6.05,4.00,-1.36
US-2014-127635,14-09-2014,SC-20260,OFF-PA-10004610,Office Supplies,6.85,2.00,2.14
US-2014-127635,14-09-2014,SC-20260,FUR-FU-10000550,Furniture,9.96,5.00,-6.72
US-2014-127635,14-09-2014,SC-20260,OFF-BI-10001721,Office Supplies,8.55,2.00,-13.68
CA-2015-151470,20-09-2015,AM-10705,OFF-BI-10004040,Office Supplies,45.58,11.00,16.52
CA-2015-112823,10-12-2015,RA-19945,TEC-AC-10002550,Technology,25.49,2.00,4.46
CA-2014-108861,28-05-2014,MM-17260,OFF-BI-10003876,Office Supplies,136.96,4.00,51.36
CA-2017-114370,14-03-2017,BN-11470,TEC-PH-10000213,Technology,49.62,2.00,4.96
CA-2016-158302,08-12-2016,JB-16045,OFF-PA-10002615,Office Supplies,10.58,3.00,3.44
CA-2017-145779,06-05-2017,DB-13615,OFF-PA-10002254,Office Supplies,84.42,4.00,27.44
US-2016-155173,06-03-2016,JB-16045,TEC-PH-10004586,Technology,431.94,2.00,-71.99
US-2016-155173,06-03-2016,JB-16045,OFF-BI-10002982,Office Supplies,2.04,1.00,-1.50
US-2016-155173,06-03-2016,JB-16045,TEC-PH-10002538,Technology,68.24,3.00,-12.51
CA-2017-125451,23-10-2017,AH-10075,FUR-TA-10001039,Furniture,240.74,4.00,-13.76
CA-2017-125451,23-10-2017,AH-10075,FUR-FU-10004963,Furniture,35.00,4.00,14.70
CA-2017-125451,23-10-2017,AH-10075,FUR-FU-10000277,Furniture,210.68,2.00,50.56
CA-2017-125451,23-10-2017,AH-10075,FUR-TA-10004915,Furniture,637.90,3.00,-127.58
CA-2017-125451,23-10-2017,AH-10075,OFF-PA-10003724,Office Supplies,43.44,8.00,21.29
CA-2017-125451,23-10-2017,AH-10075,OFF-AP-10002906,Office Supplies,2.22,1.00,0.67
CA-2014-131387,28-04-2014,AI-10855,TEC-PH-10001459,Technology,1679.96,5.00,126.00
CA-2016-125087,18-04-2016,TH-21115,FUR-CH-10002880,Furniture,344.37,4.00,-93.47
CA-2016-125087,18-04-2016,TH-21115,OFF-ST-10001780,Office Supplies,1554.94,3.00,77.75
CA-2016-125087,18-04-2016,TH-21115,FUR-FU-10004748,Furniture,127.88,5.00,-67.14
CA-2016-154081,22-05-2016,JE-15610,TEC-PH-10001918,Technology,222.38,2.00,22.24
US-2017-118556,28-05-2017,TH-21235,FUR-CH-10001146,Furniture,106.87,3.00,-29.01
US-2017-118556,28-05-2017,TH-21235,OFF-BI-10004364,Office Supplies,3.56,3.00,-6.24
CA-2014-126200,25-08-2014,JE-15715,OFF-BI-10002133,Office Supplies,25.68,3.00,-39.80
CA-2014-126200,25-08-2014,JE-15715,OFF-BI-10002225,Office Supplies,12.38,3.00,-19.81
CA-2014-146500,30-08-2014,AT-10735,OFF-BI-10002432,Office Supplies,25.30,5.00,11.89
CA-2014-146500,30-08-2014,AT-10735,OFF-ST-10000563,Office Supplies,95.94,3.00,9.59
CA-2015-169537,03-09-2015,JH-15820,OFF-LA-10001982,Office Supplies,7.50,2.00,3.60
CA-2014-100881,28-03-2014,DR-12940,TEC-PH-10003273,Technology,302.38,3.00,22.68
CA-2015-144043,10-05-2015,AB-10165,TEC-AC-10002718,Technology,46.69,4.00,-2.92
CA-2015-116512,09-04-2015,MC-18100,OFF-ST-10001505,Office Supplies,17.94,3.00,3.05
CA-2015-101000,09-04-2015,IG-15085,OFF-AP-10000179,Office Supplies,370.14,3.00,144.35
CA-2016-168557,19-09-2016,FH-14275,OFF-BI-10002309,Office Supplies,8.93,2.00,3.12
US-2016-164196,11-11-2016,AS-10285,FUR-TA-10001950,Furniture,2678.94,6.00,241.10
US-2017-132031,23-04-2017,PN-18775,FUR-BO-10001972,Furniture,387.14,4.00,-14.52
US-2017-132031,23-04-2017,PN-18775,TEC-AC-10002473,Technology,45.41,2.00,11.92
US-2017-132031,23-04-2017,PN-18775,FUR-FU-10000193,Furniture,77.95,3.00,-11.69
US-2017-132031,23-04-2017,PN-18775,OFF-LA-10000081,Office Supplies,3.00,1.00,1.05
CA-2015-169733,22-10-2015,GM-14500,OFF-ST-10000876,Office Supplies,9.95,1.00,1.00
CA-2017-169404,09-04-2017,NC-18625,OFF-BI-10004492,Office Supplies,37.90,4.00,-29.05
CA-2017-169404,09-04-2017,NC-18625,OFF-PA-10001033,Office Supplies,65.58,2.00,23.77
CA-2017-134880,27-10-2017,TW-21025,OFF-PA-10004039,Office Supplies,44.78,1.00,16.23
CA-2015-145758,30-10-2015,BF-11020,TEC-MA-10004552,Technology,1035.80,4.00,269.31
CA-2017-158736,18-12-2017,TT-21460,OFF-AR-10002578,Office Supplies,5.76,2.00,1.67
US-2016-119270,12-03-2016,SW-20245,OFF-PA-10004022,Office Supplies,19.98,2.00,8.99
CA-2014-109890,21-07-2014,PG-18820,TEC-PH-10004100,Technology,35.98,2.00,10.07
CA-2016-138583,24-05-2016,DP-13390,OFF-AR-10001860,Office Supplies,16.66,3.00,3.33
US-2017-118535,11-02-2017,DJ-13510,OFF-LA-10001297,Office Supplies,20.70,2.00,9.94
CA-2016-126284,20-09-2016,EN-13780,OFF-BI-10004828,Office Supplies,83.70,5.00,41.01
CA-2017-142391,24-09-2017,PB-19150,FUR-FU-10002759,Furniture,199.80,10.00,71.93
CA-2017-124716,27-03-2017,BD-11560,OFF-PA-10000740,Office Supplies,45.68,2.00,21.01
CA-2017-124716,27-03-2017,BD-11560,OFF-PA-10001144,Office Supplies,110.96,2.00,53.26
CA-2017-124716,27-03-2017,BD-11560,OFF-PA-10000859,Office Supplies,11.94,3.00,5.97
CA-2016-158841,02-02-2016,SE-20110,TEC-MA-10001127,Technology,8749.95,5.00,2799.98
CA-2016-158841,02-02-2016,SE-20110,OFF-BI-10002557,Office Supplies,36.40,8.00,18.20
CA-2016-158841,02-02-2016,SE-20110,FUR-FU-10001731,Furniture,18.69,7.00,7.10
CA-2017-106824,07-07-2017,AT-10735,OFF-FA-10001135,Office Supplies,5.94,3.00,0.12
CA-2015-109190,23-10-2015,CC-12685,OFF-PA-10000069,Office Supplies,60.74,8.00,20.50
CA-2015-109190,23-10-2015,CC-12685,TEC-CO-10001943,Technology,479.98,3.00,161.99
CA-2015-109190,23-10-2015,CC-12685,OFF-BI-10000977,Office Supplies,6.08,1.00,-10.34
CA-2016-143154,02-12-2016,AS-10225,TEC-AC-10002942,Technology,165.60,3.00,-6.21
CA-2014-169061,05-03-2014,AB-10150,OFF-AR-10000588,Office Supplies,59.52,3.00,15.48
CA-2014-169061,05-03-2014,AB-10150,TEC-AC-10002001,Technology,479.97,3.00,177.59
CA-2014-169061,05-03-2014,AB-10150,OFF-SU-10000381,Office Supplies,18.62,2.00,5.40
CA-2014-169061,05-03-2014,AB-10150,OFF-BI-10001617,Office Supplies,49.63,6.00,16.75
CA-2014-169061,05-03-2014,AB-10150,OFF-PA-10001878,Office Supplies,97.82,2.00,45.98
CA-2015-102316,01-03-2015,DH-13075,TEC-PH-10000376,Technology,15.98,2.00,1.20
CA-2015-102316,01-03-2015,DH-13075,FUR-CH-10003396,Furniture,184.75,3.00,-20.78
CA-2014-164903,20-02-2014,SR-20740,OFF-PA-10003363,Office Supplies,12.96,2.00,6.22
CA-2016-109400,02-05-2016,NR-18550,FUR-CH-10003298,Furniture,366.74,4.00,-110.02
CA-2016-130400,08-03-2016,SJ-20125,OFF-BI-10001757,Office Supplies,8.86,9.00,-14.17
CA-2016-130400,08-03-2016,SJ-20125,TEC-AC-10004633,Technology,27.96,5.00,8.39
CA-2016-130400,08-03-2016,SJ-20125,OFF-EN-10001453,Office Supplies,146.35,3.00,49.39
CA-2015-135853,11-12-2015,CA-12775,TEC-AC-10004761,Technology,175.23,11.00,61.33
CA-2015-135853,11-12-2015,CA-12775,TEC-PH-10003691,Technology,125.99,1.00,31.50
CA-2015-135853,11-12-2015,CA-12775,OFF-BI-10004965,Office Supplies,23.00,2.00,10.35
CA-2016-103359,22-12-2016,LC-16885,OFF-BI-10004233,Office Supplies,25.58,2.00,8.95
CA-2016-144645,02-02-2016,NS-18640,FUR-FU-10003601,Furniture,73.78,2.00,-77.47
CA-2017-141614,05-06-2017,NS-18640,OFF-PA-10002787,Office Supplies,20.74,4.00,7.26
CA-2015-122168,21-08-2015,HG-14965,OFF-AR-10003602,Office Supplies,17.52,3.00,8.23
CA-2015-122168,21-08-2015,HG-14965,OFF-AR-10002053,Office Supplies,35.76,12.00,10.01
CA-2016-132899,07-04-2016,SF-20200,OFF-AR-10002833,Office Supplies,3.64,2.00,0.98
CA-2017-149720,04-06-2017,EM-14065,FUR-FU-10002501,Furniture,30.34,6.00,-17.44
CA-2017-118003,04-12-2017,DO-13645,FUR-FU-10002506,Furniture,12.99,1.00,1.56
CA-2017-118003,04-12-2017,DO-13645,FUR-CH-10003817,Furniture,182.22,3.00,45.56
CA-2017-118003,04-12-2017,DO-13645,FUR-CH-10004860,Furniture,302.94,3.00,18.18
CA-2016-141887,11-01-2016,MP-17470,FUR-FU-10002268,Furniture,54.99,14.00,8.94
US-2016-160206,01-04-2016,MY-18295,TEC-PH-10000148,Technology,12.99,1.00,0.26
CA-2017-133074,21-09-2017,DB-13615,OFF-PA-10004082,Office Supplies,55.86,7.00,27.93
CA-2017-161172,16-03-2017,SP-20920,TEC-PH-10004348,Technology,44.38,2.00,-7.40
CA-2017-161172,16-03-2017,SP-20920,FUR-FU-10003424,Furniture,51.26,6.00,7.69
CA-2017-161172,16-03-2017,SP-20920,OFF-BI-10004654,Office Supplies,5.19,3.00,-3.46
CA-2017-161172,16-03-2017,SP-20920,TEC-AC-10004571,Technology,159.98,2.00,44.00
CA-2017-161172,16-03-2017,SP-20920,OFF-ST-10000675,Office Supplies,54.22,2.00,3.39
CA-2017-137624,10-11-2017,ME-17320,FUR-CH-10001714,Furniture,241.42,2.00,-36.21
CA-2016-156748,30-11-2016,BS-11755,OFF-PA-10000380,Office Supplies,33.36,4.00,16.68
CA-2016-156748,30-11-2016,BS-11755,OFF-PA-10002713,Office Supplies,13.76,2.00,6.33
CA-2016-156748,30-11-2016,BS-11755,OFF-ST-10001370,Office Supplies,496.86,7.00,24.84
CA-2016-156748,30-11-2016,BS-11755,FUR-CH-10000513,Furniture,389.97,3.00,35.10
CA-2015-169677,13-01-2015,KS-16300,OFF-LA-10003223,Office Supplies,9.82,2.00,4.81
US-2014-163146,16-05-2014,CC-12475,TEC-AC-10002217,Technology,56.40,3.00,3.38
CA-2015-157343,07-06-2015,HD-14785,OFF-BI-10003707,Office Supplies,18.31,4.00,-12.21
CA-2015-157343,07-06-2015,HD-14785,OFF-PA-10000552,Office Supplies,25.92,5.00,9.07
CA-2015-157343,07-06-2015,HD-14785,OFF-AR-10003183,Office Supplies,8.02,3.00,1.00
CA-2017-147354,09-03-2017,KB-16315,TEC-CO-10000971,Technology,479.98,2.00,60.00
CA-2017-147354,09-03-2017,KB-16315,OFF-BI-10003910,Office Supplies,30.84,5.00,9.64
CA-2015-157287,22-12-2015,HR-14830,OFF-ST-10001172,Office Supplies,33.57,2.00,1.68
CA-2015-157287,22-12-2015,HR-14830,FUR-CH-10001270,Furniture,422.63,7.00,0.00
CA-2014-137575,06-08-2014,TB-21625,TEC-AC-10004571,Technology,199.98,2.00,83.99
CA-2016-119074,27-03-2016,DS-13180,FUR-FU-10004053,Furniture,20.24,1.00,8.70
CA-2016-119074,27-03-2016,DS-13180,FUR-FU-10003731,Furniture,39.92,4.00,11.18
CA-2016-119074,27-03-2016,DS-13180,OFF-BI-10000962,Office Supplies,32.54,2.00,15.94
CA-2015-149566,05-12-2015,GB-14530,TEC-AC-10001266,Technology,39.00,3.00,17.55
CA-2015-149566,05-12-2015,GB-14530,OFF-LA-10000452,Office Supplies,12.60,4.00,6.05
CA-2015-126186,11-09-2015,GB-14530,FUR-FU-10000073,Furniture,24.64,4.00,4.00
CA-2015-121132,17-07-2015,VB-21745,OFF-LA-10002368,Office Supplies,6.26,3.00,2.04
CA-2015-121132,17-07-2015,VB-21745,OFF-FA-10004248,Office Supplies,14.43,4.00,3.43
CA-2014-140473,30-05-2014,MC-17425,TEC-CO-10004202,Technology,719.98,3.00,135.00
US-2017-102904,13-11-2017,CB-12025,TEC-AC-10000927,Technology,239.92,8.00,23.99
CA-2016-102092,09-12-2016,PM-18940,FUR-TA-10002530,Furniture,1056.86,7.00,158.53
CA-2015-117884,22-03-2015,DC-13285,TEC-AC-10002567,Technology,447.94,7.00,89.59
CA-2015-117884,22-03-2015,DC-13285,OFF-ST-10002182,Office Supplies,150.41,9.00,-33.84
CA-2016-132829,23-12-2016,LA-16780,TEC-PH-10004539,Technology,453.58,3.00,39.69
CA-2016-132829,23-12-2016,LA-16780,OFF-LA-10002945,Office Supplies,45.36,9.00,14.74
CA-2016-132829,23-12-2016,LA-16780,TEC-PH-10004345,Technology,287.88,3.00,35.99
CA-2016-132829,23-12-2016,LA-16780,TEC-PH-10004912,Technology,131.88,3.00,14.84
CA-2016-132829,23-12-2016,LA-16780,FUR-FU-10000206,Furniture,2.33,2.00,-0.76
CA-2016-123540,02-04-2016,DJ-13420,FUR-CH-10000847,Furniture,1454.90,5.00,378.27
US-2017-108315,30-04-2017,MH-18115,OFF-BI-10000822,Office Supplies,4.84,3.00,-3.55
US-2017-108315,30-04-2017,MH-18115,FUR-FU-10000747,Furniture,220.70,6.00,-8.28
CA-2016-134110,17-11-2016,BG-11035,TEC-PH-10002350,Technology,67.18,3.00,6.72
CA-2016-134110,17-11-2016,BG-11035,OFF-PA-10000697,Office Supplies,15.23,4.00,5.52
US-2016-136581,10-11-2016,SV-20365,OFF-PA-10002787,Office Supplies,31.10,6.00,10.89
CA-2016-162390,06-12-2016,DP-13105,OFF-BI-10004318,Office Supplies,968.74,7.00,314.84
CA-2016-162390,06-12-2016,DP-13105,OFF-BI-10001721,Office Supplies,222.35,13.00,77.82
CA-2016-162390,06-12-2016,DP-13105,TEC-CO-10004202,Technology,479.98,2.00,90.00
CA-2016-162222,03-04-2016,SR-20740,OFF-PA-10003893,Office Supplies,10.27,3.00,3.21
CA-2014-121629,28-11-2014,BT-11680,TEC-MA-10004679,Technology,998.85,5.00,-199.77
CA-2015-164623,20-10-2015,MS-17770,OFF-PA-10000249,Office Supplies,24.56,2.00,11.54
CA-2014-159849,19-09-2014,JK-15640,OFF-FA-10000053,Office Supplies,5.67,3.00,0.11
CA-2017-101273,27-08-2017,ST-20530,OFF-AP-10000804,Office Supplies,14.34,4.00,0.90
CA-2017-106747,03-07-2017,TS-21505,FUR-FU-10004188,Furniture,102.30,1.00,26.60
CA-2017-146164,22-12-2017,CM-12190,FUR-TA-10004915,Furniture,607.52,2.00,97.20
CA-2017-146164,22-12-2017,CM-12190,OFF-ST-10001228,Office Supplies,31.16,2.00,7.79
CA-2016-111605,27-12-2016,JW-15955,OFF-LA-10002368,Office Supplies,2.61,1.00,1.20
CA-2014-130673,20-05-2014,MC-17590,FUR-FU-10003489,Furniture,10.33,3.00,-5.94
CA-2014-130673,20-05-2014,MC-17590,OFF-PA-10000289,Office Supplies,10.37,2.00,3.63
CA-2014-130673,20-05-2014,MC-17590,TEC-AC-10004227,Technology,20.78,2.00,-3.64
CA-2014-130673,20-05-2014,MC-17590,OFF-ST-10000636,Office Supplies,66.96,5.00,-13.39
CA-2014-104808,04-02-2014,MH-17440,OFF-BI-10003676,Office Supplies,17.25,2.00,6.04
US-2017-132927,09-12-2017,RD-19720,OFF-BI-10001116,Office Supplies,11.09,7.00,-8.13
CA-2017-162015,11-07-2017,KB-16240,TEC-AC-10003832,Technology,1287.45,5.00,244.62
CA-2017-162015,11-07-2017,KB-16240,OFF-AP-10003040,Office Supplies,168.10,5.00,43.71
CA-2015-138492,15-05-2015,FC-14335,OFF-ST-10002583,Office Supplies,51.97,2.00,-10.39
CA-2017-145338,29-01-2017,BD-11770,OFF-AR-10002053,Office Supplies,4.77,2.00,0.48
CA-2017-126676,29-09-2017,FH-14365,OFF-EN-10004846,Office Supplies,7.98,3.00,3.91
CA-2017-101700,23-04-2017,SO-20335,OFF-EN-10003134,Office Supplies,18.69,2.00,7.01
CA-2017-101700,23-04-2017,SO-20335,FUR-FU-10001025,Furniture,11.66,3.00,3.35
CA-2017-159667,09-11-2017,PM-19135,TEC-AC-10002567,Technology,191.98,3.00,38.40
CA-2017-159667,09-11-2017,PM-19135,TEC-PH-10004094,Technology,499.17,4.00,31.20
CA-2014-111934,05-05-2014,GD-14590,OFF-BI-10004364,Office Supplies,11.88,2.00,5.35
CA-2014-111934,05-05-2014,GD-14590,OFF-PA-10000474,Office Supplies,35.44,1.00,16.66
US-2016-117387,27-10-2016,PA-19060,OFF-BI-10004308,Office Supplies,67.14,4.00,25.18
CA-2014-141110,26-11-2014,LS-17200,OFF-BI-10002012,Office Supplies,4.32,3.00,1.51
CA-2014-141110,26-11-2014,LS-17200,OFF-PA-10002586,Office Supplies,14.94,3.00,7.02
CA-2014-141110,26-11-2014,LS-17200,OFF-AP-10000692,Office Supplies,40.54,2.00,11.35
CA-2014-141110,26-11-2014,LS-17200,OFF-BI-10001553,Office Supplies,7.31,1.00,2.56
US-2014-133949,31-12-2014,JL-15175,TEC-PH-10004908,Technology,475.94,7.00,59.49
US-2016-116365,03-01-2016,CA-12310,TEC-AC-10002217,Technology,30.08,2.00,-5.26
US-2016-116365,03-01-2016,CA-12310,TEC-AC-10002942,Technology,165.60,3.00,-6.21
US-2016-116365,03-01-2016,CA-12310,TEC-PH-10002890,Technology,180.96,5.00,13.57
CA-2017-162936,18-08-2017,CM-12160,TEC-AC-10003614,Technology,23.18,2.00,7.65
CA-2014-151946,04-06-2014,BT-11440,FUR-FU-10002878,Furniture,56.96,2.00,21.08
CA-2014-151946,04-06-2014,BT-11440,OFF-AP-10001626,Office Supplies,15.56,4.00,4.05
CA-2014-151946,04-06-2014,BT-11440,FUR-BO-10003272,Furniture,353.57,2.00,-44.20
CA-2014-151946,04-06-2014,BT-11440,FUR-FU-10002191,Furniture,13.96,2.00,6.70
CA-2017-123624,13-11-2017,SE-20110,TEC-AC-10000682,Technology,82.95,5.00,29.03
CA-2016-146437,28-01-2016,HG-14965,OFF-AR-10000588,Office Supplies,39.68,2.00,10.32
CA-2016-138233,09-11-2016,PF-19165,TEC-AC-10002001,Technology,479.97,3.00,177.59
CA-2016-165918,10-09-2016,BD-11770,OFF-LA-10003720,Office Supplies,7.38,2.00,3.47
CA-2016-165918,10-09-2016,BD-11770,OFF-BI-10004364,Office Supplies,14.26,3.00,4.46
CA-2016-165918,10-09-2016,BD-11770,OFF-PA-10000100,Office Supplies,81.98,2.00,40.17
CA-2016-165918,10-09-2016,BD-11770,OFF-BI-10004826,Office Supplies,39.62,3.00,13.87
CA-2017-117513,03-03-2017,BT-11395,FUR-TA-10001520,Furniture,399.67,7.00,-14.99
CA-2017-132437,08-09-2017,EM-14095,OFF-ST-10001031,Office Supplies,65.12,4.00,16.93
US-2017-119319,06-11-2017,LC-17050,FUR-FU-10003878,Furniture,30.56,5.00,-19.86
CA-2017-104318,13-05-2017,FH-14275,OFF-AP-10000358,Office Supplies,20.77,2.00,2.34
US-2016-114230,27-11-2016,CM-12235,OFF-ST-10000876,Office Supplies,39.81,4.00,3.98
CA-2015-136147,13-11-2015,FM-14380,OFF-BI-10004224,Office Supplies,121.10,6.00,-100.92
CA-2015-136147,13-11-2015,FM-14380,TEC-AC-10004568,Technology,111.96,5.00,-1.40
CA-2015-156118,08-12-2015,HG-14965,OFF-PA-10000533,Office Supplies,15.70,3.00,5.10
CA-2015-164084,07-09-2015,AG-10525,OFF-ST-10003638,Office Supplies,70.26,3.00,18.97
CA-2015-164084,07-09-2015,AG-10525,TEC-AC-10002305,Technology,90.00,5.00,16.20
CA-2015-164084,07-09-2015,AG-10525,OFF-BI-10000605,Office Supplies,6.10,2.00,2.06
CA-2015-164084,07-09-2015,AG-10525,FUR-TA-10003569,Furniture,481.18,2.00,-120.29
CA-2015-164084,07-09-2015,AG-10525,OFF-FA-10003059,Office Supplies,7.24,4.00,2.39
CA-2016-107783,28-07-2016,OT-18730,FUR-BO-10004409,Furniture,177.45,5.00,-78.08
CA-2016-107783,28-07-2016,OT-18730,OFF-BI-10000545,Office Supplies,1369.76,6.00,-913.18
CA-2016-107783,28-07-2016,OT-18730,OFF-AP-10004052,Office Supplies,9.48,3.00,0.71
CA-2017-159793,25-08-2017,SV-20365,FUR-BO-10001798,Furniture,130.98,2.00,-89.07
CA-2014-160094,30-04-2014,JM-16195,OFF-AR-10004010,Office Supplies,174.95,5.00,45.49
CA-2014-160094,30-04-2014,JM-16195,OFF-ST-10000585,Office Supplies,826.00,5.00,214.76
CA-2017-151281,27-04-2017,HM-14980,FUR-FU-10000397,Furniture,139.58,7.00,39.08
CA-2017-118346,23-07-2017,PO-19180,TEC-AC-10000736,Technology,399.95,5.00,143.98
CA-2014-129819,13-12-2014,KC-16675,OFF-BI-10004970,Office Supplies,12.39,3.00,5.82
US-2017-148551,12-01-2017,DB-13120,OFF-BI-10000545,Office Supplies,760.98,5.00,-1141.47
CA-2017-147767,02-12-2017,SV-20935,OFF-BI-10001670,Office Supplies,67.86,6.00,-45.24
CA-2015-108259,08-11-2015,NS-18640,OFF-FA-10000624,Office Supplies,31.50,11.00,11.81
CA-2015-108259,08-11-2015,NS-18640,OFF-LA-10002945,Office Supplies,5.04,1.00,1.64
CA-2015-108259,08-11-2015,NS-18640,OFF-BI-10000315,Office Supplies,39.88,7.00,-29.24
CA-2015-108259,08-11-2015,NS-18640,FUR-FU-10000023,Furniture,4.71,1.00,1.41
CA-2016-113341,25-11-2016,MH-17455,FUR-CH-10004698,Furniture,194.35,3.00,19.44
US-2015-131842,05-12-2015,RR-19525,FUR-CH-10004477,Furniture,97.42,2.00,10.96
CA-2016-164574,29-07-2016,RH-19555,OFF-ST-10003816,Office Supplies,704.76,5.00,26.43
CA-2016-164574,29-07-2016,RH-19555,OFF-BI-10002429,Office Supplies,27.40,3.00,-20.09
CA-2014-142769,13-09-2014,RP-19390,OFF-FA-10000840,Office Supplies,5.70,5.00,2.68
CA-2014-142769,13-09-2014,RP-19390,FUR-FU-10001918,Furniture,14.19,3.00,5.53
CA-2014-142769,13-09-2014,RP-19390,OFF-SU-10001574,Office Supplies,7.30,2.00,2.19
CA-2014-142769,13-09-2014,RP-19390,TEC-AC-10001606,Technology,199.98,2.00,75.99
CA-2014-142769,13-09-2014,RP-19390,TEC-AC-10003399,Technology,144.96,4.00,60.88
CA-2014-142769,13-09-2014,RP-19390,TEC-AC-10000865,Technology,118.00,2.00,20.06
CA-2014-142769,13-09-2014,RP-19390,OFF-PA-10002923,Office Supplies,48.94,1.00,24.47
CA-2014-142769,13-09-2014,RP-19390,OFF-AP-10004785,Office Supplies,22.66,2.00,9.74
CA-2016-168361,21-06-2016,KB-16600,OFF-BI-10003727,Office Supplies,0.84,1.00,-1.34
CA-2016-153185,03-09-2016,MH-17620,OFF-PA-10002246,Office Supplies,30.96,6.00,11.22
CA-2017-124765,25-11-2017,HZ-14950,FUR-BO-10003965,Furniture,723.92,5.00,-81.44
CA-2015-131856,12-05-2015,JG-15160,FUR-FU-10000175,Furniture,21.97,4.00,-15.93
CA-2015-131856,12-05-2015,JG-15160,TEC-PH-10001336,Technology,619.15,6.00,69.65
CA-2015-131856,12-05-2015,JG-15160,OFF-PA-10001954,Office Supplies,127.90,7.00,41.57
CA-2017-126634,30-03-2017,AB-10165,FUR-FU-10004973,Furniture,94.20,5.00,39.56
CA-2016-118500,17-11-2016,HJ-14875,OFF-SU-10004231,Office Supplies,49.50,5.00,13.37
CA-2016-163951,30-12-2016,CJ-11875,OFF-AR-10004269,Office Supplies,16.52,5.00,1.65
CA-2016-149916,22-12-2016,ED-13885,OFF-BI-10004002,Office Supplies,55.36,4.00,19.38
CA-2016-149916,22-12-2016,ED-13885,TEC-MA-10000752,Technology,11.56,1.00,3.76
CA-2015-158918,20-12-2015,AI-10855,OFF-PA-10004947,Office Supplies,17.12,4.00,7.70
US-2014-159611,27-12-2014,KB-16315,FUR-FU-10004904,Furniture,182.35,3.00,-18.24
US-2014-159611,27-12-2014,KB-16315,OFF-ST-10002790,Office Supplies,118.16,2.00,-25.11
CA-2017-163265,16-02-2017,JS-16030,OFF-FA-10004854,Office Supplies,18.37,2.00,6.20
CA-2017-163265,16-02-2017,JS-16030,FUR-CH-10004063,Furniture,600.56,3.00,-8.58
CA-2017-163265,16-02-2017,JS-16030,OFF-ST-10000642,Office Supplies,50.35,3.00,-8.18
CA-2017-163265,16-02-2017,JS-16030,OFF-AR-10004078,Office Supplies,28.03,6.00,3.50
CA-2017-163265,16-02-2017,JS-16030,FUR-FU-10004270,Furniture,7.69,1.00,-3.65
CA-2017-141705,24-10-2017,PO-18850,FUR-TA-10004607,Furniture,517.41,5.00,-81.31
CA-2016-112739,02-09-2016,RD-19810,OFF-BI-10001132,Office Supplies,8.61,8.00,-13.34
CA-2016-112739,02-09-2016,RD-19810,TEC-AC-10001714,Technology,159.56,5.00,33.91
CA-2016-143805,01-12-2016,JD-15895,OFF-AP-10002945,Office Supplies,2104.55,7.00,694.50
CA-2016-143805,01-12-2016,JD-15895,OFF-SU-10004664,Office Supplies,40.70,5.00,11.80
CA-2014-133634,05-11-2014,SR-20740,TEC-AC-10002550,Technology,47.79,3.00,16.25
CA-2017-101665,25-11-2017,TZ-21580,OFF-AR-10002335,Office Supplies,5.16,2.00,1.34
CA-2016-155446,16-12-2016,TN-21040,TEC-AC-10001445,Technology,21.21,7.00,4.45
CA-2017-137323,14-11-2017,PW-19030,OFF-ST-10003996,Office Supplies,96.36,6.00,25.05
CA-2016-144015,26-06-2016,AH-10075,OFF-SU-10003505,Office Supplies,231.72,2.00,11.59
CA-2016-144015,26-06-2016,AH-10075,OFF-FA-10000624,Office Supplies,17.90,5.00,8.95
CA-2016-144015,26-06-2016,AH-10075,OFF-PA-10002870,Office Supplies,12.48,2.00,5.62
CA-2014-101427,26-12-2014,AY-10555,OFF-AR-10002257,Office Supplies,8.02,3.00,1.10
CA-2016-136770,14-08-2016,SP-20650,TEC-PH-10003580,Technology,259.90,2.00,-56.31
CA-2016-136770,14-08-2016,SP-20650,TEC-PH-10001530,Technology,247.19,2.00,-49.44
CA-2016-136770,14-08-2016,SP-20650,TEC-AC-10000420,Technology,279.96,5.00,48.99
CA-2016-118311,24-10-2016,ED-13885,TEC-AC-10000892,Technology,450.00,5.00,162.00
US-2014-112795,23-08-2014,CR-12625,OFF-PA-10001934,Office Supplies,19.44,3.00,9.53
CA-2017-127096,15-09-2017,CS-12400,FUR-TA-10003473,Furniture,300.90,1.00,11.28
CA-2017-119284,15-06-2017,TS-21205,TEC-PH-10001051,Technology,239.98,3.00,27.00
CA-2017-119284,15-06-2017,TS-21205,FUR-FU-10004351,Furniture,31.17,4.00,9.35
CA-2017-119284,15-06-2017,TS-21205,FUR-TA-10004152,Furniture,120.96,2.00,-28.22
CA-2017-119284,15-06-2017,TS-21205,TEC-PH-10000560,Technology,2239.94,8.00,223.99
CA-2017-119284,15-06-2017,TS-21205,OFF-AP-10004249,Office Supplies,76.61,8.00,6.70
CA-2017-119284,15-06-2017,TS-21205,OFF-ST-10001490,Office Supplies,142.78,1.00,17.85
CA-2017-119284,15-06-2017,TS-21205,OFF-PA-10000312,Office Supplies,91.36,5.00,29.69
CA-2015-133494,01-03-2015,RP-19390,OFF-AP-10002906,Office Supplies,3.55,2.00,0.44
CA-2016-111318,23-07-2016,IL-15100,TEC-PH-10004100,Technology,115.14,8.00,11.51
US-2014-132745,01-10-2014,NF-18475,OFF-FA-10000254,Office Supplies,4.71,1.00,0.00
CA-2014-146815,08-09-2014,PP-18955,FUR-CH-10004289,Furniture,172.76,2.00,13.44
CA-2014-146815,08-09-2014,PP-18955,OFF-AR-10003469,Office Supplies,3.52,2.00,1.69
CA-2014-119144,16-11-2014,JD-16150,TEC-PH-10004188,Technology,79.97,4.00,-17.99
CA-2014-119144,16-11-2014,JD-16150,FUR-BO-10004015,Furniture,305.97,3.00,25.20
CA-2014-119144,16-11-2014,JD-16150,OFF-ST-10000991,Office Supplies,344.91,3.00,10.35
CA-2014-105648,03-03-2014,EJ-14155,FUR-TA-10002958,Furniture,626.35,3.00,-23.49
US-2015-145422,03-12-2015,PW-19240,FUR-BO-10002213,Furniture,359.50,3.00,-29.61
CA-2017-136623,11-07-2017,TS-21430,TEC-PH-10000004,Technology,71.95,6.00,5.40
CA-2017-136623,11-07-2017,TS-21430,OFF-BI-10003708,Office Supplies,29.80,5.00,9.31
CA-2017-121678,16-11-2017,BM-11650,OFF-BI-10002949,Office Supplies,1.82,1.00,-1.40
CA-2016-120824,12-06-2016,AW-10930,OFF-AP-10001242,Office Supplies,64.38,4.00,-160.96
CA-2016-120824,12-06-2016,AW-10930,FUR-FU-10001424,Furniture,6.98,2.00,-4.54
CA-2016-120824,12-06-2016,AW-10930,OFF-AR-10003469,Office Supplies,11.26,8.00,3.94
CA-2016-120824,12-06-2016,AW-10930,OFF-PA-10000232,Office Supplies,15.55,3.00,5.64
CA-2016-120824,12-06-2016,AW-10930,FUR-CH-10000229,Furniture,379.37,2.00,-119.23
CA-2016-120824,12-06-2016,AW-10930,OFF-ST-10002562,Office Supplies,67.54,9.00,6.75
CA-2016-120824,12-06-2016,AW-10930,OFF-BI-10001525,Office Supplies,1.52,2.00,-2.67
US-2016-135209,29-12-2016,MH-17290,OFF-PA-10002986,Office Supplies,37.41,7.00,13.09
US-2016-135209,29-12-2016,MH-17290,OFF-PA-10000143,Office Supplies,25.34,6.00,8.87
CA-2017-148145,18-03-2017,SW-20275,OFF-AR-10003752,Office Supplies,46.20,4.00,21.25
CA-2015-103870,27-12-2015,SP-20860,TEC-AC-10002370,Technology,4.73,3.00,0.71
CA-2015-103870,27-12-2015,SP-20860,FUR-FU-10002030,Furniture,53.35,3.00,16.01
CA-2015-103870,27-12-2015,SP-20860,FUR-BO-10002853,Furniture,131.10,2.00,8.19
CA-2015-103870,27-12-2015,SP-20860,OFF-ST-10002562,Office Supplies,22.51,3.00,2.25
CA-2015-103870,27-12-2015,SP-20860,TEC-AC-10004227,Technology,72.74,7.00,-12.73
CA-2015-111017,31-07-2015,SC-20695,OFF-SU-10002573,Office Supplies,52.59,3.00,15.78
CA-2017-116988,27-06-2017,PW-19030,OFF-PA-10003848,Office Supplies,19.44,3.00,9.33
CA-2017-116988,27-06-2017,PW-19030,FUR-FU-10001290,Furniture,126.30,3.00,40.42
CA-2017-116988,27-06-2017,PW-19030,TEC-AC-10003832,Technology,1287.45,5.00,244.62
US-2014-169390,07-02-2014,CS-12250,OFF-ST-10001558,Office Supplies,64.96,4.00,9.74
CA-2016-168774,04-09-2016,RP-19855,OFF-ST-10001490,Office Supplies,535.41,3.00,160.62
CA-2017-161592,06-04-2017,CS-12175,OFF-BI-10003669,Office Supplies,8.10,5.00,-5.94
US-2017-131961,08-12-2017,MJ-17740,OFF-AR-10004441,Office Supplies,13.25,4.00,3.64
US-2017-131961,08-12-2017,MJ-17740,TEC-PH-10001924,Technology,83.99,2.00,-21.00
CA-2016-102498,24-07-2016,JG-15160,OFF-AR-10004456,Office Supplies,73.20,5.00,21.23
CA-2015-113222,09-11-2015,AG-10765,OFF-BI-10001890,Office Supplies,10.74,3.00,5.16
US-2015-144771,02-10-2015,CK-12205,FUR-FU-10000629,Furniture,11.03,1.00,3.03
US-2015-144771,02-10-2015,CK-12205,TEC-AC-10002323,Technology,53.04,3.00,-4.64
CA-2015-162376,22-11-2015,HD-14785,OFF-AR-10003056,Office Supplies,17.12,4.00,4.96
CA-2015-162376,22-11-2015,HD-14785,OFF-PA-10000300,Office Supplies,59.94,3.00,28.17
CA-2017-128076,02-02-2017,BO-11350,FUR-FU-10000293,Furniture,210.58,2.00,12.63
CA-2017-128076,02-02-2017,BO-11350,OFF-BI-10003638,Office Supplies,30.96,2.00,10.06
CA-2017-128076,02-02-2017,BO-11350,TEC-MA-10002109,Technology,239.98,2.00,39.00
US-2015-163825,16-06-2015,LC-16885,OFF-BI-10003527,Office Supplies,3050.38,3.00,1143.89
US-2015-163825,16-06-2015,LC-16885,TEC-PH-10004922,Technology,133.98,2.00,33.50
CA-2016-105662,05-05-2016,RB-19465,OFF-PA-10001001,Office Supplies,93.25,4.00,31.47
CA-2016-105662,05-05-2016,RB-19465,TEC-PH-10001198,Technology,177.48,3.00,19.97
CA-2017-152198,09-09-2017,JD-16015,OFF-LA-10000443,Office Supplies,17.71,6.00,5.98
CA-2017-152198,09-09-2017,JD-16015,OFF-BI-10003669,Office Supplies,4.86,3.00,-3.56
CA-2017-152198,09-09-2017,JD-16015,OFF-BI-10001628,Office Supplies,6.26,2.00,-5.22
CA-2016-114307,22-07-2016,MF-17665,OFF-AP-10002350,Office Supplies,37.68,2.00,10.55
CA-2016-114307,22-07-2016,MF-17665,OFF-PA-10004100,Office Supplies,51.84,8.00,24.88
CA-2016-114307,22-07-2016,MF-17665,FUR-FU-10000794,Furniture,27.42,3.00,9.32
CA-2016-114307,22-07-2016,MF-17665,OFF-BI-10002012,Office Supplies,5.40,3.00,2.59
CA-2016-159891,31-01-2016,BF-11170,OFF-BI-10003527,Office Supplies,1270.99,1.00,635.50
CA-2016-159891,31-01-2016,BF-11170,OFF-EN-10004483,Office Supplies,125.36,8.00,58.92
CA-2016-112578,29-12-2016,FO-14305,OFF-ST-10003722,Office Supplies,14.03,1.00,4.07
CA-2016-112578,29-12-2016,FO-14305,OFF-SU-10002557,Office Supplies,27.96,2.00,7.27
CA-2015-107083,21-11-2015,BB-11545,OFF-AR-10002257,Office Supplies,5.34,2.00,0.73
CA-2015-107083,21-11-2015,BB-11545,OFF-BI-10000756,Office Supplies,1.70,2.00,-2.54
CA-2015-107083,21-11-2015,BB-11545,OFF-AP-10004136,Office Supplies,24.59,3.00,-67.62
CA-2015-107083,21-11-2015,BB-11545,OFF-BI-10002194,Office Supplies,7.98,5.00,-13.17
CA-2015-151722,05-10-2015,IL-15100,TEC-AC-10000892,Technology,288.00,4.00,57.60
CA-2016-151148,12-09-2016,PO-19180,TEC-PH-10001870,Technology,146.95,3.00,9.18
CA-2016-151148,12-09-2016,PO-19180,FUR-CH-10002304,Furniture,83.14,4.00,5.20
CA-2017-115882,14-09-2017,DB-13555,OFF-AP-10002534,Office Supplies,942.78,4.00,94.28
CA-2017-115882,14-09-2017,DB-13555,OFF-PA-10001125,Office Supplies,74.35,3.00,23.24
CA-2015-132276,23-02-2015,LC-16960,OFF-AP-10000804,Office Supplies,26.88,6.00,6.72
CA-2015-132276,23-02-2015,LC-16960,OFF-BI-10002982,Office Supplies,10.90,2.00,3.81
CA-2016-163636,05-12-2016,MP-18175,OFF-AR-10001547,Office Supplies,3.54,2.00,0.31
CA-2016-102813,02-07-2016,EA-14035,FUR-CH-10000665,Furniture,528.43,5.00,0.00
CA-2016-102813,02-07-2016,EA-14035,OFF-PA-10000520,Office Supplies,41.47,8.00,14.52
CA-2017-135377,13-12-2017,BP-11095,FUR-BO-10004015,Furniture,287.98,3.00,7.20
CA-2015-165813,20-03-2015,BM-11785,OFF-ST-10004258,Office Supplies,29.30,3.00,2.56
CA-2015-133585,01-03-2015,CM-12715,OFF-AR-10003696,Office Supplies,55.33,2.00,6.22
CA-2015-133585,01-03-2015,CM-12715,FUR-BO-10001811,Furniture,1228.00,6.00,-36.12
CA-2016-116911,15-09-2016,JD-16150,OFF-BI-10001249,Office Supplies,20.42,4.00,6.64
CA-2016-116911,15-09-2016,JD-16150,FUR-TA-10003473,Furniture,1128.39,3.00,259.53
US-2017-129224,17-03-2017,AS-10630,OFF-LA-10003190,Office Supplies,4.61,2.00,1.67
CA-2017-145765,28-05-2017,CM-11815,TEC-PH-10001305,Technology,195.96,5.00,19.60
CA-2017-145765,28-05-2017,CM-11815,OFF-PA-10001534,Office Supplies,15.55,3.00,5.44
CA-2017-145765,28-05-2017,CM-11815,TEC-AC-10000844,Technology,271.97,4.00,54.39
CA-2017-126914,15-06-2017,JE-15715,FUR-CH-10000847,Furniture,698.35,3.00,52.38
CA-2017-126914,15-06-2017,JE-15715,FUR-BO-10000468,Furniture,77.73,2.00,-3.89
CA-2015-169572,06-09-2015,AG-10525,OFF-BI-10002799,Office Supplies,46.62,9.00,21.45
CA-2017-162075,18-03-2017,TT-21220,TEC-PH-10001557,Technology,537.54,7.00,47.04
CA-2014-162992,19-12-2014,BP-11095,OFF-LA-10001934,Office Supplies,14.62,2.00,6.87
CA-2014-162992,19-12-2014,BP-11095,OFF-FA-10004248,Office Supplies,22.55,5.00,8.79
CA-2014-162992,19-12-2014,BP-11095,TEC-PH-10001944,Technology,583.80,5.00,72.98
CA-2014-162992,19-12-2014,BP-11095,TEC-PH-10002085,Technology,211.17,4.00,15.84
CA-2016-106397,07-07-2016,MJ-17740,OFF-PA-10003441,Office Supplies,12.96,2.00,6.22
CA-2016-106397,07-07-2016,MJ-17740,OFF-AR-10004602,Office Supplies,45.98,2.00,12.87
US-2016-150140,06-04-2016,VM-21685,TEC-PH-10002555,Technology,1294.75,5.00,336.64
CA-2014-116666,08-05-2014,KT-16480,TEC-CO-10001449,Technology,1799.97,5.00,240.00
CA-2017-148992,23-11-2017,CS-12250,OFF-PA-10004285,Office Supplies,10.69,2.00,3.74
CA-2016-140935,10-11-2016,AB-10015,TEC-PH-10000562,Technology,221.98,2.00,62.15
CA-2016-140935,10-11-2016,AB-10015,FUR-BO-10003966,Furniture,341.96,2.00,54.71
CA-2014-157644,31-12-2014,AH-10030,TEC-AC-10003614,Technology,34.77,3.00,11.47
CA-2014-157644,31-12-2014,AH-10030,OFF-LA-10003148,Office Supplies,18.90,3.00,8.69
US-2017-100398,19-08-2017,DO-13435,OFF-BI-10002133,Office Supplies,102.72,3.00,37.24
CA-2016-113082,12-09-2016,MC-17590,FUR-FU-10002813,Furniture,40.48,2.00,14.57
US-2017-110646,26-10-2017,JF-15190,OFF-BI-10004330,Office Supplies,33.28,3.00,-27.74
US-2017-110646,26-10-2017,JF-15190,TEC-PH-10002807,Technology,118.65,5.00,19.78
US-2017-110646,26-10-2017,JF-15190,OFF-LA-10001404,Office Supplies,14.76,5.00,4.98
CA-2017-120614,30-05-2017,SM-20950,OFF-PA-10004911,Office Supplies,37.52,4.00,18.01
US-2016-140172,08-03-2016,SP-20650,OFF-AP-10004233,Office Supplies,207.14,3.00,48.33
US-2016-140172,08-03-2016,SP-20650,OFF-AR-10002766,Office Supplies,13.90,5.00,3.75
CA-2015-127754,26-07-2015,CK-12760,FUR-CH-10003199,Furniture,266.35,3.00,13.32
CA-2015-144274,23-11-2015,PW-19240,TEC-PH-10003012,Technology,307.98,2.00,89.31
CA-2015-144274,23-11-2015,PW-19240,OFF-PA-10001583,Office Supplies,44.10,6.00,20.73
CA-2015-144274,23-11-2015,PW-19240,OFF-AR-10001940,Office Supplies,13.12,4.00,5.64
CA-2015-144274,23-11-2015,PW-19240,OFF-EN-10003286,Office Supplies,16.56,2.00,7.78
CA-2015-144274,23-11-2015,PW-19240,OFF-PA-10003441,Office Supplies,38.88,6.00,18.66
CA-2015-142930,28-11-2015,EB-14170,OFF-PA-10003395,Office Supplies,335.52,4.00,117.43
CA-2017-100622,03-11-2017,DK-13090,TEC-CO-10003236,Technology,959.98,2.00,311.99
CA-2017-100622,03-11-2017,DK-13090,OFF-BI-10002982,Office Supplies,4.09,2.00,-3.00
CA-2017-100622,03-11-2017,DK-13090,OFF-AR-10004010,Office Supplies,55.98,2.00,4.20
CA-2017-100622,03-11-2017,DK-13090,OFF-PA-10002947,Office Supplies,10.69,2.00,3.74
CA-2017-117156,21-03-2017,TB-21055,OFF-EN-10003845,Office Supplies,8.86,3.00,2.88
CA-2015-115399,19-12-2015,AG-10900,OFF-LA-10003190,Office Supplies,6.91,3.00,2.51
US-2014-157847,02-04-2014,SC-20020,OFF-PA-10002986,Office Supplies,26.72,5.00,9.35
US-2014-157847,02-04-2014,SC-20020,OFF-PA-10001593,Office Supplies,33.49,7.00,10.47
CA-2015-115168,05-06-2015,BB-11545,OFF-PA-10000528,Office Supplies,10.56,2.00,4.75
CA-2014-109680,06-10-2014,VP-21760,OFF-ST-10001932,Office Supplies,386.34,2.00,54.09
CA-2016-167983,21-08-2016,RP-19270,OFF-BI-10003727,Office Supplies,33.44,10.00,11.70
CA-2015-145324,15-11-2015,DH-13675,FUR-FU-10002759,Furniture,39.96,2.00,14.39
CA-2015-153423,22-06-2015,SW-20455,OFF-BI-10000545,Office Supplies,1217.57,2.00,456.59
US-2017-132675,24-09-2017,KF-16285,OFF-ST-10004950,Office Supplies,15.51,1.00,3.88
US-2017-132675,24-09-2017,KF-16285,TEC-PH-10003171,Technology,89.90,2.00,25.17
US-2017-132675,24-09-2017,KF-16285,OFF-AR-10000614,Office Supplies,14.28,4.00,3.71
US-2017-132675,24-09-2017,KF-16285,OFF-AR-10000034,Office Supplies,12.72,3.00,4.96
US-2017-132675,24-09-2017,KF-16285,OFF-LA-10003766,Office Supplies,15.75,5.00,7.56
CA-2014-153808,06-04-2014,FH-14275,OFF-AR-10001725,Office Supplies,70.95,3.00,18.45
CA-2014-153808,06-04-2014,FH-14275,OFF-BI-10002794,Office Supplies,65.57,2.00,23.77
CA-2014-153808,06-04-2014,FH-14275,TEC-AC-10004171,Technology,299.97,3.00,131.99
US-2016-112396,09-02-2016,JR-16210,TEC-AC-10003628,Technology,89.97,3.00,39.59
US-2016-112396,09-02-2016,JR-16210,TEC-AC-10004761,Technology,31.86,2.00,11.15
CA-2014-141173,18-11-2014,JC-16105,OFF-ST-10000885,Office Supplies,67.15,5.00,16.79
CA-2017-156664,18-12-2017,BP-11290,OFF-BI-10004209,Office Supplies,7.24,3.00,-6.03
CA-2017-156664,18-12-2017,BP-11290,OFF-FA-10002988,Office Supplies,4.82,3.00,1.75
CA-2017-156664,18-12-2017,BP-11290,OFF-PA-10002222,Office Supplies,91.36,5.00,29.69
CA-2017-156664,18-12-2017,BP-11290,OFF-AP-10004487,Office Supplies,130.11,2.00,13.01
CA-2015-140718,02-07-2015,FA-14230,TEC-PH-10003505,Technology,74.24,1.00,8.35
CA-2015-140718,02-07-2015,FA-14230,FUR-FU-10000076,Furniture,159.84,10.00,45.95
CA-2015-140718,02-07-2015,FA-14230,OFF-BI-10004728,Office Supplies,2.89,2.00,-2.31
CA-2015-140718,02-07-2015,FA-14230,OFF-PA-10002250,Office Supplies,9.39,2.00,3.29
CA-2014-119977,08-10-2014,DN-13690,OFF-PA-10003823,Office Supplies,123.92,4.00,55.76
US-2015-115343,22-09-2015,FO-14305,OFF-SU-10000898,Office Supplies,55.60,5.00,6.26
US-2015-115343,22-09-2015,FO-14305,TEC-AC-10003832,Technology,617.98,3.00,-7.72
CA-2017-163671,24-12-2017,DP-13105,OFF-BI-10001679,Office Supplies,21.31,3.00,7.99
CA-2017-135909,13-10-2017,JW-15220,TEC-AC-10002335,Technology,209.94,6.00,39.89
CA-2017-135909,13-10-2017,JW-15220,TEC-PH-10003187,Technology,31.98,2.00,-8.00
CA-2017-135909,13-10-2017,JW-15220,OFF-BI-10003527,Office Supplies,5083.96,5.00,1906.49
US-2017-114356,20-08-2017,TT-21460,TEC-PH-10003171,Technology,35.96,1.00,3.60
CA-2015-125934,11-09-2015,SN-20560,OFF-LA-10000414,Office Supplies,31.05,3.00,14.90
CA-2015-125934,11-09-2015,SN-20560,FUR-FU-10002107,Furniture,8.92,4.00,3.92
CA-2015-125934,11-09-2015,SN-20560,OFF-BI-10004593,Office Supplies,209.60,4.00,96.42
CA-2015-125934,11-09-2015,SN-20560,OFF-AP-10003860,Office Supplies,111.04,4.00,29.98
CA-2015-125934,11-09-2015,SN-20560,OFF-PA-10000556,Office Supplies,38.88,6.00,18.66
CA-2015-158148,20-12-2015,JM-15865,OFF-AP-10003281,Office Supplies,36.27,3.00,10.88
CA-2014-120411,20-09-2014,SB-20185,FUR-BO-10004218,Furniture,493.43,5.00,-70.49
CA-2014-120411,20-09-2014,SB-20185,TEC-PH-10002185,Technology,11.12,2.00,3.48
CA-2016-158260,04-11-2016,CC-12475,TEC-MA-10003176,Technology,686.40,2.00,77.22
CA-2017-101805,01-12-2017,SH-19975,OFF-BI-10002003,Office Supplies,15.92,5.00,5.37
CA-2017-101805,01-12-2017,SH-19975,FUR-FU-10000023,Furniture,70.68,12.00,31.10
CA-2017-101805,01-12-2017,SH-19975,OFF-ST-10002756,Office Supplies,541.24,4.00,5.41
US-2014-105137,10-10-2014,RB-19435,TEC-MA-10002694,Technology,101.99,2.00,-71.40
US-2014-105137,10-10-2014,RB-19435,OFF-BI-10002429,Office Supplies,18.26,2.00,-13.39
CA-2017-142489,14-11-2017,TC-21295,OFF-BI-10003684,Office Supplies,21.99,5.00,-32.99
US-2016-141264,13-08-2016,CT-11995,OFF-SU-10003505,Office Supplies,185.38,2.00,-34.76
US-2016-141264,13-08-2016,CT-11995,OFF-AP-10002534,Office Supplies,58.92,1.00,-153.20
CA-2017-126928,17-09-2017,GZ-14470,TEC-MA-10004626,Technology,480.00,4.00,225.60
CA-2017-126928,17-09-2017,GZ-14470,OFF-ST-10000615,Office Supplies,34.05,3.00,9.53
US-2015-107944,23-03-2015,AM-10360,OFF-PA-10000659,Office Supplies,192.72,11.00,92.51
US-2015-107944,23-03-2015,AM-10360,TEC-AC-10000736,Technology,239.97,3.00,86.39
CA-2016-135594,30-06-2016,AH-10120,TEC-AC-10003038,Technology,50.12,7.00,-0.63
US-2017-115252,20-10-2017,MY-18295,TEC-PH-10004071,Technology,15.98,2.00,1.40
US-2017-115252,20-10-2017,MY-18295,OFF-PA-10001667,Office Supplies,14.35,3.00,4.49
CA-2014-107398,25-08-2014,BS-11590,OFF-BI-10001982,Office Supplies,6.53,4.00,-4.57
CA-2014-107398,25-08-2014,BS-11590,OFF-BI-10004141,Office Supplies,2.86,3.00,-2.29
CA-2014-107398,25-08-2014,BS-11590,OFF-BI-10002103,Office Supplies,20.86,8.00,-16.68
CA-2014-169642,27-07-2014,BB-10990,OFF-ST-10002574,Office Supplies,276.28,2.00,0.00
CA-2017-103968,01-12-2017,ML-17755,FUR-FU-10003394,Furniture,629.64,9.00,107.04
CA-2016-147256,17-10-2016,FC-14245,TEC-PH-10003072,Technology,449.97,3.00,220.49
CA-2016-147256,17-10-2016,FC-14245,OFF-AP-10003057,Office Supplies,1927.59,7.00,751.76
CA-2016-162159,16-09-2016,CR-12625,FUR-CH-10001146,Furniture,121.78,2.00,30.45
CA-2015-111038,01-12-2015,LC-16960,FUR-CH-10003973,Furniture,2676.67,9.00,267.67
CA-2014-124723,05-08-2014,GZ-14470,FUR-TA-10001307,Furniture,489.23,2.00,41.93
CA-2016-167241,15-08-2016,BD-11320,FUR-FU-10004071,Furniture,312.03,3.00,43.68
CA-2016-167241,15-08-2016,BD-11320,OFF-ST-10001505,Office Supplies,17.94,3.00,3.05
CA-2016-167241,15-08-2016,BD-11320,TEC-PH-10004614,Technology,165.60,3.00,10.35
CA-2016-167241,15-08-2016,BD-11320,OFF-PA-10004911,Office Supplies,37.52,4.00,18.01
CA-2015-163237,07-08-2015,EM-14095,TEC-PH-10003601,Technology,494.97,3.00,148.49
CA-2015-163237,07-08-2015,EM-14095,OFF-LA-10004545,Office Supplies,25.06,2.00,11.78
CA-2016-150483,31-05-2016,BP-11290,FUR-FU-10001379,Furniture,32.06,3.00,-12.83
CA-2016-150483,31-05-2016,BP-11290,OFF-PA-10001846,Office Supplies,18.50,4.00,6.70
CA-2016-150483,31-05-2016,BP-11290,FUR-CH-10000422,Furniture,191.08,3.00,-38.22
CA-2016-150483,31-05-2016,BP-11290,OFF-PA-10004621,Office Supplies,10.37,2.00,3.63
US-2016-126431,01-07-2016,SU-20665,OFF-LA-10001474,Office Supplies,30.53,1.00,14.04
US-2016-126431,01-07-2016,SU-20665,TEC-AC-10001635,Technology,30.84,3.00,6.17
US-2016-126431,01-07-2016,SU-20665,OFF-PA-10001950,Office Supplies,75.06,9.00,33.78
CA-2016-139934,18-12-2016,AY-10555,TEC-PH-10001552,Technology,66.98,7.00,6.70
CA-2015-109603,26-01-2015,EM-13825,OFF-PA-10003790,Office Supplies,182.72,8.00,84.05
CA-2017-160661,28-10-2017,SA-20830,OFF-LA-10002475,Office Supplies,21.93,3.00,10.31
CA-2017-102610,04-11-2017,CA-12265,TEC-AC-10000303,Technology,95.98,3.00,15.60
CA-2017-102610,04-11-2017,CA-12265,TEC-PH-10000127,Technology,143.93,9.00,-32.38
CA-2017-102610,04-11-2017,CA-12265,OFF-BI-10004364,Office Supplies,3.56,2.00,-2.97
CA-2017-102610,04-11-2017,CA-12265,OFF-LA-10002195,Office Supplies,4.93,2.00,1.72
US-2016-144057,09-05-2016,CV-12805,OFF-ST-10001490,Office Supplies,856.66,6.00,107.08
US-2016-144057,09-05-2016,CV-12805,OFF-BI-10002852,Office Supplies,13.18,4.00,-20.44
US-2016-144057,09-05-2016,CV-12805,OFF-AP-10000390,Office Supplies,48.78,4.00,-131.72
US-2016-144057,09-05-2016,CV-12805,OFF-PA-10004327,Office Supplies,76.64,2.00,26.82
US-2016-144057,09-05-2016,CV-12805,OFF-BI-10002353,Office Supplies,18.53,6.00,-27.79
CA-2014-160276,02-04-2014,AH-10690,FUR-FU-10003192,Furniture,177.68,2.00,46.20
CA-2014-132983,28-04-2014,DS-13180,TEC-AC-10000736,Technology,159.98,2.00,57.59
CA-2016-145709,04-10-2016,AH-10690,TEC-PH-10003095,Technology,52.68,3.00,19.76
CA-2016-145709,04-10-2016,AH-10690,FUR-FU-10002885,Furniture,11.57,3.00,2.60
CA-2017-133928,11-06-2017,ZC-21910,OFF-BI-10001525,Office Supplies,4.57,4.00,-3.81
CA-2016-168032,30-01-2016,DF-13135,TEC-PH-10004241,Technology,1439.97,4.00,144.00
CA-2016-168032,30-01-2016,DF-13135,OFF-BI-10000546,Office Supplies,1.73,3.00,-2.68
CA-2016-168032,30-01-2016,DF-13135,FUR-TA-10004256,Furniture,626.10,3.00,-538.45
CA-2015-143616,27-09-2015,SS-20140,OFF-AR-10002067,Office Supplies,99.20,5.00,25.79
US-2015-168704,13-04-2015,FP-14320,FUR-TA-10000688,Furniture,609.98,4.00,-113.28
US-2015-168704,13-04-2015,FP-14320,FUR-TA-10002530,Furniture,211.37,2.00,-45.29
US-2015-168704,13-04-2015,FP-14320,TEC-PH-10001061,Technology,239.98,3.00,18.00
CA-2017-143252,18-12-2017,HE-14800,FUR-FU-10001057,Furniture,99.95,5.00,22.99
CA-2017-143252,18-12-2017,HE-14800,TEC-AC-10002331,Technology,29.34,3.00,10.86
CA-2016-102134,14-03-2016,SP-20545,FUR-FU-10003724,Furniture,16.74,2.00,4.35
CA-2017-130036,27-08-2017,BP-11185,OFF-PA-10000528,Office Supplies,12.67,3.00,3.96
CA-2017-130036,27-08-2017,BP-11185,TEC-AC-10001908,Technology,1119.89,14.00,209.98
CA-2015-134117,17-12-2015,PG-18895,OFF-AR-10003903,Office Supplies,204.85,5.00,53.26
CA-2015-134117,17-12-2015,PG-18895,TEC-PH-10004908,Technology,135.98,2.00,17.00
CA-2015-134117,17-12-2015,PG-18895,OFF-AR-10001940,Office Supplies,16.40,5.00,7.05
CA-2015-134117,17-12-2015,PG-18895,OFF-BI-10002026,Office Supplies,92.96,2.00,31.37
CA-2014-130918,22-08-2014,JP-15520,OFF-SU-10003936,Office Supplies,7.63,3.00,-1.81
CA-2016-159023,03-11-2016,NW-18400,OFF-BI-10002813,Office Supplies,4.16,7.00,-3.47
CA-2016-159023,03-11-2016,NW-18400,TEC-MA-10003337,Technology,179.99,3.00,-251.99
CA-2017-111717,10-10-2017,SW-20245,FUR-CH-10001545,Furniture,239.36,3.00,-47.87
CA-2014-154592,07-12-2014,EH-14005,OFF-PA-10000062,Office Supplies,164.88,3.00,80.79
CA-2014-128622,15-11-2014,SC-20260,OFF-SU-10001574,Office Supplies,10.95,3.00,3.29
CA-2017-148355,24-12-2017,NC-18535,OFF-PA-10001972,Office Supplies,19.44,3.00,9.33
CA-2017-148355,24-12-2017,NC-18535,OFF-BI-10000201,Office Supplies,12.30,5.00,6.15
CA-2014-132913,24-12-2014,AS-10090,OFF-AP-10003278,Office Supplies,13.97,1.00,3.63
CA-2017-150910,22-12-2017,JL-15130,FUR-TA-10002903,Furniture,934.96,6.00,-249.32
CA-2017-150910,22-12-2017,JL-15130,TEC-AC-10001013,Technology,46.86,2.00,7.62
CA-2017-150910,22-12-2017,JL-15130,OFF-ST-10000918,Office Supplies,26.16,3.00,1.96
CA-2017-150910,22-12-2017,JL-15130,OFF-AR-10001419,Office Supplies,23.13,7.00,2.89
CA-2017-150910,22-12-2017,JL-15130,OFF-AP-10003266,Office Supplies,59.24,5.00,16.29
CA-2014-156790,08-08-2014,VG-21790,FUR-BO-10000468,Furniture,155.46,4.00,-7.77
CA-2014-126480,20-09-2014,HG-14965,OFF-PA-10004610,Office Supplies,8.56,2.00,3.85
CA-2017-105620,25-12-2017,JH-15430,FUR-FU-10004963,Furniture,21.00,3.00,5.78
CA-2017-105620,25-12-2017,JH-15430,TEC-MA-10004626,Technology,120.00,2.00,-7.20
CA-2017-150266,25-11-2017,RO-19780,TEC-PH-10003437,Technology,299.96,5.00,37.50
CA-2017-150266,25-11-2017,RO-19780,OFF-AP-10002867,Office Supplies,67.84,5.00,-179.78
CA-2017-150266,25-11-2017,RO-19780,FUR-CH-10002126,Furniture,853.93,5.00,-24.40
CA-2017-150266,25-11-2017,RO-19780,OFF-AR-10001761,Office Supplies,18.69,4.00,3.74
CA-2016-157280,05-11-2016,LW-17125,FUR-FU-10004665,Furniture,273.96,2.00,71.23
CA-2016-157280,05-11-2016,LW-17125,TEC-AC-10000057,Technology,89.97,3.00,18.89
CA-2016-157280,05-11-2016,LW-17125,FUR-FU-10003806,Furniture,756.80,5.00,75.68
CA-2017-106691,06-11-2017,CC-12370,OFF-BI-10000145,Office Supplies,1.25,2.00,-1.93
CA-2016-134180,03-11-2016,JP-16135,TEC-AC-10000892,Technology,72.00,1.00,14.40
CA-2016-134180,03-11-2016,JP-16135,FUR-CH-10004886,Furniture,470.16,7.00,-13.43
CA-2014-166730,30-12-2014,DD-13570,OFF-ST-10002554,Office Supplies,39.13,1.00,-8.80
CA-2017-157469,02-12-2017,ES-14080,OFF-AR-10001662,Office Supplies,19.73,9.00,1.73
CA-2017-157469,02-12-2017,ES-14080,TEC-PH-10004531,Technology,151.19,2.00,-25.20
CA-2017-122308,24-03-2017,MV-17485,FUR-CH-10000665,Furniture,271.76,2.00,60.39
US-2014-149034,19-11-2014,RD-19900,TEC-AC-10003023,Technology,47.50,1.00,-1.19
CA-2017-159226,25-04-2017,RL-19615,FUR-BO-10004709,Furniture,344.98,7.00,28.41
CA-2017-156622,23-11-2017,JP-15460,OFF-PA-10000477,Office Supplies,36.29,7.00,12.70
CA-2017-156622,23-11-2017,JP-15460,OFF-PA-10002923,Office Supplies,78.30,2.00,29.36
CA-2017-156622,23-11-2017,JP-15460,FUR-TA-10003008,Furniture,127.79,1.00,-31.03
CA-2017-156622,23-11-2017,JP-15460,OFF-BI-10003707,Office Supplies,6.10,2.00,-9.16
CA-2014-119529,03-11-2014,DM-13345,OFF-BI-10000546,Office Supplies,5.76,2.00,2.82
CA-2015-150413,19-10-2015,CS-11860,OFF-BI-10000404,Office Supplies,1.72,1.00,-2.84
CA-2014-108182,06-02-2014,DL-13315,OFF-BI-10001196,Office Supplies,8.95,2.00,-14.77
CA-2016-110898,06-03-2016,LC-16870,OFF-AP-10001626,Office Supplies,2.33,3.00,-6.30
CA-2016-110898,06-03-2016,LC-16870,OFF-BI-10004656,Office Supplies,1.73,4.00,-2.76
CA-2016-110898,06-03-2016,LC-16870,FUR-FU-10003773,Furniture,159.04,5.00,-194.82
CA-2016-110898,06-03-2016,LC-16870,FUR-TA-10000849,Furniture,145.98,2.00,-99.27
CA-2015-123092,03-12-2015,JG-15115,FUR-FU-10000222,Furniture,77.95,3.00,12.67
CA-2015-123092,03-12-2015,JG-15115,OFF-BI-10001718,Office Supplies,95.97,5.00,-73.58
CA-2015-123092,03-12-2015,JG-15115,TEC-PH-10001700,Technology,105.58,2.00,9.24
CA-2015-123092,03-12-2015,JG-15115,OFF-AR-10004078,Office Supplies,9.34,2.00,1.17
US-2015-128587,24-12-2015,HM-14860,FUR-FU-10003026,Furniture,9.68,2.00,3.78
US-2015-128587,24-12-2015,HM-14860,TEC-CO-10003763,Technology,4899.93,7.00,2302.97
US-2017-139577,01-10-2017,TN-21040,TEC-AC-10004708,Technology,104.75,5.00,22.00
CA-2017-159100,16-10-2017,VP-21760,TEC-AC-10003499,Technology,18.53,2.00,4.40
CA-2017-159100,16-10-2017,VP-21760,FUR-TA-10001950,Furniture,1875.26,7.00,-968.88
CA-2014-109043,15-08-2014,CS-12355,OFF-PA-10000312,Office Supplies,91.36,5.00,29.69
CA-2014-109043,15-08-2014,CS-12355,OFF-AP-10004708,Office Supplies,152.24,5.00,17.13
US-2017-116491,11-11-2017,PG-18820,TEC-PH-10004531,Technology,35.18,2.00,12.31
CA-2017-122763,20-03-2017,HG-14845,OFF-PA-10000474,Office Supplies,56.70,2.00,19.14
CA-2017-122763,20-03-2017,HG-14845,OFF-PA-10002377,Office Supplies,274.06,7.00,102.77
CA-2017-137785,13-05-2017,MH-18115,FUR-CH-10001482,Furniture,458.43,5.00,-124.43
CA-2014-133389,22-06-2014,TB-21280,OFF-BI-10001553,Office Supplies,8.23,3.00,-6.03
CA-2014-103807,02-12-2014,EM-13825,TEC-AC-10000199,Technology,5.95,1.00,0.83
CA-2014-103807,02-12-2014,EM-13825,OFF-PA-10002195,Office Supplies,15.24,3.00,7.16
CA-2015-102855,05-04-2015,JF-15415,TEC-AC-10001767,Technology,239.94,6.00,26.39
CA-2015-102855,05-04-2015,JF-15415,OFF-AR-10002467,Office Supplies,23.84,8.00,6.44
CA-2017-107825,18-11-2017,NB-18655,OFF-ST-10001321,Office Supplies,92.52,6.00,24.98
CA-2017-107825,18-11-2017,NB-18655,OFF-ST-10000777,Office Supplies,37.76,1.00,10.57
CA-2017-107825,18-11-2017,NB-18655,OFF-LA-10003720,Office Supplies,7.38,2.00,3.47
CA-2017-107825,18-11-2017,NB-18655,FUR-FU-10000206,Furniture,5.82,2.00,2.74
CA-2017-106047,12-07-2017,CS-11860,OFF-PA-10000791,Office Supplies,3.82,1.00,1.19
CA-2017-127803,19-05-2017,ND-18460,OFF-BI-10001787,Office Supplies,26.16,4.00,12.82
CA-2015-137071,20-12-2015,ED-13885,TEC-AC-10004353,Technology,100.80,2.00,21.42
CA-2016-121447,21-02-2016,EA-14035,FUR-FU-10001861,Furniture,135.80,7.00,66.54
CA-2017-143084,18-03-2017,BP-11050,OFF-AR-10002766,Office Supplies,13.90,5.00,3.75
CA-2017-143084,18-03-2017,BP-11050,OFF-EN-10003072,Office Supplies,19.40,5.00,9.31
CA-2016-131639,17-12-2016,NS-18640,OFF-BI-10001636,Office Supplies,13.49,2.00,4.38
CA-2016-131639,17-12-2016,NS-18640,OFF-BI-10000948,Office Supplies,11.42,1.00,3.85
CA-2016-161361,26-03-2016,MV-17485,OFF-PA-10001838,Office Supplies,17.64,3.00,8.64
CA-2016-161361,26-03-2016,MV-17485,OFF-BI-10002215,Office Supplies,17.04,3.00,5.54
CA-2014-100706,16-12-2014,LE-16810,TEC-AC-10001314,Technology,99.98,2.00,8.00
CA-2014-100706,16-12-2014,LE-16810,FUR-FU-10002268,Furniture,29.46,6.00,9.72
CA-2015-129525,15-11-2015,VP-21760,OFF-BI-10002133,Office Supplies,166.92,13.00,-116.84
US-2016-141880,22-08-2016,TC-21475,FUR-FU-10001979,Furniture,98.33,3.00,9.83
CA-2015-165799,29-06-2015,SG-20470,FUR-CH-10001482,Furniture,117.88,1.00,1.31
CA-2016-102127,26-06-2016,VP-21760,TEC-AC-10002018,Technology,20.97,3.00,9.02
CA-2016-102127,26-06-2016,VP-21760,TEC-AC-10000397,Technology,139.96,4.00,9.80
CA-2016-102127,26-06-2016,VP-21760,FUR-FU-10003976,Furniture,37.74,3.00,12.83
US-2016-152415,17-09-2016,PO-18865,FUR-FU-10002597,Furniture,14.82,3.00,6.22
US-2016-152415,17-09-2016,PO-18865,FUR-FU-10004864,Furniture,191.82,3.00,61.38
CA-2014-138198,18-07-2014,JL-15130,OFF-BI-10002103,Office Supplies,13.90,2.00,4.52
CA-2017-128041,01-09-2017,RW-19540,OFF-AP-10001005,Office Supplies,314.60,4.00,103.82
CA-2017-128041,01-09-2017,RW-19540,FUR-TA-10002607,Furniture,283.56,4.00,45.37
CA-2017-105823,22-06-2017,RB-19465,FUR-CH-10000454,Furniture,487.96,2.00,146.39
CA-2014-152268,02-09-2014,SC-20095,OFF-BI-10001359,Office Supplies,1793.98,2.00,843.17
CA-2015-148873,01-10-2015,EM-13960,OFF-BI-10003196,Office Supplies,2.99,4.00,-4.49
CA-2015-148873,01-10-2015,EM-13960,TEC-AC-10003657,Technology,108.77,4.00,2.72
CA-2015-166492,07-04-2015,RP-19390,OFF-PA-10002262,Office Supplies,25.92,4.00,12.44
CA-2015-166492,07-04-2015,RP-19390,OFF-ST-10002214,Office Supplies,22.58,2.00,5.87
CA-2017-157420,21-11-2017,HZ-14950,TEC-PH-10003555,Technology,55.18,3.00,-12.41
CA-2016-117121,17-12-2016,AB-10105,OFF-BI-10000545,Office Supplies,9892.74,13.00,4946.37
CA-2014-138177,19-09-2014,ND-18460,FUR-TA-10004607,Furniture,73.92,1.00,-45.83
CA-2014-114335,28-09-2014,XP-21865,FUR-FU-10000277,Furniture,337.09,4.00,16.85
CA-2015-168760,22-09-2015,MM-18280,OFF-AP-10004532,Office Supplies,61.44,3.00,16.59
CA-2016-168830,07-11-2016,ML-17395,TEC-AC-10003911,Technology,479.97,3.00,163.19
CA-2017-137463,16-12-2017,KM-16225,OFF-BI-10003196,Office Supplies,5.98,2.00,2.24
CA-2017-137463,16-12-2017,KM-16225,TEC-AC-10000358,Technology,189.95,5.00,45.59
CA-2017-137463,16-12-2017,KM-16225,TEC-AC-10000057,Technology,149.95,5.00,31.49
CA-2017-137463,16-12-2017,KM-16225,OFF-AR-10001988,Office Supplies,29.95,5.00,8.69
CA-2017-137463,16-12-2017,KM-16225,OFF-LA-10003498,Office Supplies,44.40,3.00,22.20
CA-2014-124513,21-09-2014,SL-20155,OFF-AR-10002956,Office Supplies,66.03,3.00,17.17
CA-2015-165554,18-05-2015,AJ-10780,OFF-PA-10003724,Office Supplies,10.86,2.00,5.32
CA-2014-141838,26-03-2014,DK-12835,OFF-AR-10004272,Office Supplies,3.36,2.00,0.84
CA-2014-141838,26-03-2014,DK-12835,OFF-BI-10003291,Office Supplies,27.94,4.00,9.43
CA-2014-141838,26-03-2014,DK-12835,TEC-PH-10004100,Technology,28.78,2.00,2.88
CA-2017-117009,22-09-2017,BK-11260,OFF-SU-10001218,Office Supplies,21.96,2.00,6.15
CA-2015-128993,12-09-2015,CC-12670,TEC-AC-10004209,Technology,21.98,2.00,8.57
CA-2015-160227,02-11-2015,ED-13885,FUR-CH-10002073,Furniture,2621.32,11.00,553.39
CA-2015-149097,20-10-2015,SV-20785,FUR-FU-10003424,Furniture,74.76,7.00,23.92
CA-2015-149097,20-10-2015,SV-20785,FUR-TA-10001086,Furniture,364.78,3.00,27.36
CA-2016-132304,14-06-2016,AR-10825,FUR-TA-10004619,Furniture,1115.17,7.00,334.55
CA-2015-136420,20-11-2015,CS-12250,OFF-BI-10002854,Office Supplies,89.70,4.00,33.64
CA-2015-136420,20-11-2015,CS-12250,OFF-LA-10002762,Office Supplies,50.12,4.00,23.56
CA-2016-101623,28-02-2016,RR-19525,OFF-FA-10003495,Office Supplies,36.48,6.00,18.24
US-2014-151015,14-10-2014,BD-11500,OFF-PA-10002581,Office Supplies,322.19,13.00,100.69
US-2014-151015,14-10-2014,BD-11500,OFF-BI-10000343,Office Supplies,2.95,3.00,-4.86
US-2014-151015,14-10-2014,BD-11500,OFF-PA-10001184,Office Supplies,19.14,4.00,6.94
CA-2017-152968,26-05-2017,BM-11785,TEC-AC-10000521,Technology,23.08,2.00,6.92
CA-2016-150077,04-02-2016,MS-17365,TEC-PH-10002890,Technology,90.48,2.00,23.52
CA-2016-106278,02-09-2016,BM-11140,FUR-CH-10003061,Furniture,215.98,3.00,-2.70
CA-2016-106278,02-09-2016,BM-11140,OFF-EN-10003567,Office Supplies,65.94,3.00,30.99
CA-2017-147550,04-12-2017,KE-16420,FUR-FU-10001918,Furniture,11.35,3.00,2.70
CA-2015-136105,12-06-2015,SZ-20035,OFF-ST-10002444,Office Supplies,24.56,2.00,6.88
CA-2016-142524,04-09-2016,MB-18085,OFF-EN-10003286,Office Supplies,16.56,2.00,7.78
CA-2016-142524,04-09-2016,MB-18085,TEC-AC-10000109,Technology,279.95,5.00,67.19
CA-2014-136336,21-04-2014,DB-13555,OFF-ST-10002574,Office Supplies,828.84,6.00,0.00
US-2015-136259,05-11-2015,CB-12415,OFF-BI-10000773,Office Supplies,7.22,3.00,-5.53
US-2015-136259,05-11-2015,CB-12415,OFF-SU-10004661,Office Supplies,27.20,4.00,2.04
US-2014-124625,03-11-2014,SP-20650,TEC-AC-10003280,Technology,89.97,3.00,18.89
CA-2016-108105,16-02-2016,GW-14605,FUR-FU-10003773,Furniture,318.08,4.00,34.99
CA-2016-108105,16-02-2016,GW-14605,OFF-BI-10002412,Office Supplies,5.80,1.00,2.61
CA-2017-166898,11-09-2017,KH-16630,TEC-PH-10002564,Technology,143.95,6.00,17.99
CA-2017-166898,11-09-2017,KH-16630,OFF-PA-10002262,Office Supplies,19.44,3.00,9.33
CA-2017-169005,02-11-2017,BG-11035,OFF-AR-10000246,Office Supplies,5.56,2.00,1.45
CA-2015-104038,06-02-2015,LO-17170,OFF-ST-10002554,Office Supplies,146.73,3.00,2.93
CA-2015-104038,06-02-2015,LO-17170,OFF-PA-10002751,Office Supplies,29.90,5.00,13.46
CA-2016-126102,10-09-2016,DV-13465,OFF-BI-10004318,Office Supplies,276.78,2.00,89.95
CA-2016-143406,26-09-2016,LR-17035,OFF-AP-10001564,Office Supplies,93.03,2.00,-251.19
CA-2016-143406,26-09-2016,LR-17035,FUR-CH-10000513,Furniture,454.97,5.00,-136.49
CA-2015-150308,15-12-2015,RR-19525,TEC-PH-10001433,Technology,246.17,3.00,21.54
CA-2016-131093,17-09-2016,TS-21610,OFF-ST-10002790,Office Supplies,295.40,5.00,-62.77
US-2017-148831,13-10-2017,AH-10210,OFF-ST-10002974,Office Supplies,348.56,8.00,104.57
CA-2015-162950,28-06-2015,DW-13585,OFF-PA-10003177,Office Supplies,15.55,3.00,5.44
CA-2015-162950,28-06-2015,DW-13585,FUR-BO-10001918,Furniture,482.94,6.00,-376.69
US-2015-132836,01-06-2015,AJ-10945,TEC-PH-10001299,Technology,299.98,2.00,83.99
US-2015-132836,01-06-2015,AJ-10945,OFF-BI-10004224,Office Supplies,403.68,6.00,181.66
US-2015-132836,01-06-2015,AJ-10945,TEC-PH-10001300,Technology,41.90,2.00,11.73
US-2015-132836,01-06-2015,AJ-10945,OFF-LA-10004178,Office Supplies,28.91,7.00,13.30
US-2014-158365,12-04-2014,SV-20785,OFF-PA-10000289,Office Supplies,32.40,5.00,15.55
CA-2017-152933,12-10-2017,MG-17650,TEC-PH-10002085,Technology,369.54,7.00,27.72
CA-2017-152933,12-10-2017,MG-17650,OFF-PA-10001934,Office Supplies,10.37,2.00,3.76
CA-2017-152933,12-10-2017,MG-17650,TEC-AC-10003033,Technology,791.88,3.00,128.68
CA-2015-163181,07-11-2015,AB-10105,OFF-AR-10001683,Office Supplies,23.64,3.00,5.32
CA-2015-163181,07-11-2015,AB-10105,OFF-ST-10001713,Office Supplies,84.78,2.00,-16.96
CA-2015-163181,07-11-2015,AB-10105,FUR-FU-10000193,Furniture,64.96,5.00,-84.45
CA-2015-163181,07-11-2015,AB-10105,OFF-BI-10000474,Office Supplies,32.06,10.00,-51.30
CA-2015-163181,07-11-2015,AB-10105,OFF-ST-10000129,Office Supplies,177.65,2.00,-28.87
CA-2015-163181,07-11-2015,AB-10105,TEC-MA-10001016,Technology,287.91,3.00,33.59
CA-2015-132941,25-05-2015,MM-18280,OFF-SU-10002557,Office Supplies,22.37,2.00,1.68
CA-2015-132941,25-05-2015,MM-18280,OFF-PA-10002160,Office Supplies,32.37,7.00,11.73
CA-2015-132941,25-05-2015,MM-18280,TEC-AC-10003095,Technology,207.98,2.00,36.40
CA-2014-132010,13-10-2014,MA-17995,OFF-EN-10003160,Office Supplies,36.40,5.00,17.47
CA-2014-132010,13-10-2014,MA-17995,TEC-AC-10001542,Technology,22.96,2.00,4.36
CA-2014-132010,13-10-2014,MA-17995,OFF-ST-10003641,Office Supplies,315.20,4.00,6.30
CA-2014-132010,13-10-2014,MA-17995,OFF-BI-10002432,Office Supplies,15.18,3.00,7.13
CA-2016-135461,07-02-2016,EB-13975,TEC-PH-10004094,Technology,623.96,5.00,39.00
CA-2017-153045,19-01-2017,NS-18505,TEC-PH-10001817,Technology,429.60,2.00,-93.08
CA-2017-153045,19-01-2017,NS-18505,FUR-FU-10002759,Furniture,31.97,2.00,6.39
CA-2017-153045,19-01-2017,NS-18505,FUR-CH-10000309,Furniture,887.27,3.00,-63.38
CA-2017-153045,19-01-2017,NS-18505,OFF-PA-10003673,Office Supplies,21.70,4.00,7.05
US-2016-155971,06-06-2016,RB-19795,OFF-LA-10000452,Office Supplies,22.05,7.00,10.58
US-2016-155971,06-06-2016,RB-19795,OFF-PA-10000210,Office Supplies,99.90,5.00,46.95
CA-2017-122007,18-03-2017,JK-15325,OFF-AP-10000358,Office Supplies,90.86,7.00,26.35
CA-2017-162250,24-11-2017,PR-18880,OFF-PA-10002137,Office Supplies,7.78,1.00,3.50
US-2016-158288,26-11-2016,EH-13945,OFF-BI-10003364,Office Supplies,78.76,9.00,-57.76
CA-2016-128916,18-08-2016,MA-17560,FUR-FU-10001940,Furniture,9.55,3.00,-3.82
CA-2016-128916,18-08-2016,MA-17560,FUR-FU-10000320,Furniture,5.34,4.00,-2.14
CA-2015-157028,28-11-2015,MA-17995,OFF-AR-10004441,Office Supplies,8.28,2.00,3.48
CA-2017-112473,25-05-2017,JL-15505,OFF-ST-10002182,Office Supplies,50.14,3.00,-11.28
US-2017-147655,04-09-2017,AS-10045,OFF-BI-10002931,Office Supplies,88.07,7.00,-58.72
CA-2016-130911,24-03-2016,DC-12850,FUR-BO-10004357,Furniture,301.47,3.00,-241.18
CA-2016-130911,24-03-2016,DC-12850,OFF-AR-10000475,Office Supplies,18.66,2.00,1.63
CA-2017-100055,28-05-2017,MD-17860,FUR-FU-10001473,Furniture,27.46,2.00,9.89
CA-2017-100055,28-05-2017,MD-17860,OFF-AP-10001469,Office Supplies,125.13,3.00,36.29
CA-2015-157805,31-08-2015,RH-19510,TEC-PH-10004447,Technology,555.96,5.00,41.70
CA-2016-124254,12-04-2016,TB-21175,OFF-ST-10001469,Office Supplies,129.55,3.00,-22.67
CA-2016-124254,12-04-2016,TB-21175,OFF-ST-10000060,Office Supplies,51.98,1.00,-5.20
CA-2016-124254,12-04-2016,TB-21175,OFF-PA-10000807,Office Supplies,10.27,3.00,3.47
CA-2014-123400,02-02-2014,EB-13930,OFF-BI-10000666,Office Supplies,18.34,2.00,-12.22
CA-2014-123400,02-02-2014,EB-13930,TEC-PH-10002890,Technology,180.96,5.00,13.57
CA-2014-106971,02-09-2014,BM-11785,TEC-AC-10000844,Technology,475.94,7.00,95.19
CA-2017-123029,30-09-2017,BT-11530,TEC-AC-10002402,Technology,159.98,2.00,47.99
CA-2016-139409,05-09-2016,FW-14395,TEC-PH-10003988,Technology,43.60,4.00,12.21
US-2017-166688,20-05-2017,RD-19480,OFF-BI-10004040,Office Supplies,8.29,2.00,3.00
US-2017-166688,20-05-2017,RD-19480,TEC-PH-10004094,Technology,1123.13,9.00,70.20
US-2017-166688,20-05-2017,RD-19480,OFF-AP-10000358,Office Supplies,64.90,5.00,18.82
CA-2015-126970,20-09-2015,TP-21130,OFF-BI-10000138,Office Supplies,2.81,3.00,-4.49
US-2016-165505,23-01-2016,CB-12535,TEC-AC-10002926,Technology,99.98,2.00,42.99
US-2016-165505,23-01-2016,CB-12535,OFF-AR-10003477,Office Supplies,8.04,6.00,2.73
US-2016-165505,23-01-2016,CB-12535,OFF-ST-10001526,Office Supplies,1564.29,13.00,406.72
US-2014-157070,01-06-2014,QJ-19255,OFF-BI-10001765,Office Supplies,138.56,4.00,66.51
US-2014-157070,01-06-2014,QJ-19255,OFF-AP-10004859,Office Supplies,65.52,5.00,12.38
US-2015-106873,24-09-2015,KM-16720,OFF-AR-10003179,Office Supplies,14.58,2.00,2.37
US-2015-106873,24-09-2015,KM-16720,TEC-AC-10002345,Technology,23.20,2.00,1.45
US-2015-106873,24-09-2015,KM-16720,OFF-AR-10001246,Office Supplies,16.46,7.00,1.85
CA-2016-132990,01-08-2016,KM-16660,FUR-FU-10004864,Furniture,19.31,2.00,3.14
CA-2014-102645,23-01-2014,IM-15055,OFF-PA-10001804,Office Supplies,40.08,6.00,19.24
CA-2014-134215,04-08-2014,ML-17395,OFF-AP-10001271,Office Supplies,101.96,2.00,27.53
CA-2014-134215,04-08-2014,ML-17395,OFF-PA-10004353,Office Supplies,259.74,13.00,124.68
CA-2014-134215,04-08-2014,ML-17395,TEC-AC-10002473,Technology,255.42,9.00,104.72
CA-2016-118934,09-08-2016,GH-14410,OFF-BI-10003314,Office Supplies,4.34,3.00,-3.04
CA-2016-118934,09-08-2016,GH-14410,OFF-BI-10004465,Office Supplies,11.88,5.00,-7.92
CA-2016-160108,08-12-2016,AG-10900,FUR-BO-10003450,Furniture,405.86,7.00,32.47
CA-2016-160108,08-12-2016,AG-10900,FUR-CH-10002335,Furniture,680.01,3.00,176.80
CA-2015-164007,08-06-2015,MG-17695,TEC-AC-10003433,Technology,2.38,3.00,0.74
CA-2015-164007,08-06-2015,MG-17695,OFF-AP-10003849,Office Supplies,143.13,2.00,-393.60
CA-2016-100300,24-06-2016,MJ-17740,TEC-MA-10000984,Technology,4476.80,4.00,503.64
CA-2016-100300,24-06-2016,MJ-17740,OFF-PA-10000418,Office Supplies,104.85,1.00,50.33
CA-2016-100300,24-06-2016,MJ-17740,OFF-AP-10001242,Office Supplies,241.44,3.00,72.43
CA-2016-140571,15-03-2016,SJ-20125,OFF-PA-10001954,Office Supplies,319.76,14.00,147.09
CA-2016-140571,15-03-2016,SJ-20125,OFF-PA-10001954,Office Supplies,45.68,2.00,21.01
US-2016-155768,01-12-2016,LB-16795,FUR-FU-10000448,Furniture,31.96,2.00,1.60
US-2016-155768,01-12-2016,LB-16795,OFF-PA-10001357,Office Supplies,47.90,1.00,22.99
US-2016-155768,01-12-2016,LB-16795,OFF-ST-10002292,Office Supplies,1112.94,3.00,222.59
US-2016-155768,01-12-2016,LB-16795,OFF-EN-10001219,Office Supplies,22.92,3.00,11.23
CA-2017-119424,12-06-2017,SB-20185,TEC-PH-10002564,Technology,71.98,3.00,9.00
CA-2017-119424,12-06-2017,SB-20185,OFF-PA-10001639,Office Supplies,19.44,3.00,9.33
CA-2016-118178,19-03-2016,CC-12610,OFF-BI-10001153,Office Supplies,31.09,3.00,-20.72
CA-2016-166618,14-11-2016,DP-13000,TEC-PH-10003356,Technology,13.98,2.00,3.91
CA-2016-166618,14-11-2016,DP-13000,OFF-AR-10001725,Office Supplies,23.65,1.00,6.15
CA-2017-156776,07-08-2017,JL-15505,TEC-PH-10002415,Technology,707.88,3.00,44.24
CA-2017-156776,07-08-2017,JL-15505,OFF-BI-10003355,Office Supplies,11.95,3.00,4.18
CA-2017-156776,07-08-2017,JL-15505,OFF-BI-10000216,Office Supplies,31.13,3.00,11.67
CA-2017-156776,07-08-2017,JL-15505,TEC-AC-10004803,Technology,55.76,4.00,7.81
CA-2017-156776,07-08-2017,JL-15505,OFF-PA-10001970,Office Supplies,24.56,2.00,11.54
CA-2017-156776,07-08-2017,JL-15505,FUR-FU-10004848,Furniture,51.75,1.00,15.53
CA-2017-156776,07-08-2017,JL-15505,FUR-CH-10002317,Furniture,207.18,1.00,25.90
CA-2017-156776,07-08-2017,JL-15505,OFF-AP-10002534,Office Supplies,1473.10,5.00,412.47
US-2015-130512,21-08-2015,SM-20320,OFF-SU-10001935,Office Supplies,3.49,2.00,-0.70
US-2015-130512,21-08-2015,SM-20320,TEC-AC-10000290,Technology,21.73,4.00,3.80
US-2015-130512,21-08-2015,SM-20320,OFF-ST-10002574,Office Supplies,663.07,6.00,-165.77
US-2015-130512,21-08-2015,SM-20320,OFF-BI-10004519,Office Supplies,99.59,2.00,-82.99
US-2015-130512,21-08-2015,SM-20320,OFF-PA-10003625,Office Supplies,49.57,2.00,15.49
CA-2015-141810,02-11-2015,BB-10990,OFF-BI-10001524,Office Supplies,29.37,7.00,-47.00
CA-2015-141810,02-11-2015,BB-10990,TEC-PH-10002200,Technology,344.70,2.00,38.78
CA-2014-146843,30-11-2014,PB-19150,OFF-SU-10001664,Office Supplies,47.99,7.00,3.60
CA-2014-146843,30-11-2014,PB-19150,TEC-AC-10002550,Technology,102.24,4.00,-16.61
CA-2014-103310,10-05-2014,GM-14680,OFF-PA-10004353,Office Supplies,39.96,2.00,19.18
CA-2014-103310,10-05-2014,GM-14680,TEC-PH-10001817,Technology,1432.00,5.00,125.30
CA-2014-103310,10-05-2014,GM-14680,OFF-SU-10004737,Office Supplies,41.04,6.00,11.08
CA-2014-103310,10-05-2014,GM-14680,FUR-CH-10002320,Furniture,256.78,1.00,32.10
CA-2016-152688,17-10-2016,NR-18550,FUR-BO-10001337,Furniture,120.98,1.00,12.10
CA-2016-152688,17-10-2016,NR-18550,OFF-BI-10004584,Office Supplies,315.98,1.00,148.51
CA-2016-153836,30-10-2016,EH-13765,OFF-BI-10004817,Office Supplies,28.75,3.00,10.06
CA-2016-153836,30-10-2016,EH-13765,OFF-AR-10004602,Office Supplies,114.95,5.00,32.19
CA-2016-104689,01-12-2016,FH-14365,OFF-AR-10001149,Office Supplies,23.04,8.00,6.91
CA-2016-146423,21-04-2016,BT-11680,OFF-AR-10004817,Office Supplies,15.48,3.00,4.49
CA-2016-146423,21-04-2016,BT-11680,OFF-PA-10003797,Office Supplies,51.84,8.00,24.88
CA-2017-140781,03-08-2017,AB-10105,TEC-AC-10000682,Technology,39.82,3.00,7.47
CA-2017-141747,03-08-2017,SC-20230,OFF-ST-10003996,Office Supplies,16.06,1.00,4.18
CA-2017-142776,11-12-2017,RS-19870,OFF-EN-10003160,Office Supplies,7.28,1.00,3.49
CA-2017-142776,11-12-2017,RS-19870,OFF-BI-10002012,Office Supplies,5.40,3.00,2.59
CA-2015-167479,14-03-2015,AI-10855,OFF-PA-10002105,Office Supplies,19.44,3.00,9.33
CA-2014-144071,08-12-2014,DJ-13420,FUR-FU-10000397,Furniture,39.88,2.00,11.17
CA-2014-144071,08-12-2014,DJ-13420,FUR-FU-10000758,Furniture,79.44,3.00,28.60
US-2017-120908,30-09-2017,BF-10975,OFF-LA-10004677,Office Supplies,20.66,7.00,6.97
CA-2016-152646,21-11-2016,TH-21235,OFF-PA-10004451,Office Supplies,32.40,5.00,15.55
CA-2017-103765,24-11-2017,JG-15310,OFF-AP-10002311,Office Supplies,13.76,1.00,-24.77
US-2017-118157,14-11-2017,AW-10930,OFF-EN-10004459,Office Supplies,15.28,2.00,7.49
US-2015-164238,16-08-2015,JW-15955,OFF-ST-10002352,Office Supplies,44.69,7.00,3.35
US-2015-164238,16-08-2015,JW-15955,FUR-BO-10000780,Furniture,301.47,3.00,-205.00
CA-2017-103212,13-10-2017,MH-18025,OFF-LA-10000248,Office Supplies,11.07,3.00,5.20
CA-2017-103212,13-10-2017,MH-18025,FUR-TA-10003473,Furniture,1504.52,4.00,346.04
CA-2017-103212,13-10-2017,MH-18025,OFF-PA-10004355,Office Supplies,25.92,4.00,12.44
CA-2017-121160,04-11-2017,FM-14290,OFF-BI-10001308,Office Supplies,7.54,6.00,-13.19
CA-2017-121160,04-11-2017,FM-14290,OFF-BI-10003094,Office Supplies,1.41,2.00,-2.32
CA-2017-121160,04-11-2017,FM-14290,OFF-BI-10004040,Office Supplies,4.14,4.00,-6.42
CA-2017-121160,04-11-2017,FM-14290,OFF-ST-10002485,Office Supplies,52.75,3.00,-12.53
CA-2017-140515,19-03-2017,GZ-14545,OFF-AP-10001205,Office Supplies,381.36,7.00,106.78
CA-2014-153619,03-11-2014,TC-21535,OFF-AR-10001868,Office Supplies,6.72,4.00,3.36
CA-2017-133718,23-07-2017,TB-21520,OFF-BI-10003429,Office Supplies,15.19,3.00,5.51
CA-2017-133718,23-07-2017,TB-21520,OFF-PA-10002689,Office Supplies,58.32,9.00,27.99
CA-2014-148383,27-12-2014,RP-19390,OFF-BI-10003650,Office Supplies,946.76,6.00,-694.29
CA-2016-126732,02-09-2016,LR-16915,FUR-FU-10001889,Furniture,94.68,9.00,31.24
CA-2016-126732,02-09-2016,LR-16915,OFF-ST-10000321,Office Supplies,23.67,3.00,0.95
CA-2016-126732,02-09-2016,LR-16915,TEC-PH-10001530,Technology,1091.17,4.00,68.20
CA-2016-126732,02-09-2016,LR-16915,OFF-AR-10004752,Office Supplies,18.69,7.00,5.23
CA-2016-126732,02-09-2016,LR-16915,FUR-TA-10001539,Furniture,568.73,3.00,28.44
CA-2016-126732,02-09-2016,LR-16915,OFF-BI-10001553,Office Supplies,7.31,1.00,2.56
CA-2017-138156,11-02-2017,MM-17260,FUR-FU-10003601,Furniture,147.57,2.00,-3.69
CA-2017-110310,27-10-2017,NB-18655,OFF-PA-10001685,Office Supplies,56.78,7.00,20.58
CA-2017-110310,27-10-2017,NB-18655,OFF-BI-10001097,Office Supplies,5.61,3.00,-3.92
CA-2017-110310,27-10-2017,NB-18655,OFF-AR-10001662,Office Supplies,6.58,3.00,0.58
CA-2014-113271,09-07-2014,DS-13030,OFF-BI-10002609,Office Supplies,14.30,6.00,4.65
CA-2014-113271,09-07-2014,DS-13030,FUR-BO-10004218,Furniture,119.83,1.00,7.05
CA-2014-113271,09-07-2014,DS-13030,OFF-AR-10003251,Office Supplies,5.56,2.00,2.22
CA-2014-113271,09-07-2014,DS-13030,OFF-PA-10002365,Office Supplies,32.40,5.00,15.55
CA-2017-130106,22-05-2017,VF-21715,OFF-AR-10003651,Office Supplies,9.84,3.00,2.85
CA-2017-130106,22-05-2017,VF-21715,OFF-AR-10003732,Office Supplies,2.78,1.00,0.72
CA-2016-127761,10-11-2016,SW-20275,OFF-BI-10002557,Office Supplies,3.64,1.00,1.37
CA-2016-127761,10-11-2016,SW-20275,TEC-PH-10003691,Technology,881.93,7.00,220.48
CA-2016-105354,02-12-2016,PW-19030,OFF-BI-10001107,Office Supplies,115.84,8.00,54.44
CA-2017-155712,02-03-2017,KD-16615,OFF-BI-10004224,Office Supplies,107.65,2.00,33.64
CA-2017-102309,23-09-2017,DO-13645,TEC-AC-10001114,Technology,199.95,5.00,63.98
CA-2017-102309,23-09-2017,DO-13645,OFF-PA-10002005,Office Supplies,12.96,2.00,6.22
CA-2014-168368,11-02-2014,GA-14725,FUR-CH-10001146,Furniture,60.89,1.00,15.22
CA-2014-168368,11-02-2014,GA-14725,OFF-LA-10004853,Office Supplies,14.94,3.00,6.87
CA-2014-168368,11-02-2014,GA-14725,OFF-BI-10004728,Office Supplies,9.64,2.00,4.43
CA-2014-168368,11-02-2014,GA-14725,FUR-FU-10002298,Furniture,332.94,3.00,53.27
CA-2014-168368,11-02-2014,GA-14725,OFF-BI-10004654,Office Supplies,51.90,3.00,24.39
CA-2014-168368,11-02-2014,GA-14725,OFF-ST-10002583,Office Supplies,64.96,2.00,2.60
CA-2017-167976,11-11-2017,JL-15505,OFF-SU-10004661,Office Supplies,25.50,3.00,6.63
CA-2017-111388,02-09-2017,SU-20665,FUR-CH-10003061,Furniture,215.98,3.00,-2.70
CA-2015-124499,09-10-2015,FM-14380,FUR-CH-10000513,Furniture,389.97,3.00,35.10
CA-2015-124499,09-10-2015,FM-14380,OFF-AP-10002191,Office Supplies,269.91,5.00,53.98
US-2017-128118,24-11-2017,MY-17380,OFF-BI-10000216,Office Supplies,11.67,3.00,-7.78
US-2017-128118,24-11-2017,MY-17380,OFF-EN-10003448,Office Supplies,64.85,7.00,24.32
CA-2014-125759,08-02-2014,NM-18445,FUR-FU-10002111,Furniture,14.56,2.00,5.53
CA-2015-151869,25-09-2015,CS-11950,FUR-CH-10001545,Furniture,102.58,1.00,6.84
CA-2015-151869,25-09-2015,CS-11950,OFF-PA-10002947,Office Supplies,20.04,3.00,9.62
US-2017-102183,21-08-2017,PK-19075,OFF-BI-10003476,Office Supplies,32.09,7.00,11.23
US-2017-102183,21-08-2017,PK-19075,OFF-BI-10001359,Office Supplies,4305.55,6.00,1453.12
CA-2016-100510,12-05-2016,HM-14860,FUR-FU-10000320,Furniture,10.02,3.00,4.41
CA-2016-100510,12-05-2016,HM-14860,TEC-PH-10001835,Technology,631.96,4.00,303.34
CA-2017-146983,02-09-2017,AH-10210,OFF-BI-10003650,Office Supplies,1577.94,3.00,757.41
US-2014-134054,10-10-2014,FC-14335,OFF-AR-10000937,Office Supplies,255.85,7.00,112.57
CA-2016-113236,26-05-2016,CP-12085,OFF-ST-10000532,Office Supplies,184.70,6.00,13.85
CA-2016-113236,26-05-2016,CP-12085,TEC-AC-10001267,Technology,47.92,2.00,11.98
CA-2017-122539,01-12-2017,SC-20305,OFF-LA-10004853,Office Supplies,15.94,4.00,5.18
CA-2017-122539,01-12-2017,SC-20305,OFF-BI-10001759,Office Supplies,8.00,7.00,-5.60
CA-2017-122539,01-12-2017,SC-20305,FUR-CH-10003379,Furniture,398.97,2.00,-28.50
CA-2016-166772,20-09-2016,HJ-14875,FUR-BO-10002853,Furniture,163.88,2.00,40.97
US-2017-152898,11-09-2017,CB-12025,OFF-AP-10000027,Office Supplies,67.90,5.00,20.37
CA-2016-160486,30-12-2016,EH-14185,OFF-PA-10002421,Office Supplies,72.22,4.00,25.28
CA-2017-102218,02-09-2017,LW-17215,OFF-LA-10002475,Office Supplies,11.70,2.00,3.95
CA-2014-161032,18-11-2014,MK-17905,FUR-CH-10001482,Furniture,392.94,3.00,43.22
CA-2015-102778,21-11-2015,JH-15820,FUR-FU-10000087,Furniture,18.18,1.00,4.77
CA-2017-154011,19-06-2017,DB-13270,OFF-BI-10003166,Office Supplies,6.89,3.00,-11.02
CA-2017-154011,19-06-2017,DB-13270,FUR-TA-10000688,Furniture,457.49,3.00,-84.96
US-2017-165456,30-11-2017,TB-21625,FUR-CH-10003981,Furniture,1079.32,6.00,-15.42
CA-2014-111857,23-04-2014,NM-18445,OFF-PA-10001878,Office Supplies,48.91,1.00,22.99
CA-2014-163650,23-09-2014,TT-21220,OFF-AR-10002375,Office Supplies,9.84,3.00,2.85
CA-2014-163650,23-09-2014,TT-21220,OFF-BI-10004965,Office Supplies,34.50,3.00,15.53
CA-2017-124114,02-03-2017,RS-19765,OFF-BI-10004022,Office Supplies,0.56,1.00,-0.95
US-2017-116505,17-11-2017,TB-21625,OFF-BI-10000050,Office Supplies,43.80,6.00,20.59
CA-2017-161340,28-05-2017,AM-10360,OFF-PA-10002464,Office Supplies,13.87,3.00,5.03
CA-2017-161340,28-05-2017,AM-10360,FUR-BO-10004709,Furniture,115.96,4.00,-64.94
US-2015-163433,18-04-2015,MP-17965,TEC-AC-10003590,Technology,41.42,2.00,8.28
US-2015-163433,18-04-2015,MP-17965,TEC-PH-10003357,Technology,244.77,4.00,24.48
US-2015-163433,18-04-2015,MP-17965,OFF-AR-10003373,Office Supplies,74.35,3.00,6.51
US-2015-163433,18-04-2015,MP-17965,OFF-BI-10003676,Office Supplies,4.31,2.00,-6.90
US-2015-163433,18-04-2015,MP-17965,FUR-CH-10000225,Furniture,56.69,1.00,-20.25
US-2015-163433,18-04-2015,MP-17965,TEC-PH-10001870,Technology,97.97,2.00,6.12
US-2015-163433,18-04-2015,MP-17965,OFF-AR-10003481,Office Supplies,7.87,3.00,0.89
US-2015-163433,18-04-2015,MP-17965,OFF-PA-10003936,Office Supplies,15.55,3.00,5.44
US-2015-163433,18-04-2015,MP-17965,OFF-BI-10000320,Office Supplies,1.48,1.00,-2.29
CA-2015-137603,19-09-2015,MH-17290,OFF-AR-10001972,Office Supplies,8.40,5.00,2.18
CA-2014-128237,25-03-2014,CA-12265,OFF-AR-10003829,Office Supplies,6.56,2.00,1.90
CA-2014-128237,25-03-2014,CA-12265,OFF-AR-10003338,Office Supplies,14.88,2.00,3.72
CA-2014-128237,25-03-2014,CA-12265,TEC-AC-10002558,Technology,45.48,4.00,15.92
CA-2014-128237,25-03-2014,CA-12265,OFF-AR-10000034,Office Supplies,25.44,6.00,9.92
US-2016-102141,26-08-2016,KD-16615,OFF-BI-10001510,Office Supplies,146.69,8.00,45.84
CA-2017-148642,06-03-2017,DW-13540,OFF-LA-10000134,Office Supplies,4.93,2.00,1.72
CA-2017-148642,06-03-2017,DW-13540,OFF-AR-10000588,Office Supplies,63.49,4.00,4.76
CA-2015-111948,11-11-2015,AG-10495,OFF-ST-10003282,Office Supplies,418.32,7.00,117.13
CA-2015-111948,11-11-2015,AG-10495,OFF-AP-10002311,Office Supplies,123.86,2.00,46.79
CA-2016-161907,05-04-2016,JH-16180,TEC-PH-10000141,Technology,118.78,3.00,-27.72
CA-2016-161907,05-04-2016,JH-16180,OFF-SU-10000646,Office Supplies,769.18,4.00,-163.45
CA-2017-124940,21-02-2017,DK-13090,TEC-AC-10002076,Technology,47.90,1.00,-2.99
US-2017-108343,20-07-2017,AR-10825,OFF-PA-10000743,Office Supplies,13.36,2.00,6.41
US-2017-108343,20-07-2017,AR-10825,FUR-CH-10002780,Furniture,163.76,2.00,25.47
US-2017-108343,20-07-2017,AR-10825,FUR-FU-10000747,Furniture,183.92,4.00,31.27
US-2016-111563,04-11-2016,SM-20005,FUR-FU-10002445,Furniture,11.38,3.00,-5.69
US-2016-111563,04-11-2016,SM-20005,FUR-FU-10000723,Furniture,66.11,4.00,-84.29
CA-2017-121853,23-09-2017,DB-13660,OFF-PA-10003641,Office Supplies,211.04,8.00,97.08
CA-2017-121853,23-09-2017,DB-13660,FUR-CH-10003973,Furniture,594.82,2.00,59.48
CA-2017-121853,23-09-2017,DB-13660,OFF-BI-10000977,Office Supplies,72.96,3.00,23.71
US-2017-130687,07-09-2017,PF-19225,FUR-FU-10004053,Furniture,80.96,4.00,34.81
US-2017-130687,07-09-2017,PF-19225,TEC-PH-10002033,Technology,455.71,2.00,34.18
US-2017-130687,07-09-2017,PF-19225,OFF-AR-10004260,Office Supplies,25.98,1.00,7.27
CA-2015-164497,28-11-2015,AJ-10945,OFF-AP-10004655,Office Supplies,45.28,4.00,15.40
US-2015-153283,12-11-2015,EB-14110,OFF-EN-10001539,Office Supplies,15.56,2.00,7.31
CA-2016-108056,29-09-2016,ES-14080,TEC-PH-10001817,Technology,859.20,3.00,75.18
CA-2017-127726,11-09-2017,SS-20410,OFF-AP-10002578,Office Supplies,195.68,4.00,50.88
CA-2017-127726,11-09-2017,SS-20410,OFF-FA-10000992,Office Supplies,14.20,4.00,6.67
CA-2017-110198,01-05-2017,AG-10900,FUR-BO-10001798,Furniture,314.35,3.00,-15.72
CA-2017-110198,01-05-2017,AG-10900,OFF-LA-10004409,Office Supplies,4.61,2.00,1.50
CA-2017-130715,16-09-2017,CY-12745,OFF-FA-10000621,Office Supplies,17.90,5.00,8.77
CA-2014-155264,19-10-2014,RP-19270,OFF-BI-10003196,Office Supplies,2.99,1.00,1.12
CA-2014-155264,19-10-2014,RP-19270,OFF-BI-10003727,Office Supplies,20.06,6.00,7.02
CA-2014-155264,19-10-2014,RP-19270,OFF-PA-10003228,Office Supplies,146.73,3.00,68.96
CA-2014-155264,19-10-2014,RP-19270,OFF-LA-10002787,Office Supplies,18.75,5.00,9.00
CA-2014-155264,19-10-2014,RP-19270,TEC-PH-10001305,Technology,117.58,3.00,11.76
CA-2016-119123,13-03-2016,DB-13360,OFF-BI-10001036,Office Supplies,51.18,7.00,19.19
CA-2017-109085,17-02-2017,CK-12325,FUR-TA-10001086,Furniture,455.97,5.00,-106.39
CA-2017-109085,17-02-2017,CK-12325,OFF-BI-10001525,Office Supplies,5.72,5.00,-4.76
CA-2017-109085,17-02-2017,CK-12325,TEC-PH-10000526,Technology,57.59,1.00,-11.52
CA-2017-109085,17-02-2017,CK-12325,FUR-FU-10004973,Furniture,30.14,2.00,8.29
CA-2017-109085,17-02-2017,CK-12325,FUR-CH-10003981,Furniture,899.43,5.00,-12.85
CA-2016-114860,22-12-2016,DN-13690,FUR-FU-10000277,Furniture,842.72,8.00,202.25
CA-2016-114860,22-12-2016,DN-13690,FUR-FU-10001934,Furniture,41.96,2.00,10.91
CA-2016-159009,23-09-2016,DP-13105,OFF-BI-10004970,Office Supplies,13.22,4.00,4.46
CA-2016-159009,23-09-2016,DP-13105,FUR-CH-10003396,Furniture,184.75,3.00,-20.78
CA-2017-148411,24-09-2017,RO-19780,FUR-CH-10003973,Furniture,520.46,2.00,-14.87
CA-2017-148411,24-09-2017,RO-19780,OFF-PA-10002109,Office Supplies,11.42,3.00,3.71
CA-2015-110324,01-12-2015,MA-17560,OFF-PA-10001826,Office Supplies,19.44,3.00,9.33
CA-2015-110324,01-12-2015,MA-17560,OFF-AR-10000823,Office Supplies,3.64,2.00,1.02
CA-2015-110324,01-12-2015,MA-17560,OFF-PA-10001776,Office Supplies,18.54,2.00,8.71
CA-2016-168046,25-01-2016,JD-15895,OFF-BI-10003676,Office Supplies,43.12,5.00,15.09
CA-2016-168046,25-01-2016,JD-15895,FUR-TA-10001095,Furniture,313.72,3.00,-99.35
CA-2016-168046,25-01-2016,JD-15895,FUR-FU-10000747,Furniture,45.98,1.00,7.82
CA-2016-168046,25-01-2016,JD-15895,OFF-ST-10004337,Office Supplies,428.68,7.00,0.00
CA-2017-111591,21-03-2017,PS-18970,OFF-BI-10004410,Office Supplies,30.58,6.00,10.32
CA-2017-111591,21-03-2017,PS-18970,OFF-FA-10004838,Office Supplies,13.02,7.00,0.39
CA-2017-111591,21-03-2017,PS-18970,FUR-FU-10002364,Furniture,22.14,3.00,6.42
CA-2017-111591,21-03-2017,PS-18970,OFF-ST-10001809,Office Supplies,359.32,4.00,7.19
US-2014-166828,22-08-2014,JF-15415,OFF-PA-10001846,Office Supplies,11.56,2.00,5.66
CA-2014-108147,08-06-2014,RD-19480,OFF-BI-10003876,Office Supplies,68.48,2.00,25.68
CA-2014-108147,08-06-2014,RD-19480,OFF-ST-10003470,Office Supplies,1676.88,6.00,83.84
CA-2016-154998,07-04-2016,ES-14080,OFF-PA-10004243,Office Supplies,37.94,2.00,18.21
CA-2017-113460,07-11-2017,KN-16390,FUR-CH-10000422,Furniture,272.97,3.00,43.68
CA-2015-111339,29-05-2015,VP-21760,FUR-FU-10002506,Furniture,41.57,4.00,-4.16
CA-2015-111339,29-05-2015,VP-21760,FUR-CH-10000863,Furniture,317.06,3.00,-86.06
CA-2015-111339,29-05-2015,VP-21760,OFF-FA-10002988,Office Supplies,8.04,5.00,2.91
CA-2017-102820,07-05-2017,CS-11950,TEC-PH-10003437,Technology,419.94,7.00,52.49
CA-2016-149671,05-06-2016,KB-16600,OFF-SU-10002537,Office Supplies,61.38,6.00,15.96
CA-2015-126347,14-12-2015,AJ-10945,TEC-AC-10003063,Technology,50.00,2.00,10.50
CA-2017-108756,25-12-2017,PO-18865,TEC-AC-10003237,Technology,31.80,3.00,13.67
CA-2017-155362,17-12-2017,DP-13105,OFF-ST-10001031,Office Supplies,32.56,2.00,8.47
CA-2016-117625,10-05-2016,GM-14500,OFF-EN-10001535,Office Supplies,7.07,2.00,2.39
CA-2014-154158,23-12-2014,CC-12670,OFF-PA-10001295,Office Supplies,45.53,3.00,15.93
CA-2014-154158,23-12-2014,CC-12670,FUR-CH-10004698,Furniture,64.78,1.00,6.48
CA-2014-154158,23-12-2014,CC-12670,OFF-ST-10000078,Office Supplies,424.27,2.00,-10.61
CA-2014-154158,23-12-2014,CC-12670,OFF-AR-10001868,Office Supplies,1.34,1.00,0.50
CA-2014-154158,23-12-2014,CC-12670,OFF-ST-10004950,Office Supplies,83.92,5.00,-1.05
CA-2017-100433,11-08-2017,SJ-20125,OFF-PA-10003441,Office Supplies,25.92,4.00,12.44
CA-2017-163097,27-08-2017,SF-20200,FUR-FU-10004973,Furniture,120.58,8.00,33.16
US-2017-127292,19-01-2017,RM-19375,OFF-PA-10000157,Office Supplies,79.92,4.00,37.56
US-2017-127292,19-01-2017,RM-19375,OFF-PA-10001970,Office Supplies,12.28,1.00,5.77
US-2017-127292,19-01-2017,RM-19375,OFF-AP-10000828,Office Supplies,542.94,3.00,152.02
US-2017-127292,19-01-2017,RM-19375,OFF-EN-10001509,Office Supplies,2.04,1.00,0.96
CA-2015-163734,19-06-2015,KM-16375,OFF-ST-10003692,Office Supplies,228.92,5.00,14.31
CA-2017-162474,13-03-2017,FH-14275,TEC-PH-10004700,Technology,7.99,1.00,2.60
CA-2015-130848,25-10-2015,DG-13300,FUR-CH-10000422,Furniture,582.34,8.00,-29.12
CA-2014-125997,20-09-2014,MW-18220,TEC-PH-10003484,Technology,629.95,5.00,157.49
CA-2014-125997,20-09-2014,MW-18220,FUR-CH-10001394,Furniture,631.78,2.00,140.40
CA-2014-125997,20-09-2014,MW-18220,FUR-BO-10002213,Furniture,801.57,2.00,-10.02
CA-2014-125997,20-09-2014,MW-18220,OFF-LA-10002762,Office Supplies,75.18,6.00,35.33
CA-2014-125997,20-09-2014,MW-18220,OFF-AP-10003842,Office Supplies,30.98,1.00,8.05
CA-2014-125997,20-09-2014,MW-18220,TEC-PH-10003072,Technology,1349.91,9.00,661.46
CA-2016-103128,11-11-2016,SC-20845,OFF-AR-10003394,Office Supplies,14.11,6.00,1.23
CA-2015-167696,16-09-2015,BD-11500,OFF-EN-10001539,Office Supplies,31.12,4.00,14.63
CA-2014-159814,24-06-2014,LP-17080,FUR-FU-10001731,Furniture,4.27,2.00,0.96
CA-2016-105459,12-08-2016,NP-18700,FUR-TA-10001095,Furniture,209.15,2.00,-66.23
CA-2016-105459,12-08-2016,NP-18700,OFF-ST-10000078,Office Supplies,1591.02,6.00,286.38
CA-2017-141663,13-04-2017,DP-13105,OFF-FA-10004076,Office Supplies,7.92,5.00,1.68
CA-2014-152618,14-03-2014,RB-19465,TEC-MA-10003626,Technology,574.91,2.00,156.05
CA-2014-152618,14-03-2014,RB-19465,OFF-PA-10001215,Office Supplies,8.45,2.00,2.64
CA-2017-162789,22-09-2017,LC-17140,TEC-AC-10002842,Technology,1071.00,9.00,171.36
CA-2017-162789,22-09-2017,LC-17140,FUR-FU-10004864,Furniture,12.07,1.00,3.98
US-2017-110149,10-12-2017,WB-21850,OFF-BI-10000014,Office Supplies,3.27,1.00,-2.51
US-2017-110149,10-12-2017,WB-21850,FUR-FU-10001475,Furniture,87.92,5.00,15.39
CA-2016-108959,10-03-2016,MH-17785,OFF-ST-10001272,Office Supplies,104.70,1.00,6.54
CA-2015-164777,27-01-2015,SC-20305,FUR-CH-10002024,Furniture,2803.92,5.00,0.00
CA-2016-132017,26-09-2016,MH-17620,OFF-BI-10004001,Office Supplies,6.82,2.00,-11.59
CA-2015-127824,18-10-2015,JC-15775,TEC-PH-10004094,Technology,249.58,2.00,15.60
CA-2015-127824,18-10-2015,JC-15775,OFF-PA-10001184,Office Supplies,17.94,3.00,8.79
CA-2015-127824,18-10-2015,JC-15775,FUR-FU-10002505,Furniture,10.11,3.00,3.24
CA-2014-148285,27-10-2014,RD-19810,OFF-PA-10001166,Office Supplies,10.37,2.00,3.63
CA-2014-148285,27-10-2014,RD-19810,OFF-PA-10000349,Office Supplies,11.95,3.00,4.03
CA-2017-152926,02-10-2017,SC-20695,OFF-AP-10004708,Office Supplies,15.22,2.00,-38.82
CA-2017-152926,02-10-2017,SC-20695,OFF-AP-10001947,Office Supplies,21.98,6.00,-56.06
CA-2014-145254,23-07-2014,NC-18535,TEC-PH-10000441,Technology,604.75,6.00,60.48
CA-2014-145254,23-07-2014,NC-18535,OFF-SU-10004664,Office Supplies,40.70,5.00,11.80
CA-2014-145254,23-07-2014,NC-18535,TEC-PH-10004531,Technology,302.38,3.00,37.80
CA-2014-145254,23-07-2014,NC-18535,TEC-AC-10002167,Technology,45.00,3.00,4.95
CA-2014-116246,12-09-2014,LW-17215,FUR-CH-10002024,Furniture,3785.29,6.00,420.59
CA-2016-160479,15-09-2016,AH-10585,OFF-AR-10002445,Office Supplies,35.40,5.00,13.45
CA-2014-167486,27-11-2014,JO-15145,FUR-FU-10003268,Furniture,199.90,5.00,39.98
CA-2014-152100,11-05-2014,VW-21775,FUR-CH-10000015,Furniture,1212.96,8.00,-69.31
CA-2015-166219,28-08-2015,BP-11185,TEC-PH-10004165,Technology,1099.96,5.00,82.50
CA-2015-166219,28-08-2015,BP-11185,FUR-TA-10004607,Furniture,103.48,1.00,-16.26
CA-2015-111864,19-06-2015,PP-18955,OFF-LA-10004677,Office Supplies,5.90,2.00,1.99
CA-2015-119627,17-08-2015,SC-20725,TEC-AC-10002217,Technology,30.08,2.00,-5.26
CA-2015-119627,17-08-2015,SC-20725,OFF-PA-10001937,Office Supplies,36.29,7.00,12.70
CA-2015-119627,17-08-2015,SC-20725,OFF-AR-10000203,Office Supplies,10.27,3.00,1.16
CA-2015-119627,17-08-2015,SC-20725,TEC-AC-10001142,Technology,252.80,4.00,-31.60
CA-2015-160787,25-09-2015,BM-11785,OFF-BI-10003712,Office Supplies,2.95,2.00,-2.06
CA-2017-107853,26-05-2017,CD-11920,OFF-PA-10000520,Office Supplies,12.96,2.00,6.22
CA-2017-126144,31-07-2017,GM-14680,TEC-PH-10001079,Technology,285.58,4.00,-57.12
US-2014-154655,12-10-2014,BP-11050,OFF-SU-10000898,Office Supplies,22.24,2.00,2.50
CA-2014-100391,25-05-2014,BW-11065,OFF-PA-10001471,Office Supplies,14.62,2.00,6.73
CA-2014-165477,29-12-2014,RE-19405,OFF-AP-10003281,Office Supplies,48.36,5.00,6.05
CA-2017-165904,07-04-2017,HR-14770,OFF-AR-10003156,Office Supplies,16.26,2.00,1.22
CA-2017-165904,07-04-2017,HR-14770,TEC-PH-10000576,Technology,219.18,2.00,19.18
CA-2015-104052,01-03-2015,TP-21565,TEC-PH-10003215,Technology,95.84,4.00,34.74
CA-2015-168277,29-05-2015,KB-16315,OFF-LA-10004484,Office Supplies,12.39,3.00,5.70
CA-2016-158617,22-09-2016,AC-10660,OFF-PA-10002245,Office Supplies,35.88,6.00,16.15
CA-2017-136882,27-05-2017,DN-13690,FUR-FU-10003664,Furniture,477.30,5.00,138.42
US-2016-148957,17-09-2016,CC-12430,OFF-LA-10002195,Office Supplies,12.32,4.00,5.91
CA-2014-140032,08-09-2014,TS-21340,OFF-BI-10000822,Office Supplies,8.61,2.00,3.01
CA-2017-145506,03-06-2017,MO-17800,OFF-ST-10004963,Office Supplies,136.26,9.00,5.45
CA-2015-129546,28-09-2015,RP-19855,OFF-AP-10002495,Office Supplies,186.15,3.00,55.85
CA-2015-129546,28-09-2015,RP-19855,OFF-BI-10004001,Office Supplies,81.79,6.00,26.58
CA-2015-129546,28-09-2015,RP-19855,OFF-SU-10004884,Office Supplies,47.19,3.00,13.69
CA-2015-129546,28-09-2015,RP-19855,TEC-PH-10003555,Technology,36.78,2.00,-8.28
CA-2016-140977,16-06-2016,JL-15175,TEC-MA-10003493,Technology,91.48,1.00,-1.83
CA-2017-151855,27-05-2017,BW-11110,TEC-AC-10002380,Technology,27.19,3.00,0.34
CA-2017-151855,27-05-2017,BW-11110,OFF-BI-10004209,Office Supplies,12.06,5.00,-10.05
CA-2014-138240,09-10-2014,SJ-20500,OFF-AR-10002135,Office Supplies,144.60,3.00,41.93
CA-2014-138240,09-10-2014,SJ-20500,TEC-PH-10002583,Technology,15.99,1.00,-3.00
CA-2014-101833,17-11-2014,FG-14260,OFF-PA-10003591,Office Supplies,34.44,3.00,17.22
CA-2014-100867,19-10-2014,EH-14125,TEC-PH-10004922,Technology,321.55,6.00,20.10
US-2017-109610,25-11-2017,BS-11590,FUR-CH-10001854,Furniture,701.96,2.00,168.47
CA-2014-156545,27-02-2014,JS-16030,OFF-AR-10003560,Office Supplies,19.46,4.00,3.40
CA-2014-109127,21-12-2014,JC-15775,OFF-LA-10004409,Office Supplies,17.28,6.00,7.95
CA-2016-126858,19-11-2016,JM-15265,FUR-FU-10000448,Furniture,31.96,2.00,1.60
CA-2017-102925,05-11-2017,CD-12280,OFF-BI-10002735,Office Supplies,164.69,6.00,55.58
CA-2017-102925,05-11-2017,CD-12280,FUR-TA-10003469,Furniture,166.50,2.00,-66.60
CA-2017-102925,05-11-2017,CD-12280,OFF-PA-10001870,Office Supplies,12.96,2.00,6.22
CA-2017-102925,05-11-2017,CD-12280,OFF-PA-10004071,Office Supplies,110.96,2.00,53.26
CA-2017-102925,05-11-2017,CD-12280,TEC-PH-10001448,Technology,99.98,2.00,4.00
CA-2017-102925,05-11-2017,CD-12280,OFF-BI-10002706,Office Supplies,11.42,1.00,3.71
CA-2017-102925,05-11-2017,CD-12280,FUR-CH-10004875,Furniture,128.12,2.00,24.20
CA-2017-102925,05-11-2017,CD-12280,FUR-FU-10004245,Furniture,101.40,5.00,38.53
CA-2015-100818,31-05-2015,JM-15265,OFF-LA-10000443,Office Supplies,5.90,2.00,1.99
CA-2015-100818,31-05-2015,JM-15265,OFF-PA-10001125,Office Supplies,173.49,7.00,54.22
CA-2015-100818,31-05-2015,JM-15265,FUR-FU-10002703,Furniture,51.56,2.00,-61.87
CA-2015-100818,31-05-2015,JM-15265,OFF-BI-10004364,Office Supplies,3.56,3.00,-6.24
CA-2014-126193,07-09-2014,SS-20410,OFF-FA-10000936,Office Supplies,13.16,5.00,4.11
CA-2014-126193,07-09-2014,SS-20410,OFF-BI-10001249,Office Supplies,3.83,3.00,-6.51
CA-2014-126193,07-09-2014,SS-20410,OFF-BI-10004632,Office Supplies,304.99,5.00,-533.73
CA-2017-150504,06-11-2017,HG-14845,OFF-ST-10000615,Office Supplies,18.16,2.00,1.82
CA-2015-158351,20-06-2015,BC-11125,TEC-AC-10001838,Technology,319.98,2.00,92.00
CA-2014-122679,22-07-2014,AB-10255,OFF-AR-10004757,Office Supplies,19.68,6.00,6.49
CA-2016-164770,02-12-2016,MY-18295,FUR-BO-10003893,Furniture,781.86,10.00,-137.98
CA-2016-164770,02-12-2016,MY-18295,OFF-PA-10003893,Office Supplies,30.82,9.00,9.63
CA-2017-130505,12-10-2017,NF-18385,FUR-TA-10001932,Furniture,673.34,3.00,-76.95
US-2017-125213,11-12-2017,NB-18655,OFF-FA-10001561,Office Supplies,6.54,3.00,2.16
CA-2015-156566,01-10-2015,EM-13960,TEC-PH-10001817,Technology,572.80,2.00,50.12
US-2016-102232,05-08-2016,MF-17665,OFF-AR-10000538,Office Supplies,197.05,7.00,59.12
CA-2017-111738,03-01-2017,CM-12385,OFF-BI-10004584,Office Supplies,2022.27,8.00,682.52
CA-2017-111738,03-01-2017,CM-12385,OFF-AR-10000817,Office Supplies,9.12,3.00,3.10
CA-2017-163188,07-11-2017,EC-14050,OFF-BI-10000756,Office Supplies,38.16,9.00,19.08
CA-2016-105207,03-01-2016,BO-11350,FUR-TA-10000617,Furniture,1592.85,7.00,350.43
CA-2016-105207,03-01-2016,BO-11350,OFF-BI-10004364,Office Supplies,11.88,2.00,5.35
US-2016-123610,12-05-2016,VM-21835,TEC-AC-10004518,Technology,120.00,6.00,46.80
US-2016-123610,12-05-2016,VM-21835,OFF-AP-10002222,Office Supplies,8.67,1.00,2.34
CA-2017-118213,05-11-2017,AB-10060,OFF-PA-10002615,Office Supplies,4.41,1.00,2.03
CA-2017-118213,05-11-2017,AB-10060,OFF-PA-10000565,Office Supplies,167.94,3.00,82.29
CA-2017-118213,05-11-2017,AB-10060,OFF-PA-10003673,Office Supplies,67.80,10.00,31.19
CA-2016-149237,26-05-2016,CM-12235,FUR-FU-10002088,Furniture,26.94,3.00,11.31
US-2015-158589,20-11-2015,KW-16570,FUR-FU-10001546,Furniture,32.04,3.00,8.01
CA-2016-101329,22-04-2016,MM-17920,OFF-AR-10000614,Office Supplies,32.13,9.00,8.35
CA-2016-101329,22-04-2016,MM-17920,OFF-AR-10003190,Office Supplies,2.88,1.00,0.81
CA-2016-113607,14-10-2016,PW-19030,TEC-PH-10004094,Technology,1091.93,7.00,272.98
CA-2016-113607,14-10-2016,PW-19030,OFF-PA-10001970,Office Supplies,111.96,2.00,54.86
CA-2014-149104,05-04-2014,RD-19900,OFF-AR-10002952,Office Supplies,26.70,2.00,7.48
CA-2014-149104,05-04-2014,RD-19900,OFF-BI-10004209,Office Supplies,40.20,5.00,18.09
CA-2014-149104,05-04-2014,RD-19900,OFF-AR-10004685,Office Supplies,13.89,3.00,4.58
CA-2014-149104,05-04-2014,RD-19900,OFF-ST-10000991,Office Supplies,689.82,6.00,20.69
CA-2016-105263,06-08-2016,LM-17065,OFF-AR-10002399,Office Supplies,38.34,9.00,15.72
CA-2014-130575,14-12-2014,CS-11845,OFF-BI-10002353,Office Supplies,9.26,3.00,-13.90
CA-2017-142461,30-05-2017,KT-16480,FUR-BO-10001811,Furniture,204.67,1.00,-6.02
CA-2016-125220,14-10-2016,BE-11410,TEC-AC-10003033,Technology,1649.75,5.00,544.42
CA-2014-100293,14-03-2014,NF-18475,OFF-PA-10000176,Office Supplies,91.06,6.00,31.87
CA-2014-154165,17-02-2014,DL-13315,OFF-AR-10003631,Office Supplies,54.21,14.00,8.81
CA-2015-123939,24-08-2015,MS-17710,TEC-PH-10000923,Technology,26.98,3.00,4.05
CA-2015-123939,24-08-2015,MS-17710,OFF-LA-10003190,Office Supplies,6.91,3.00,2.51
CA-2015-123939,24-08-2015,MS-17710,OFF-ST-10003208,Office Supplies,435.50,3.00,48.99
US-2017-104451,08-05-2017,MM-18055,OFF-AP-10000692,Office Supplies,81.08,4.00,22.70
CA-2016-101189,04-02-2016,JB-15400,OFF-ST-10004180,Office Supplies,93.02,2.00,3.72
CA-2014-169446,19-12-2014,SG-20605,TEC-PH-10002817,Technology,323.98,3.00,36.45
CA-2014-169446,19-12-2014,SG-20605,OFF-PA-10000295,Office Supplies,15.55,3.00,5.44
CA-2014-169446,19-12-2014,SG-20605,OFF-ST-10000419,Office Supplies,32.59,3.00,-7.74
CA-2017-156958,05-12-2017,PB-18805,OFF-BI-10001524,Office Supplies,83.92,5.00,29.37
CA-2017-156958,05-12-2017,PB-18805,FUR-FU-10003268,Furniture,199.90,5.00,39.98
CA-2017-156958,05-12-2017,PB-18805,TEC-PH-10000148,Technology,31.18,3.00,-7.01
CA-2017-156958,05-12-2017,PB-18805,OFF-BI-10001543,Office Supplies,172.75,6.00,60.46
CA-2017-156958,05-12-2017,PB-18805,OFF-BI-10002071,Office Supplies,9.30,2.00,3.02
CA-2017-101637,24-03-2017,AC-10615,OFF-ST-10002352,Office Supplies,12.77,2.00,0.96
CA-2017-111759,08-07-2017,MR-17545,OFF-PA-10003127,Office Supplies,52.76,2.00,24.27
CA-2017-102729,26-10-2017,BF-11215,OFF-ST-10000464,Office Supplies,55.62,2.00,5.56
CA-2016-116596,27-10-2016,BW-11200,FUR-CH-10000553,Furniture,427.64,14.00,80.78
CA-2016-116596,27-10-2016,BW-11200,OFF-FA-10000134,Office Supplies,40.67,7.00,12.61
CA-2016-116596,27-10-2016,BW-11200,OFF-ST-10000636,Office Supplies,33.48,2.00,1.34
CA-2016-116596,27-10-2016,BW-11200,OFF-BI-10002949,Office Supplies,9.73,2.00,3.28
CA-2017-124191,12-06-2017,TS-21610,FUR-FU-10002364,Furniture,8.86,3.00,-6.86
CA-2016-148747,25-09-2016,AS-10045,FUR-BO-10002613,Furniture,477.67,2.00,84.29
US-2017-169488,07-09-2017,AA-10375,OFF-PA-10002659,Office Supplies,16.90,5.00,7.77
US-2017-169488,07-09-2017,AA-10375,OFF-PA-10000157,Office Supplies,39.96,2.00,18.78
CA-2015-135727,11-05-2015,PS-18970,FUR-CH-10004540,Furniture,191.97,7.00,16.80
CA-2015-135251,06-08-2015,RP-19270,OFF-LA-10004544,Office Supplies,35.52,3.00,13.32
CA-2015-135251,06-08-2015,RP-19270,OFF-BI-10001097,Office Supplies,6.23,5.00,-9.66
CA-2015-135251,06-08-2015,RP-19270,OFF-PA-10003302,Office Supplies,56.70,2.00,19.14
CA-2015-135251,06-08-2015,RP-19270,FUR-BO-10003965,Furniture,369.20,3.00,-114.02
CA-2014-166590,29-10-2014,NC-18625,TEC-AC-10003433,Technology,1.98,2.00,0.89
CA-2014-166590,29-10-2014,NC-18625,OFF-PA-10000482,Office Supplies,75.88,2.00,35.66
CA-2016-131744,18-06-2016,SC-20770,OFF-PA-10004610,Office Supplies,6.85,2.00,2.14
CA-2016-131744,18-06-2016,SC-20770,OFF-BI-10003910,Office Supplies,4.63,2.00,-3.86
CA-2016-131744,18-06-2016,SC-20770,OFF-AP-10001394,Office Supplies,453.60,3.00,90.72
CA-2015-160864,03-05-2015,NF-18595,OFF-BI-10004654,Office Supplies,13.85,3.00,5.19
CA-2015-147690,10-11-2015,SC-20020,OFF-ST-10001526,Office Supplies,577.58,6.00,43.32
CA-2015-163923,30-05-2015,BD-11560,TEC-AC-10000358,Technology,151.96,4.00,36.47
CA-2016-125724,22-09-2016,SM-20950,FUR-FU-10000246,Furniture,68.43,7.00,8.55
CA-2015-111612,28-11-2015,EB-14110,FUR-FU-10003799,Furniture,71.12,5.00,9.78
CA-2015-111612,28-11-2015,EB-14110,OFF-FA-10003021,Office Supplies,3.01,2.00,0.56
CA-2015-156853,03-12-2015,HP-14815,OFF-PA-10003656,Office Supplies,184.66,7.00,84.94
CA-2014-103086,17-10-2014,EB-14170,FUR-FU-10004586,Furniture,5.31,2.00,-1.59
CA-2016-129280,03-05-2016,SM-20905,TEC-AC-10003832,Technology,132.52,5.00,34.79
CA-2016-129280,03-05-2016,SM-20905,OFF-ST-10002554,Office Supplies,195.64,5.00,-44.02
CA-2016-129280,03-05-2016,SM-20905,FUR-FU-10001876,Furniture,51.97,2.00,10.39
CA-2016-129280,03-05-2016,SM-20905,TEC-AC-10002637,Technology,431.98,3.00,-75.60
CA-2016-129280,03-05-2016,SM-20905,TEC-MA-10003589,Technology,224.94,3.00,-164.95
CA-2016-129280,03-05-2016,SM-20905,OFF-LA-10000081,Office Supplies,6.00,2.00,2.10
CA-2015-161242,01-06-2015,CG-12040,OFF-PA-10001838,Office Supplies,11.76,2.00,5.76
CA-2014-130428,31-03-2014,TG-21640,FUR-CH-10002965,Furniture,1125.49,7.00,98.48
CA-2014-130428,31-03-2014,TG-21640,OFF-BI-10001636,Office Supplies,12.65,5.00,-10.12
CA-2014-130428,31-03-2014,TG-21640,OFF-AR-10004027,Office Supplies,4.03,2.00,1.06
CA-2017-104388,05-07-2017,DK-12835,TEC-PH-10002293,Technology,79.96,4.00,22.39
CA-2015-113131,24-09-2015,MB-17305,OFF-BI-10003196,Office Supplies,6.73,6.00,-4.49
CA-2015-113131,24-09-2015,MB-17305,OFF-ST-10001172,Office Supplies,33.57,2.00,1.68
CA-2015-113131,24-09-2015,MB-17305,OFF-EN-10003068,Office Supplies,15.84,2.00,5.54
CA-2015-113131,24-09-2015,MB-17305,OFF-LA-10003510,Office Supplies,24.42,1.00,7.94
CA-2015-113131,24-09-2015,MB-17305,OFF-AR-10003504,Office Supplies,17.12,5.00,1.93
CA-2015-148495,13-08-2015,SF-20065,FUR-FU-10001889,Furniture,31.56,3.00,10.41
CA-2015-143147,26-05-2015,PS-18760,FUR-CH-10000863,Furniture,105.69,1.00,-28.69
CA-2015-143147,26-05-2015,PS-18760,TEC-MA-10004679,Technology,399.54,2.00,-79.91
CA-2015-143147,26-05-2015,PS-18760,FUR-CH-10004754,Furniture,104.93,5.00,-4.50
CA-2017-152975,14-09-2017,RB-19705,TEC-PH-10004586,Technology,1079.85,3.00,323.96
CA-2017-152975,14-09-2017,RB-19705,OFF-ST-10001370,Office Supplies,70.98,1.00,3.55
CA-2017-152975,14-09-2017,RB-19705,OFF-AR-10001988,Office Supplies,29.95,5.00,8.69
CA-2017-152975,14-09-2017,RB-19705,FUR-CH-10003298,Furniture,589.41,5.00,-6.55
CA-2016-107475,07-06-2016,RS-19870,OFF-FA-10002988,Office Supplies,9.65,6.00,3.50
CA-2017-116127,25-06-2017,SB-20185,FUR-BO-10002213,Furniture,400.78,1.00,-5.01
CA-2017-132584,26-08-2017,HJ-14875,OFF-ST-10000344,Office Supplies,53.72,4.00,13.97
CA-2016-160598,26-08-2016,SV-20815,OFF-PA-10002319,Office Supplies,31.01,1.00,11.24
CA-2016-108630,18-11-2016,BE-11410,OFF-BI-10002437,Office Supplies,61.12,5.00,22.16
US-2017-129203,17-04-2017,BM-11575,OFF-ST-10001418,Office Supplies,195.14,4.00,-43.91
CA-2017-110940,23-07-2017,AZ-10750,OFF-AR-10000380,Office Supplies,121.54,4.00,15.19
CA-2014-119172,11-05-2014,HD-14785,OFF-PA-10003036,Office Supplies,17.47,3.00,5.68
CA-2014-119172,11-05-2014,HD-14785,OFF-BI-10002026,Office Supplies,104.58,9.00,-172.56
US-2016-105452,28-07-2016,BF-11005,FUR-FU-10003691,Furniture,24.70,5.00,-9.88
US-2016-105452,28-07-2016,BF-11005,FUR-FU-10003806,Furniture,302.72,5.00,-378.40
CA-2017-108931,14-09-2017,HZ-14950,OFF-PA-10002741,Office Supplies,8.56,2.00,3.85
CA-2017-108931,14-09-2017,HZ-14950,OFF-PA-10003845,Office Supplies,11.56,2.00,5.66
CA-2017-104619,24-01-2017,KD-16495,OFF-AP-10001492,Office Supplies,25.86,3.00,6.72
CA-2017-104619,24-01-2017,KD-16495,OFF-BI-10004318,Office Supplies,276.78,2.00,89.95
CA-2017-104619,24-01-2017,KD-16495,TEC-PH-10000193,Technology,110.35,3.00,8.28
CA-2015-149517,19-09-2015,FC-14245,FUR-FU-10003464,Furniture,60.84,3.00,19.47
CA-2015-116841,14-04-2015,TP-21130,OFF-AP-10002403,Office Supplies,35.21,1.00,2.64
CA-2017-107797,08-05-2017,EB-13705,OFF-PA-10003848,Office Supplies,41.47,8.00,14.52
CA-2016-117604,04-09-2016,JP-15520,OFF-PA-10001357,Office Supplies,239.50,5.00,114.96
CA-2014-130155,19-05-2014,TD-20995,OFF-SU-10004737,Office Supplies,34.20,5.00,9.23
CA-2016-129861,17-06-2016,DM-13345,FUR-TA-10003715,Furniture,376.87,3.00,-213.56
CA-2015-138625,02-11-2015,EG-13900,OFF-AP-10003099,Office Supplies,197.72,4.00,55.36
US-2017-122672,04-11-2017,HG-14965,TEC-AC-10002323,Technology,70.72,4.00,-6.19
US-2017-122672,04-11-2017,HG-14965,OFF-ST-10002344,Office Supplies,194.35,3.00,-43.73
CA-2017-117128,05-12-2017,BF-11080,OFF-PA-10000007,Office Supplies,21.60,6.00,9.94
CA-2017-117128,05-12-2017,BF-11080,OFF-LA-10000248,Office Supplies,11.07,3.00,5.20
CA-2016-130638,16-05-2016,SC-20095,FUR-FU-10002116,Furniture,282.84,4.00,19.80
CA-2016-130638,16-05-2016,SC-20095,OFF-LA-10002195,Office Supplies,27.72,9.00,13.31
CA-2017-144365,24-10-2017,CS-11950,OFF-FA-10000735,Office Supplies,11.68,4.00,5.26
CA-2016-110086,18-09-2016,BD-11320,TEC-PH-10001299,Technology,239.98,2.00,24.00
CA-2014-128524,11-11-2014,MZ-17515,OFF-AP-10002892,Office Supplies,22.98,1.00,6.89
CA-2014-128524,11-11-2014,MZ-17515,TEC-AC-10002718,Technology,102.13,7.00,15.32
CA-2014-128524,11-11-2014,MZ-17515,OFF-BI-10003527,Office Supplies,2033.58,2.00,762.59
CA-2016-140256,22-08-2016,PW-19030,OFF-AR-10002255,Office Supplies,5.76,2.00,1.67
CA-2017-160633,16-11-2017,BS-11380,TEC-CO-10002095,Technology,899.98,3.00,75.00
CA-2017-160633,16-11-2017,BS-11380,OFF-AR-10004022,Office Supplies,86.35,3.00,5.40
CA-2017-160633,16-11-2017,BS-11380,TEC-AC-10002335,Technology,139.96,5.00,-1.75
CA-2014-115133,26-09-2014,DA-13450,OFF-AP-10001634,Office Supplies,16.70,6.00,1.25
CA-2014-115133,26-09-2014,DA-13450,TEC-AC-10002370,Technology,3.15,2.00,0.47
CA-2014-115133,26-09-2014,DA-13450,OFF-PA-10000174,Office Supplies,32.90,4.00,11.10
CA-2017-137449,29-06-2017,ME-17725,OFF-AP-10000240,Office Supplies,21.39,2.00,-54.55
CA-2017-137449,29-06-2017,ME-17725,FUR-TA-10002855,Furniture,307.31,3.00,-39.51
CA-2017-137449,29-06-2017,ME-17725,FUR-BO-10000780,Furniture,410.00,3.00,-96.47
CA-2017-103520,23-09-2017,MH-17785,OFF-PA-10001846,Office Supplies,9.25,2.00,3.35
CA-2014-139283,23-11-2014,BT-11440,OFF-BI-10002049,Office Supplies,14.67,3.00,6.75
CA-2014-118192,13-01-2014,MM-17920,OFF-PA-10002947,Office Supplies,37.41,7.00,13.09
CA-2014-118192,13-01-2014,MM-17920,OFF-BI-10003476,Office Supplies,3.44,2.00,-2.52
CA-2016-168844,31-05-2016,NM-18520,OFF-BI-10002609,Office Supplies,7.15,3.00,2.32
CA-2016-168844,31-05-2016,NM-18520,TEC-PH-10003215,Technology,179.70,6.00,88.05
CA-2017-154809,13-02-2017,MH-17455,OFF-AP-10004785,Office Supplies,90.64,8.00,38.98
CA-2014-151330,14-10-2014,TC-21295,TEC-AC-10000865,Technology,177.00,3.00,30.09
CA-2014-151330,14-10-2014,TC-21295,OFF-ST-10000615,Office Supplies,79.45,7.00,22.25
CA-2014-151330,14-10-2014,TC-21295,FUR-CH-10000749,Furniture,1628.82,9.00,260.61
CA-2014-124702,18-11-2014,MH-17785,FUR-FU-10003553,Furniture,137.54,2.00,55.02
CA-2014-124702,18-11-2014,MH-17785,FUR-TA-10003008,Furniture,730.20,4.00,94.93
US-2017-125808,12-11-2017,EP-13915,OFF-PA-10001846,Office Supplies,11.56,2.00,5.66
CA-2015-116638,28-01-2015,JH-15985,FUR-TA-10000198,Furniture,4297.64,13.00,-1862.31
CA-2014-104563,07-03-2014,CM-12715,OFF-AR-10000390,Office Supplies,20.65,5.00,9.50
CA-2014-104563,07-03-2014,CM-12715,OFF-ST-10000934,Office Supplies,204.90,5.00,0.00
CA-2014-104563,07-03-2014,CM-12715,FUR-CH-10002780,Furniture,436.70,6.00,21.84
CA-2014-104563,07-03-2014,CM-12715,FUR-CH-10004495,Furniture,481.57,2.00,54.18
US-2017-107979,08-06-2017,FO-14305,TEC-AC-10002006,Technology,89.54,7.00,12.31
US-2017-107979,08-06-2017,FO-14305,OFF-ST-10002485,Office Supplies,35.17,2.00,-8.35
US-2017-107979,08-06-2017,FO-14305,OFF-BI-10000778,Office Supplies,72.59,2.00,-48.39
CA-2014-150518,19-11-2014,MW-18220,OFF-ST-10000877,Office Supplies,221.16,4.00,57.50
CA-2014-150518,19-11-2014,MW-18220,TEC-PH-10002103,Technology,281.97,3.00,78.95
CA-2016-107104,26-11-2016,MS-17365,FUR-BO-10002213,Furniture,3406.66,8.00,160.31
CA-2016-107104,26-11-2016,MS-17365,OFF-AR-10004269,Office Supplies,37.17,9.00,10.41
CA-2016-107104,26-11-2016,MS-17365,OFF-AP-10000055,Office Supplies,64.96,2.00,19.49
CA-2016-107104,26-11-2016,MS-17365,FUR-FU-10002937,Furniture,595.38,6.00,297.69
CA-2017-161893,23-01-2017,HP-14815,TEC-AC-10001874,Technology,95.98,2.00,12.00
CA-2017-161893,23-01-2017,HP-14815,OFF-BI-10004506,Office Supplies,4.94,2.00,-3.62
CA-2014-156160,22-09-2014,AS-10090,FUR-FU-10001876,Furniture,97.44,3.00,35.08
CA-2014-156160,22-09-2014,AS-10090,OFF-BI-10003355,Office Supplies,3.98,1.00,1.39
CA-2014-156160,22-09-2014,AS-10090,OFF-AR-10003876,Office Supplies,13.04,4.00,5.74
CA-2014-156160,22-09-2014,AS-10090,FUR-CH-10004983,Furniture,579.53,4.00,83.71
CA-2014-100860,26-03-2014,CS-12505,OFF-LA-10001982,Office Supplies,18.75,5.00,9.00
CA-2016-160717,06-06-2016,ME-17320,TEC-PH-10001459,Technology,3023.93,9.00,226.79
CA-2016-160717,06-06-2016,ME-17320,TEC-AC-10002134,Technology,26.96,2.00,3.77
CA-2016-160717,06-06-2016,ME-17320,TEC-PH-10001760,Technology,477.60,3.00,161.19
CA-2017-132619,31-08-2017,MS-17770,OFF-ST-10001511,Office Supplies,193.95,3.00,9.70
US-2015-120957,07-12-2015,KH-16690,OFF-PA-10003953,Office Supplies,12.96,2.00,6.22
CA-2017-157448,16-11-2017,LC-16885,FUR-FU-10003268,Furniture,119.94,3.00,23.99
CA-2017-157448,16-11-2017,LC-16885,FUR-FU-10001847,Furniture,12.42,3.00,4.47
CA-2016-126270,23-04-2016,AF-10870,OFF-BI-10002764,Office Supplies,18.09,7.00,6.56
CA-2016-126270,23-04-2016,AF-10870,OFF-EN-10004386,Office Supplies,71.97,3.00,35.99
CA-2017-145275,02-04-2017,AH-10465,OFF-LA-10001569,Office Supplies,14.94,3.00,6.87
CA-2015-133396,13-08-2015,GK-14620,OFF-AR-10001446,Office Supplies,64.68,7.00,8.09
US-2017-140312,13-11-2017,KL-16645,TEC-PH-10003442,Technology,22.00,5.00,1.38
CA-2016-114867,23-12-2016,FM-14290,OFF-PA-10000477,Office Supplies,7.97,2.00,2.69
CA-2016-114867,23-12-2016,FM-14290,TEC-PH-10002645,Technology,1499.97,5.00,-374.99
US-2014-164644,22-07-2014,JL-15850,OFF-ST-10003123,Office Supplies,26.63,1.00,1.33
CA-2016-137393,06-05-2016,GM-14500,FUR-FU-10001617,Furniture,41.60,4.00,14.14
US-2014-120175,28-11-2014,MC-17635,OFF-EN-10003862,Office Supplies,64.02,6.00,29.45
CA-2016-144785,18-04-2016,CS-12490,OFF-AR-10001573,Office Supplies,6.99,3.00,2.03
CA-2016-144785,18-04-2016,CS-12490,OFF-SU-10004290,Office Supplies,6.84,1.00,1.85
CA-2015-130113,27-12-2015,AH-10030,OFF-ST-10000046,Office Supplies,323.10,2.00,61.39
CA-2015-130113,27-12-2015,AH-10030,TEC-PH-10003505,Technology,668.16,9.00,75.17
CA-2017-122770,13-12-2017,EP-13915,OFF-LA-10004559,Office Supplies,8.64,3.00,4.23
CA-2017-122770,13-12-2017,EP-13915,OFF-PA-10003172,Office Supplies,38.88,6.00,18.66
CA-2017-122770,13-12-2017,EP-13915,FUR-FU-10001473,Furniture,201.04,8.00,54.28
CA-2017-122770,13-12-2017,EP-13915,OFF-PA-10000232,Office Supplies,12.96,2.00,6.35
CA-2017-118668,02-01-2017,FW-14395,TEC-AC-10000682,Technology,16.59,1.00,5.81
CA-2017-116498,30-05-2017,KA-16525,OFF-AR-10003405,Office Supplies,35.10,6.00,10.18
US-2017-130603,30-09-2017,SC-20050,OFF-BI-10000301,Office Supplies,11.65,9.00,-17.47
US-2017-135986,20-06-2017,PG-18895,OFF-PA-10001534,Office Supplies,32.40,5.00,15.55
US-2017-135986,20-06-2017,PG-18895,TEC-PH-10003691,Technology,503.96,4.00,125.99
CA-2017-140536,04-04-2017,TA-21385,OFF-AR-10001545,Office Supplies,7.04,4.00,2.04
CA-2015-130183,13-11-2015,PO-18850,FUR-BO-10001811,Furniture,614.00,3.00,-18.06
CA-2015-107902,28-08-2015,SM-20950,OFF-ST-10001837,Office Supplies,470.36,11.00,122.29
CA-2017-130148,24-09-2017,NK-18490,OFF-PA-10000551,Office Supplies,31.08,6.00,15.23
CA-2017-130148,24-09-2017,NK-18490,OFF-SU-10001574,Office Supplies,7.30,2.00,2.19
US-2016-151260,11-12-2016,SC-20695,OFF-AP-10002892,Office Supplies,73.54,4.00,9.19
CA-2014-144281,10-06-2014,HK-14890,OFF-LA-10003930,Office Supplies,491.55,5.00,240.86
CA-2016-122511,11-03-2016,BT-11485,FUR-FU-10001037,Furniture,30.34,4.00,9.48
CA-2017-154116,15-12-2017,KM-16660,OFF-PA-10004569,Office Supplies,22.83,3.00,10.73
CA-2017-154116,15-12-2017,KM-16660,OFF-AP-10000027,Office Supplies,54.32,4.00,16.30
CA-2017-154116,15-12-2017,KM-16660,TEC-PH-10000675,Technology,196.78,3.00,14.76
CA-2016-105291,30-10-2016,SP-20920,OFF-FA-10003059,Office Supplies,3.62,2.00,1.19
CA-2017-147032,31-07-2017,LB-16795,OFF-PA-10003256,Office Supplies,11.54,1.00,5.54
CA-2017-147032,31-07-2017,LB-16795,OFF-BI-10003656,Office Supplies,849.95,5.00,390.98
CA-2017-147032,31-07-2017,LB-16795,OFF-BI-10002897,Office Supplies,11.01,3.00,5.39
CA-2017-125990,19-10-2017,JS-16030,OFF-BI-10004826,Office Supplies,39.62,3.00,13.87
CA-2016-161746,21-10-2016,CS-11950,FUR-CH-10004626,Furniture,242.14,3.00,12.11
CA-2016-161746,21-10-2016,CS-11950,OFF-AR-10000390,Office Supplies,12.39,3.00,5.70
CA-2016-161746,21-10-2016,CS-11950,FUR-FU-10003731,Furniture,19.96,2.00,5.59
CA-2016-161746,21-10-2016,CS-11950,OFF-ST-10002743,Office Supplies,340.92,3.00,3.41
CA-2014-114251,05-11-2014,MD-17350,FUR-FU-10001468,Furniture,273.57,2.00,-34.20
CA-2014-114251,05-11-2014,MD-17350,OFF-BI-10003684,Office Supplies,13.19,2.00,-8.80
CA-2014-114251,05-11-2014,MD-17350,OFF-ST-10003716,Office Supplies,1080.10,6.00,-94.51
CA-2014-114251,05-11-2014,MD-17350,TEC-AC-10001101,Technology,51.56,5.00,-6.45
CA-2014-114251,05-11-2014,MD-17350,TEC-AC-10004864,Technology,58.42,2.00,16.79
CA-2016-116379,07-11-2016,LD-17005,OFF-BI-10001543,Office Supplies,57.58,2.00,20.15
US-2016-144477,12-08-2016,DB-13270,OFF-AR-10000914,Office Supplies,37.31,4.00,2.80
CA-2016-108210,30-05-2016,AT-10735,TEC-PH-10002293,Technology,79.96,5.00,8.00
CA-2016-108210,30-05-2016,AT-10735,TEC-AC-10000109,Technology,223.96,5.00,11.20
CA-2017-166835,12-11-2017,DK-13375,OFF-ST-10002574,Office Supplies,221.02,2.00,-55.26
CA-2016-119641,22-09-2016,CS-12250,FUR-FU-10002445,Furniture,18.96,2.00,7.58
CA-2016-105781,16-02-2016,JF-15565,FUR-CH-10001802,Furniture,326.65,3.00,39.92
CA-2016-105781,16-02-2016,JF-15565,TEC-AC-10003628,Technology,89.97,3.00,39.59
CA-2014-101364,22-12-2014,TW-21025,OFF-BI-10003984,Office Supplies,296.71,13.00,100.14
CA-2015-117898,05-12-2015,TB-21250,OFF-EN-10004459,Office Supplies,12.22,2.00,4.43
CA-2017-142293,17-09-2017,SC-20380,TEC-AC-10001109,Technology,89.97,3.00,37.79
CA-2017-167395,02-12-2017,KM-16720,OFF-AP-10001293,Office Supplies,286.86,7.00,80.32
CA-2017-167395,02-12-2017,KM-16720,TEC-PH-10004977,Technology,979.95,5.00,284.19
CA-2017-167395,02-12-2017,KM-16720,OFF-SU-10001935,Office Supplies,4.36,2.00,0.17
CA-2014-111962,29-09-2014,EB-14170,OFF-BI-10001308,Office Supplies,10.05,2.00,3.14
CA-2014-111962,29-09-2014,EB-14170,OFF-ST-10000046,Office Supplies,807.75,5.00,153.47
CA-2017-124261,14-11-2017,JE-15715,OFF-AR-10003504,Office Supplies,34.24,8.00,9.93
CA-2014-114321,20-08-2014,NC-18535,FUR-CH-10001797,Furniture,500.24,13.00,145.07
CA-2014-114321,20-08-2014,NC-18535,OFF-PA-10000246,Office Supplies,20.12,2.00,9.26
CA-2014-114321,20-08-2014,NC-18535,OFF-BI-10001359,Office Supplies,896.99,1.00,421.59
CA-2014-128062,19-11-2014,AD-10180,OFF-PA-10001583,Office Supplies,5.88,1.00,1.98
US-2015-100069,29-06-2015,NF-18475,TEC-PH-10004667,Technology,269.98,2.00,72.89
CA-2017-129294,16-03-2017,KD-16615,OFF-ST-10002615,Office Supplies,310.12,2.00,80.63
CA-2017-129294,16-03-2017,KD-16615,OFF-BI-10004236,Office Supplies,70.46,6.00,22.90
CA-2017-129294,16-03-2017,KD-16615,OFF-BI-10001757,Office Supplies,19.68,5.00,6.89
CA-2017-129294,16-03-2017,KD-16615,OFF-AP-10001154,Office Supplies,140.67,3.00,54.86
CA-2015-117086,08-11-2015,QJ-19255,FUR-BO-10004834,Furniture,4404.90,5.00,1013.13
CA-2017-131303,28-11-2017,EP-13915,OFF-LA-10001074,Office Supplies,62.65,5.00,29.45
CA-2016-137127,16-06-2016,JJ-15445,OFF-LA-10001641,Office Supplies,9.45,3.00,4.54
CA-2017-141782,21-01-2017,BE-11410,OFF-EN-10002230,Office Supplies,268.58,4.00,90.64
CA-2017-137505,24-11-2017,BP-11290,FUR-TA-10000617,Furniture,364.08,2.00,9.10
CA-2017-137505,24-11-2017,BP-11290,FUR-TA-10001676,Furniture,71.09,2.00,-1.78
US-2014-140914,11-11-2014,BH-11710,FUR-FU-10000175,Furniture,10.98,2.00,-7.96
US-2014-140914,11-11-2014,BH-11710,FUR-CH-10003379,Furniture,797.94,4.00,-57.00
CA-2016-158358,04-03-2016,EM-13810,TEC-AC-10002567,Technology,159.98,2.00,57.59
CA-2016-113390,11-10-2016,EP-13915,OFF-AR-10003183,Office Supplies,5.34,2.00,0.67
CA-2016-113390,11-10-2016,EP-13915,OFF-AR-10001446,Office Supplies,27.72,3.00,3.47
US-2016-158680,01-07-2016,NZ-18565,OFF-BI-10000145,Office Supplies,2.50,1.00,0.90
CA-2017-113705,27-03-2017,LC-16870,OFF-LA-10000476,Office Supplies,8.26,2.00,3.80
CA-2017-113705,27-03-2017,LC-16870,OFF-BI-10001679,Office Supplies,17.76,2.00,8.88
CA-2017-113705,27-03-2017,LC-16870,OFF-ST-10001128,Office Supplies,332.94,3.00,9.99
CA-2017-113705,27-03-2017,LC-16870,FUR-TA-10002533,Furniture,292.10,2.00,58.42
CA-2017-113705,27-03-2017,LC-16870,TEC-PH-10004006,Technology,206.10,5.00,55.65
CA-2017-113705,27-03-2017,LC-16870,OFF-PA-10002615,Office Supplies,17.64,4.00,8.11
CA-2016-146913,31-10-2016,SF-20965,FUR-CH-10001854,Furniture,1403.92,5.00,70.20
CA-2017-159135,04-11-2017,KM-16375,OFF-AR-10000657,Office Supplies,4.30,2.00,1.42
CA-2014-121762,14-02-2014,ML-17395,TEC-AC-10000736,Technology,239.97,3.00,86.39
CA-2014-121762,14-02-2014,ML-17395,OFF-AP-10001293,Office Supplies,81.96,2.00,22.95
CA-2014-121762,14-02-2014,ML-17395,OFF-SU-10000157,Office Supplies,238.62,2.00,4.77
CA-2014-123855,18-06-2014,MC-18100,TEC-PH-10000215,Technology,139.80,5.00,12.23
CA-2017-101959,28-02-2017,DB-13660,OFF-BI-10001757,Office Supplies,9.84,2.00,4.72
CA-2017-101959,28-02-2017,DB-13660,OFF-PA-10002137,Office Supplies,7.78,1.00,3.50
CA-2017-102659,09-12-2017,LW-17215,OFF-BI-10000088,Office Supplies,54.90,5.00,26.90
CA-2017-142328,07-12-2017,TC-21535,OFF-PA-10000380,Office Supplies,50.04,6.00,25.02
CA-2016-123533,24-11-2016,SC-20050,FUR-BO-10001619,Furniture,339.92,5.00,8.50
CA-2016-123533,24-11-2016,SC-20050,OFF-PA-10001609,Office Supplies,10.53,4.00,3.42
CA-2016-123533,24-11-2016,SC-20050,OFF-AP-10002765,Office Supplies,42.38,2.00,4.24
CA-2016-104983,03-07-2016,FM-14215,OFF-PA-10000167,Office Supplies,123.92,5.00,38.73
CA-2016-160234,26-06-2016,PF-19225,TEC-PH-10004434,Technology,135.95,1.00,39.43
CA-2014-169019,26-07-2014,LF-17185,OFF-BI-10004995,Office Supplies,2177.58,8.00,-3701.89
CA-2014-169019,26-07-2014,LF-17185,FUR-FU-10004666,Furniture,17.50,3.00,-10.06
CA-2014-169019,26-07-2014,LF-17185,OFF-BI-10001524,Office Supplies,16.78,4.00,-26.85
CA-2014-169019,26-07-2014,LF-17185,TEC-AC-10002076,Technology,431.14,9.00,-26.95
CA-2014-169019,26-07-2014,LF-17185,OFF-BI-10001679,Office Supplies,8.88,5.00,-13.32
CA-2014-169019,26-07-2014,LF-17185,OFF-AP-10003281,Office Supplies,4.84,2.00,-12.09
CA-2016-153178,14-09-2016,CL-12565,TEC-PH-10001944,Technology,437.85,3.00,131.36
CA-2016-153178,14-09-2016,CL-12565,OFF-BI-10004390,Office Supplies,673.57,2.00,252.59
CA-2015-149748,31-05-2015,EM-13825,OFF-PA-10002120,Office Supplies,274.80,5.00,134.65
CA-2015-149748,31-05-2015,EM-13825,OFF-ST-10004340,Office Supplies,62.18,1.00,16.79
CA-2015-149748,31-05-2015,EM-13825,FUR-FU-10001847,Furniture,8.28,2.00,2.98
CA-2015-155635,09-05-2015,ME-17725,OFF-BI-10000962,Office Supplies,48.81,3.00,23.92
US-2014-114377,05-11-2014,BG-11035,FUR-CH-10004754,Furniture,149.90,5.00,40.47
CA-2017-144491,27-03-2017,CJ-12010,FUR-BO-10001811,Furniture,1023.33,5.00,-30.10
CA-2017-144491,27-03-2017,CJ-12010,FUR-CH-10004063,Furniture,600.56,3.00,-8.58
CA-2017-144491,27-03-2017,CJ-12010,TEC-AC-10004901,Technology,39.99,1.00,7.00
CA-2017-144491,27-03-2017,CJ-12010,FUR-CH-10001714,Furniture,211.25,2.00,-66.39
CA-2014-127166,21-05-2014,KH-16360,OFF-EN-10003134,Office Supplies,56.06,6.00,21.02
CA-2014-127166,21-05-2014,KH-16360,FUR-CH-10003396,Furniture,107.77,2.00,-29.25
CA-2014-127166,21-05-2014,KH-16360,OFF-PA-10001560,Office Supplies,4.83,1.00,1.63
CA-2014-127166,21-05-2014,KH-16360,OFF-BI-10000977,Office Supplies,18.24,3.00,-31.01
CA-2016-125920,21-05-2016,SH-19975,OFF-BI-10003429,Office Supplies,3.80,3.00,-5.89
CA-2015-128608,12-01-2015,CS-12490,OFF-AR-10001374,Office Supplies,10.37,2.00,1.56
CA-2015-128608,12-01-2015,CS-12490,TEC-PH-10004977,Technology,235.19,2.00,-43.12
CA-2015-128608,12-01-2015,CS-12490,TEC-PH-10000912,Technology,26.38,4.00,2.64
CA-2015-128608,12-01-2015,CS-12490,TEC-AC-10000487,Technology,10.38,2.00,2.21
CA-2015-128608,12-01-2015,CS-12490,TEC-PH-10002262,Technology,107.12,3.00,-21.42
CA-2017-137918,29-09-2017,JK-15730,OFF-SU-10000898,Office Supplies,97.30,7.00,28.22
CA-2015-122973,18-07-2015,PJ-19015,OFF-BI-10004182,Office Supplies,3.33,2.00,1.21
CA-2015-122973,18-07-2015,PJ-19015,TEC-PH-10002468,Technology,135.99,1.00,36.72
CA-2015-122973,18-07-2015,PJ-19015,FUR-FU-10002364,Furniture,7.38,1.00,2.14
CA-2016-136322,21-10-2016,AP-10720,FUR-FU-10002878,Furniture,45.57,2.00,9.68
CA-2016-136322,21-10-2016,AP-10720,OFF-BI-10004817,Office Supplies,28.75,8.00,-21.08
CA-2017-107209,27-07-2017,JW-15955,FUR-CH-10001146,Furniture,194.85,4.00,12.18
CA-2017-145093,21-07-2017,PT-19090,OFF-BI-10001116,Office Supplies,2.11,2.00,-3.38
US-2014-139640,07-11-2014,TB-21595,OFF-PA-10000304,Office Supplies,25.92,5.00,9.07
US-2014-139640,07-11-2014,TB-21595,OFF-AR-10002240,Office Supplies,120.77,4.00,9.06
CA-2016-117583,27-11-2016,CB-12025,OFF-PA-10001246,Office Supplies,25.92,4.00,12.44
CA-2016-117583,27-11-2016,CB-12025,OFF-AR-10000658,Office Supplies,34.65,3.00,9.70
CA-2016-117583,27-11-2016,CB-12025,OFF-PA-10000100,Office Supplies,204.95,5.00,100.43
CA-2016-117583,27-11-2016,CB-12025,OFF-BI-10004233,Office Supplies,79.95,5.00,38.38
CA-2015-162201,08-06-2015,AG-10495,OFF-PA-10002581,Office Supplies,173.49,7.00,54.22
CA-2015-162201,08-06-2015,AG-10495,OFF-ST-10000046,Office Supplies,516.96,4.00,-6.46
CA-2015-162201,08-06-2015,AG-10495,FUR-FU-10001185,Furniture,173.21,7.00,45.47
CA-2015-162201,08-06-2015,AG-10495,OFF-AR-10003856,Office Supplies,4.45,2.00,0.33
CA-2015-162201,08-06-2015,AG-10495,OFF-LA-10001982,Office Supplies,9.00,3.00,3.15
CA-2015-162201,08-06-2015,AG-10495,OFF-PA-10001215,Office Supplies,42.24,10.00,13.20
CA-2015-162201,08-06-2015,AG-10495,OFF-BI-10002429,Office Supplies,18.26,2.00,-13.39
US-2014-164406,15-08-2014,BD-11605,OFF-AP-10003287,Office Supplies,152.91,3.00,42.81
US-2014-164406,15-08-2014,BD-11605,OFF-PA-10000167,Office Supplies,92.94,3.00,41.82
US-2014-164406,15-08-2014,BD-11605,OFF-BI-10002309,Office Supplies,17.86,4.00,6.25
US-2014-164406,15-08-2014,BD-11605,OFF-BI-10003638,Office Supplies,46.44,3.00,15.09
US-2014-164406,15-08-2014,BD-11605,FUR-CH-10003833,Furniture,195.14,4.00,-12.20
CA-2017-169999,19-06-2017,JS-15685,OFF-ST-10001511,Office Supplies,129.30,2.00,6.47
CA-2017-169999,19-06-2017,JS-15685,OFF-BI-10004728,Office Supplies,11.57,3.00,3.76
US-2017-152842,16-07-2017,NF-18385,FUR-CH-10004218,Furniture,242.35,3.00,15.15
CA-2014-113257,16-12-2014,SC-20305,TEC-AC-10004171,Technology,319.97,4.00,95.99
CA-2014-113257,16-12-2014,SC-20305,FUR-FU-10001706,Furniture,8.62,7.00,-2.59
CA-2014-133963,18-05-2014,GA-14515,OFF-PA-10001526,Office Supplies,3.98,1.00,1.44
CA-2017-130302,14-09-2017,CY-12745,TEC-AC-10002001,Technology,895.94,7.00,190.39
CA-2016-126627,10-10-2016,WB-21850,FUR-FU-10004963,Furniture,14.00,4.00,-6.30
CA-2016-126627,10-10-2016,WB-21850,OFF-BI-10001597,Office Supplies,16.39,2.00,-26.23
US-2016-125402,25-09-2016,DL-12865,OFF-PA-10000141,Office Supplies,10.90,5.00,5.12
US-2016-125402,25-09-2016,DL-12865,OFF-LA-10003923,Office Supplies,29.60,2.00,14.80
US-2016-125402,25-09-2016,DL-12865,OFF-LA-10001771,Office Supplies,4.98,1.00,2.29
US-2016-125402,25-09-2016,DL-12865,TEC-CO-10001943,Technology,479.98,3.00,161.99
US-2016-125402,25-09-2016,DL-12865,TEC-PH-10003356,Technology,44.74,8.00,4.47
US-2016-125402,25-09-2016,DL-12865,OFF-AR-10002255,Office Supplies,5.76,2.00,1.67
US-2016-125402,25-09-2016,DL-12865,FUR-CH-10000665,Furniture,483.14,4.00,60.39
CA-2014-163867,03-06-2014,RE-19450,OFF-LA-10001771,Office Supplies,15.94,4.00,5.18
CA-2014-163867,03-06-2014,RE-19450,FUR-FU-10001475,Furniture,61.54,7.00,-40.00
CA-2014-163867,03-06-2014,RE-19450,OFF-ST-10000877,Office Supplies,132.70,3.00,9.95
CA-2017-169327,02-09-2017,MH-17290,OFF-AP-10001492,Office Supplies,43.10,5.00,11.21
CA-2017-169327,02-09-2017,MH-17290,FUR-FU-10004188,Furniture,511.50,5.00,132.99
CA-2017-169327,02-09-2017,MH-17290,OFF-BI-10004330,Office Supplies,147.92,5.00,46.23
CA-2014-142979,12-04-2014,EH-13765,OFF-AR-10002987,Office Supplies,39.68,2.00,16.27
CA-2016-158155,02-05-2016,EH-13765,FUR-FU-10000732,Furniture,12.56,2.00,4.02
CA-2016-158155,02-05-2016,EH-13765,OFF-BI-10001670,Office Supplies,90.48,3.00,33.93
CA-2016-158155,02-05-2016,EH-13765,OFF-PA-10000533,Office Supplies,13.08,2.00,6.02
CA-2016-158155,02-05-2016,EH-13765,FUR-FU-10002253,Furniture,214.70,5.00,83.73
CA-2017-138870,19-06-2017,GA-14515,FUR-FU-10002396,Furniture,50.32,4.00,21.13
CA-2017-138870,19-06-2017,GA-14515,OFF-PA-10004438,Office Supplies,24.56,2.00,11.54
CA-2014-120950,06-11-2014,GA-14515,OFF-PA-10000587,Office Supplies,43.68,6.00,20.97
CA-2015-164301,26-03-2015,EB-13840,FUR-TA-10001889,Furniture,3393.68,8.00,610.86
CA-2017-113278,14-01-2017,HR-14770,OFF-ST-10001590,Office Supplies,67.40,5.00,17.52
CA-2017-113278,14-01-2017,HR-14770,OFF-FA-10003472,Office Supplies,2.52,2.00,0.10
CA-2017-113278,14-01-2017,HR-14770,TEC-PH-10000169,Technology,67.80,4.00,1.36
CA-2017-113278,14-01-2017,HR-14770,OFF-ST-10002562,Office Supplies,18.76,2.00,5.25
CA-2017-113278,14-01-2017,HR-14770,TEC-AC-10001445,Technology,12.12,4.00,2.55
CA-2017-113278,14-01-2017,HR-14770,OFF-PA-10004156,Office Supplies,11.34,1.00,5.56
CA-2017-113278,14-01-2017,HR-14770,TEC-AC-10004469,Technology,159.80,4.00,70.31
CA-2017-113278,14-01-2017,HR-14770,FUR-FU-10001037,Furniture,18.96,2.00,8.53
US-2015-116981,26-03-2015,SM-20950,OFF-ST-10002615,Office Supplies,1085.42,7.00,282.21
US-2015-116981,26-03-2015,SM-20950,OFF-AP-10000595,Office Supplies,13.11,3.00,3.41
CA-2014-114195,01-11-2014,EA-14035,FUR-FU-10002253,Furniture,68.70,2.00,16.32
CA-2014-114195,01-11-2014,EA-14035,OFF-BI-10000494,Office Supplies,3.13,2.00,-2.61
CA-2014-114195,01-11-2014,EA-14035,OFF-BI-10001658,Office Supplies,22.43,3.00,-17.94
CA-2017-146269,06-10-2017,MH-17455,OFF-ST-10003208,Office Supplies,290.34,2.00,32.66
CA-2017-146269,06-10-2017,MH-17455,OFF-AR-10004790,Office Supplies,19.15,2.00,1.20
CA-2016-100587,10-12-2016,SL-20155,OFF-PA-10004609,Office Supplies,6.48,1.00,3.11
CA-2016-166653,22-09-2016,NP-18685,OFF-EN-10003055,Office Supplies,63.97,2.00,19.99
CA-2015-130855,29-12-2015,RF-19840,OFF-SU-10003936,Office Supplies,6.36,2.00,0.06
US-2017-166324,20-04-2017,BE-11455,OFF-ST-10000078,Office Supplies,848.54,4.00,-21.21
US-2017-166324,20-04-2017,BE-11455,OFF-BI-10000174,Office Supplies,8.70,5.00,-6.38
US-2017-166324,20-04-2017,BE-11455,TEC-PH-10004080,Technology,122.38,3.00,-24.48
CA-2016-122581,21-08-2016,JK-15370,FUR-CH-10002961,Furniture,573.17,7.00,63.69
CA-2015-104297,29-05-2015,CC-12100,OFF-PA-10000474,Office Supplies,85.06,3.00,28.71
CA-2014-153927,12-08-2014,LL-16840,OFF-BI-10000138,Office Supplies,14.04,3.00,6.74
CA-2014-153927,12-08-2014,LL-16840,TEC-AC-10000023,Technology,272.61,13.00,98.14
CA-2014-112291,03-04-2014,KE-16420,OFF-EN-10001415,Office Supplies,11.16,2.00,5.58
CA-2014-112291,03-04-2014,KE-16420,TEC-AC-10001284,Technology,62.31,3.00,22.43
CA-2014-112291,03-04-2014,KE-16420,TEC-AC-10000736,Technology,159.98,2.00,57.59
CA-2014-146997,23-01-2014,SG-20605,OFF-FA-10003467,Office Supplies,5.94,3.00,0.00
CA-2017-169607,12-10-2017,CA-12265,OFF-PA-10000477,Office Supplies,9.96,2.00,4.68
CA-2015-127544,08-08-2015,RD-19585,TEC-AC-10000736,Technology,79.99,1.00,28.80
CA-2017-166499,19-03-2017,VG-21805,OFF-AR-10002467,Office Supplies,8.94,3.00,2.41
US-2016-115441,25-07-2016,SH-19975,OFF-PA-10004996,Office Supplies,20.62,2.00,9.69
US-2016-115441,25-07-2016,SH-19975,TEC-AC-10003116,Technology,124.25,7.00,48.46
US-2016-115441,25-07-2016,SH-19975,TEC-PH-10002262,Technology,297.55,5.00,83.31
US-2016-115441,25-07-2016,SH-19975,FUR-CH-10004626,Furniture,403.56,4.00,96.85
US-2016-115441,25-07-2016,SH-19975,FUR-FU-10001756,Furniture,95.20,5.00,27.61
CA-2014-115049,26-09-2014,MM-17920,TEC-AC-10004859,Technology,153.82,11.00,38.46
CA-2014-156342,17-06-2014,JF-15415,OFF-PA-10001725,Office Supplies,62.02,2.00,22.48
CA-2016-112830,06-06-2016,LP-17095,FUR-FU-10004306,Furniture,466.32,3.00,34.97
CA-2016-112830,06-06-2016,LP-17095,FUR-FU-10004845,Furniture,82.64,2.00,0.00
US-2014-117380,28-03-2014,MP-18175,FUR-TA-10000198,Furniture,330.59,1.00,-143.25
CA-2017-117646,21-08-2017,SC-20845,OFF-ST-10000036,Office Supplies,237.10,3.00,20.75
CA-2017-117646,21-08-2017,SC-20845,FUR-FU-10001037,Furniture,22.75,3.00,7.11
CA-2017-117646,21-08-2017,SC-20845,OFF-PA-10001950,Office Supplies,6.67,1.00,2.09
CA-2014-122609,12-11-2014,DP-13000,FUR-FU-10004587,Furniture,25.13,3.00,-6.91
CA-2014-122609,12-11-2014,DP-13000,TEC-AC-10002567,Technology,127.98,2.00,25.60
US-2015-129007,13-09-2015,KD-16615,FUR-FU-10004973,Furniture,131.88,7.00,55.39
US-2015-129007,13-09-2015,KD-16615,OFF-BI-10001628,Office Supplies,25.03,3.00,7.82
US-2015-129007,13-09-2015,KD-16615,FUR-CH-10000155,Furniture,717.72,3.00,71.77
US-2015-129007,13-09-2015,KD-16615,FUR-FU-10002379,Furniture,207.35,5.00,24.88
US-2015-129007,13-09-2015,KD-16615,FUR-FU-10004018,Furniture,44.67,3.00,12.06
US-2015-129007,13-09-2015,KD-16615,OFF-PA-10000994,Office Supplies,209.70,2.00,100.66
US-2014-157231,05-04-2014,RP-19855,OFF-BI-10002852,Office Supplies,115.36,7.00,56.53
CA-2015-132388,10-10-2015,KN-16390,FUR-CH-10001714,Furniture,362.14,3.00,-54.32
CA-2015-132388,10-10-2015,KN-16390,OFF-LA-10000414,Office Supplies,31.05,3.00,14.90
CA-2017-160927,29-01-2017,TM-21010,OFF-PA-10003848,Office Supplies,12.96,2.00,6.22
CA-2017-160927,29-01-2017,TM-21010,OFF-PA-10000176,Office Supplies,94.85,5.00,45.53
CA-2017-160927,29-01-2017,TM-21010,OFF-ST-10001590,Office Supplies,13.48,1.00,3.50
CA-2017-160927,29-01-2017,TM-21010,FUR-FU-10000010,Furniture,14.91,3.00,4.62
CA-2015-105508,24-09-2015,JF-15190,OFF-EN-10003055,Office Supplies,39.98,1.00,17.99
CA-2016-149272,15-03-2016,MY-18295,FUR-CH-10000863,Furniture,528.43,5.00,-143.43
CA-2016-149272,15-03-2016,MY-18295,OFF-BI-10004233,Office Supplies,22.39,7.00,-35.82
CA-2014-111360,24-11-2014,AT-10435,OFF-BI-10003350,Office Supplies,5.74,3.00,-4.59
US-2017-162124,06-05-2017,JF-15490,TEC-AC-10001990,Technology,191.97,4.00,28.80
CA-2015-159534,20-03-2015,DH-13075,OFF-BI-10003982,Office Supplies,49.85,3.00,16.82
CA-2015-159534,20-03-2015,DH-13075,OFF-EN-10004386,Office Supplies,23.99,1.00,12.00
CA-2015-159534,20-03-2015,DH-13075,OFF-BI-10003656,Office Supplies,1087.94,8.00,353.58
CA-2015-159534,20-03-2015,DH-13075,TEC-PH-10002310,Technology,199.98,2.00,53.99
CA-2015-159534,20-03-2015,DH-13075,OFF-ST-10001172,Office Supplies,83.92,4.00,20.14
CA-2016-129630,04-09-2016,IM-15055,FUR-FU-10000260,Furniture,24.27,3.00,8.74
CA-2016-129630,04-09-2016,IM-15055,TEC-CO-10003763,Technology,2799.96,5.00,944.99
CA-2015-104948,13-11-2015,KH-16510,OFF-BI-10001267,Office Supplies,9.87,2.00,3.46
CA-2015-104948,13-11-2015,KH-16510,FUR-BO-10004357,Furniture,683.33,4.00,-40.20
CA-2015-104948,13-11-2015,KH-16510,OFF-PA-10004610,Office Supplies,29.96,7.00,13.48
CA-2014-166555,11-07-2014,JK-15205,TEC-PH-10004912,Technology,164.85,3.00,47.81
CA-2016-114405,07-04-2016,AS-10240,OFF-AP-10003278,Office Supplies,33.53,3.00,2.51
CA-2016-114405,07-04-2016,AS-10240,OFF-ST-10001627,Office Supplies,36.74,3.00,3.67
CA-2017-132955,24-06-2017,SC-20575,OFF-BI-10002735,Office Supplies,102.93,3.00,48.38
CA-2016-164889,03-06-2016,CP-12340,FUR-TA-10001676,Furniture,71.09,2.00,-1.78
CA-2016-169824,12-12-2016,NS-18640,FUR-FU-10004864,Furniture,60.35,5.00,19.92
CA-2016-169824,12-12-2016,NS-18640,OFF-SU-10000952,Office Supplies,35.52,4.00,9.95
CA-2016-169824,12-12-2016,NS-18640,OFF-AR-10000462,Office Supplies,11.20,7.00,4.82
CA-2017-164028,24-11-2017,JL-15835,TEC-AC-10001772,Technology,223.58,14.00,87.20
CA-2014-143371,28-12-2014,MD-17350,OFF-ST-10001128,Office Supplies,998.82,9.00,29.96
CA-2014-143371,28-12-2014,MD-17350,OFF-SU-10002537,Office Supplies,51.15,5.00,13.30
CA-2015-145415,12-04-2015,RD-19660,OFF-ST-10000419,Office Supplies,40.74,3.00,0.41
CA-2014-111157,02-03-2014,NH-18610,OFF-PA-10000327,Office Supplies,3.42,1.00,1.07
CA-2014-111157,02-03-2014,NH-18610,TEC-AC-10004353,Technology,151.20,3.00,32.13
CA-2017-121559,01-06-2017,HW-14935,FUR-CH-10003746,Furniture,1925.88,6.00,539.25
CA-2017-121559,01-06-2017,HW-14935,OFF-AP-10002945,Office Supplies,2405.20,8.00,793.72
CA-2017-121559,01-06-2017,HW-14935,TEC-AC-10004568,Technology,83.97,3.00,15.95
CA-2017-121559,01-06-2017,HW-14935,TEC-AC-10001714,Technology,39.89,1.00,14.76
CA-2017-121559,01-06-2017,HW-14935,OFF-BI-10002072,Office Supplies,17.38,2.00,8.69
CA-2015-141593,14-12-2015,DB-12970,OFF-BI-10001153,Office Supplies,55.26,2.00,20.72
CA-2015-141593,14-12-2015,DB-12970,OFF-PA-10004983,Office Supplies,6.48,1.00,3.11
CA-2015-141593,14-12-2015,DB-12970,OFF-BI-10000948,Office Supplies,34.25,3.00,11.56
CA-2015-141593,14-12-2015,DB-12970,FUR-TA-10002622,Furniture,273.57,2.00,10.26
US-2014-143287,11-11-2014,KN-16705,OFF-PA-10001776,Office Supplies,46.35,5.00,21.78
US-2014-143287,11-11-2014,KN-16705,OFF-PA-10004039,Office Supplies,223.92,4.00,109.72
US-2014-143287,11-11-2014,KN-16705,OFF-SU-10001574,Office Supplies,7.30,2.00,2.19
CA-2017-137421,06-10-2017,AJ-10945,OFF-AR-10001761,Office Supplies,9.34,2.00,1.87
CA-2017-141446,16-09-2017,CL-12700,TEC-AC-10002305,Technology,18.00,1.00,3.24
CA-2015-168088,19-03-2015,CM-12655,OFF-PA-10000675,Office Supplies,65.58,2.00,23.77
CA-2015-168088,19-03-2015,CM-12655,FUR-BO-10004218,Furniture,383.47,4.00,-67.67
CA-2015-143700,26-07-2015,AS-10240,OFF-PA-10003072,Office Supplies,10.37,2.00,3.63
CA-2016-146374,05-12-2016,HE-14800,FUR-FU-10002671,Furniture,13.40,1.00,6.43
CA-2016-146374,05-12-2016,HE-14800,OFF-PA-10000349,Office Supplies,4.98,1.00,2.34
CA-2016-146374,05-12-2016,HE-14800,OFF-EN-10004483,Office Supplies,109.69,7.00,51.55
CA-2017-153871,11-12-2017,RB-19435,OFF-BI-10004209,Office Supplies,40.20,5.00,18.09
CA-2017-153871,11-12-2017,RB-19435,OFF-BI-10004600,Office Supplies,735.98,2.00,331.19
CA-2017-153871,11-12-2017,RB-19435,OFF-AP-10003622,Office Supplies,22.75,7.00,6.60
CA-2015-103772,28-06-2015,MP-17470,OFF-BI-10002867,Office Supplies,119.56,2.00,55.00
CA-2015-103772,28-06-2015,MP-17470,OFF-AR-10000538,Office Supplies,140.75,5.00,42.23
CA-2016-130225,11-09-2016,RC-19960,OFF-EN-10000056,Office Supplies,99.57,2.00,33.60
US-2016-103674,06-12-2016,AP-10720,TEC-PH-10004080,Technology,271.96,5.00,27.20
US-2016-103674,06-12-2016,AP-10720,OFF-AR-10004752,Office Supplies,18.69,7.00,5.23
US-2016-103674,06-12-2016,AP-10720,OFF-PA-10000743,Office Supplies,13.36,2.00,6.41
US-2016-103674,06-12-2016,AP-10720,TEC-PH-10002496,Technology,249.58,2.00,31.20
US-2016-103674,06-12-2016,AP-10720,OFF-FA-10003467,Office Supplies,13.86,7.00,0.00
US-2016-103674,06-12-2016,AP-10720,OFF-BI-10003727,Office Supplies,13.38,4.00,4.68
US-2016-103674,06-12-2016,AP-10720,OFF-BI-10002026,Office Supplies,437.47,14.00,153.12
US-2015-151435,06-09-2015,SW-20455,FUR-TA-10001039,Furniture,85.98,1.00,22.35
CA-2017-163566,03-08-2017,TB-21055,OFF-LA-10004484,Office Supplies,16.52,5.00,5.37
US-2016-157728,22-09-2016,RC-19960,OFF-PA-10002195,Office Supplies,35.56,7.00,16.71
US-2016-157728,22-09-2016,RC-19960,TEC-PH-10001305,Technology,97.98,2.00,27.43
CA-2015-100251,17-05-2015,DV-13465,OFF-LA-10003766,Office Supplies,31.50,10.00,15.12
CA-2015-100251,17-05-2015,DV-13465,OFF-SU-10000898,Office Supplies,55.60,4.00,16.12
CA-2016-125794,29-09-2016,ML-17410,TEC-AC-10003399,Technology,36.24,1.00,15.22
CA-2017-163629,17-11-2017,RA-19885,TEC-AC-10001539,Technology,79.99,1.00,28.80
CA-2017-163629,17-11-2017,RA-19885,TEC-PH-10004006,Technology,206.10,5.00,55.65
CA-2014-110422,21-01-2014,TB-21400,FUR-FU-10001889,Furniture,25.25,3.00,4.10
CA-2017-121258,26-02-2017,DB-13060,FUR-FU-10000747,Furniture,91.96,2.00,15.63
CA-2017-121258,26-02-2017,DB-13060,TEC-PH-10003645,Technology,258.58,2.00,19.39
CA-2017-121258,26-02-2017,DB-13060,OFF-PA-10004041,Office Supplies,29.60,4.00,13.32
CA-2017-119914,04-05-2017,CC-12220,OFF-AP-10002684,Office Supplies,243.16,2.00,72.95
